Age,Gender,Branch,Average GPA,Backlogs,Attendance (%),Clubs,Skills,Internship Done,Internship Domain,Placement Status,Placement Domain,CTC (LPA),Alumni Path,Sem1 GPA,Sem2 GPA,Sem3 GPA,Sem4 GPA,Sem5 GPA,Sem6 GPA,Sem7 GPA,Sem8 GPA,Skill_Count,Club_Count
21.0,Male,MECH,6.99,0.0,70.45,"Literary Society, Robotics","C++, Machine Learning, Python, Java",1,Consulting,0.0,Unknown,0.0,Unknown,8.34,5.24,6.06,7.81,7.18,7.04,8.26,5.99,4,2
19.0,Male,ECE,6.46,0.0,65.45,"Literary Society, Coding Club","C++, SQL, Web Development",0,Unknown,0.0,Unknown,0.0,Unknown,7.37,6.37,6.45,5.99,6.55,6.99,6.46,5.52,3,2
19.0,Female,CIVIL,7.08,0.0,84.79,Literary Society,"Data Science, SQL, Machine Learning",1,Research,0.0,Unknown,0.0,Unknown,5.79,8.82,7.03,6.92,7.67,6.01,7.75,6.62,3,1
23.0,Male,ECE,6.92,2.0,62.26,"Coding Club, Entrepreneurship Cell","Python, SQL, Java",0,Unknown,1.0,Core Engineering,5.89,Research,7.9,4.26,8.19,7.52,8.32,6.8,4.94,7.43,3,2
20.0,Male,EEE,7.09,0.0,97.12,Robotics,"C++, SQL, Java, Python",1,Higher Studies,0.0,Unknown,0.0,Unknown,6.86,6.24,7.64,7.15,5.91,6.18,8.19,8.54,4,1
19.0,Male,MECH,7.36,0.0,62.56,Sports Club,"SQL, Python",1,Research,1.0,Higher Studies,6.05,Startup,5.44,9.08,8.13,8.46,7.03,6.64,6.33,7.81,2,1
18.0,Female,MECH,7.06,2.0,82.62,"Entrepreneurship Cell, Robotics, Cultural Club","Web Development, C++, Machine Learning",0,Unknown,0.0,Unknown,0.0,Unknown,7.12,7.23,8.52,7.29,8.39,6.22,5.4,6.35,3,3
23.0,Male,IT,6.67,0.0,97.72,"Literary Society, Cultural Club, Sports Club","C++, Java, Web Development, SQL, Python",1,Software,1.0,Higher Studies,8.49,Higher Studies,6.74,6.63,8.27,6.71,4.34,7.35,6.6,6.71,5,3
18.0,Male,EEE,7.34,1.0,74.15,"Entrepreneurship Cell, Literary Society, Cultural Club","Python, SQL, C++, Web Development, Java",0,Unknown,0.0,Unknown,0.0,Unknown,7.91,6.08,7.71,5.67,9.76,6.78,6.68,8.14,5,3
18.0,Male,CSE,7.19,0.0,76.12,"Coding Club, Literary Society, Sports Club","Machine Learning, Data Science, Python, SQL, C++",1,Consulting,0.0,Unknown,0.0,Unknown,7.08,6.9,7.92,6.71,7.27,7.32,6.33,7.99,5,3
23.0,Female,EEE,7.17,1.0,73.88,Coding Club,"C++, Python, Machine Learning",1,Hardware,1.0,Higher Studies,15.54,Research,9.54,7.52,6.41,6.87,8.07,6.42,7.85,4.68,3,1
23.0,Female,CSE,7.33,2.0,91.85,Literary Society,"C++, SQL, Web Development, Java",1,Consulting,0.0,Unknown,0.0,Unknown,8.31,7.86,6.03,7.36,8.96,5.18,6.81,8.16,4,1
23.0,Female,CIVIL,7.5,1.0,99.1,"Coding Club, Robotics, Sports Club","Java, Python, Web Development, Data Science, C++",0,Unknown,1.0,Research,17.51,Job,6.68,7.02,6.66,5.36,8.09,7.9,8.99,9.28,5,3
21.0,Female,ECE,6.72,0.0,84.32,"Entrepreneurship Cell, Sports Club","Machine Learning, C++, Data Science, Web Development, SQL",1,Software,0.0,Unknown,0.0,Unknown,7.89,7.13,5.97,6.8,5.01,8.3,6.18,6.47,5,2
20.0,Female,ECE,6.22,1.0,92.43,Sports Club,"Data Science, Machine Learning, Java",0,Unknown,1.0,Higher Studies,19.12,Startup,7.49,4.15,6.14,5.87,6.74,6.46,7.8,5.14,3,1
23.0,Male,EEE,6.52,0.0,62.63,"Robotics, Entrepreneurship Cell, Cultural Club","Data Science, C++, Python",1,Hardware,1.0,Software,18.08,Startup,6.69,6.03,6.17,9.18,6.82,5.64,5.23,6.38,3,3
19.0,Male,EEE,7.06,2.0,65.6,"Coding Club, Cultural Club","SQL, Java, Data Science, Machine Learning, Web Development",0,Unknown,1.0,Core Engineering,8.92,Job,7.62,5.89,6.81,7.8,7.59,5.84,7.37,7.56,5,2
21.0,Female,MECH,7.23,0.0,75.04,"Robotics, Sports Club, Literary Society","Python, Data Science",0,Unknown,1.0,Hardware,12.35,Research,5.99,6.93,7.83,6.97,9.36,7.42,7.23,6.09,2,3
22.0,Female,MECH,6.49,0.0,71.11,Cultural Club,"Web Development, Python, SQL, C++",1,Research,0.0,Unknown,0.0,Unknown,8.16,7.12,6.52,7.78,4.62,5.56,6.51,5.66,4,1
22.0,Female,CIVIL,6.71,3.0,86.48,"Literary Society, Entrepreneurship Cell","SQL, Web Development, Java",0,Unknown,1.0,Hardware,10.9,Job,6.4,8.17,5.33,5.51,7.14,7.03,6.28,7.81,3,2
23.0,Female,MECH,6.58,1.0,70.52,Cultural Club,"SQL, C++, Web Development",0,Unknown,1.0,Software,9.38,Higher Studies,7.36,5.28,6.64,5.78,8.18,6.42,5.91,7.03,3,1
19.0,Female,EEE,7.24,2.0,65.67,Cultural Club,"Java, Data Science",0,Unknown,1.0,Hardware,13.17,Research,7.22,7.58,7.34,7.6,6.72,7.74,7.34,6.36,2,1
21.0,Male,CIVIL,7.54,0.0,74.41,"Sports Club, Literary Society, Robotics","Web Development, Data Science",1,Research,0.0,Unknown,0.0,Unknown,5.92,6.78,9.13,8.06,7.21,7.55,8.02,7.68,2,3
21.0,Female,CSE,7.49,0.0,94.13,"Coding Club, Entrepreneurship Cell, Cultural Club","SQL, C++, Web Development",0,Unknown,1.0,Software,8.58,Higher Studies,6.64,9.5,7.78,7.08,7.31,7.41,7.44,6.76,3,3
23.0,Male,EEE,6.87,0.0,70.09,Robotics,"SQL, Web Development, Java, Python",0,Unknown,1.0,Software,5.66,Job,8.18,6.79,5.03,6.89,7.65,5.99,8.33,6.08,4,1
23.0,Female,CIVIL,7.24,0.0,72.32,"Cultural Club, Sports Club, Literary Society","Data Science, Web Development",1,Higher Studies,1.0,Core Engineering,14.98,Research,7.14,7.45,6.87,8.09,4.9,9.94,6.13,7.4,2,3
23.0,Male,ECE,7.2,2.0,84.17,"Coding Club, Entrepreneurship Cell","C++, Data Science, SQL",1,Higher Studies,0.0,Unknown,0.0,Unknown,6.8,6.39,7.14,7.01,8.35,6.89,8.37,6.68,3,2
20.0,Female,ECE,7.02,0.0,89.66,"Sports Club, Coding Club","Python, SQL, Data Science, C++, Java",1,Core Engineering,1.0,Research,14.79,Job,6.86,7.65,8.4,7.33,6.03,6.1,7.73,6.04,5,2
22.0,Male,EEE,6.86,0.0,98.63,"Entrepreneurship Cell, Literary Society, Sports Club","Machine Learning, Java, C++, Python, Data Science",1,Higher Studies,1.0,Hardware,3.14,Research,7.13,6.15,5.93,6.02,8.21,7.4,6.21,7.87,5,3
19.0,Female,ECE,6.87,0.0,88.04,Cultural Club,"Data Science, Python, C++, Java",1,Higher Studies,1.0,Consulting,4.24,Research,7.98,6.85,6.17,6.68,7.41,6.44,6.18,7.24,4,1
21.0,Female,IT,7.08,1.0,82.59,"Entrepreneurship Cell, Literary Society","C++, Web Development, Python",0,Unknown,1.0,Core Engineering,8.77,Research,8.0,6.7,6.8,7.44,7.35,7.46,5.37,7.56,3,2
19.0,Male,ECE,6.94,3.0,69.49,"Sports Club, Literary Society, Cultural Club","Machine Learning, Data Science, Java, Python",0,Unknown,0.0,Unknown,0.0,Unknown,6.54,6.97,7.27,6.4,8.07,6.79,6.21,7.23,4,3
19.0,Female,CSE,7.16,0.0,86.89,Cultural Club,"Data Science, Python",1,Research,1.0,Research,6.34,Higher Studies,6.55,6.9,8.79,7.44,6.66,6.32,6.41,8.24,2,1
23.0,Female,CIVIL,6.7,2.0,80.13,"Coding Club, Sports Club","C++, Python, Web Development, SQL",0,Unknown,1.0,Consulting,18.75,Higher Studies,7.35,8.05,6.36,5.32,6.7,7.76,6.58,5.5,4,2
18.0,Female,EEE,7.1,1.0,63.66,"Entrepreneurship Cell, Coding Club","C++, SQL, Web Development",0,Unknown,0.0,Unknown,0.0,Unknown,8.98,6.95,5.44,6.6,7.5,7.53,5.91,7.93,3,2
19.0,Female,IT,6.67,1.0,96.62,"Robotics, Literary Society","Data Science, Python, C++, SQL",1,Research,0.0,Unknown,0.0,Unknown,6.67,7.74,7.13,5.01,7.94,6.61,5.73,6.56,4,2
19.0,Male,IT,7.3,0.0,87.38,Coding Club,"Machine Learning, Python, Web Development",0,Unknown,0.0,Unknown,0.0,Unknown,7.17,6.82,7.87,8.23,7.34,6.09,7.51,7.38,3,1
19.0,Female,IT,7.31,0.0,60.23,Coding Club,"Python, C++, SQL",1,Consulting,0.0,Unknown,0.0,Unknown,7.91,7.52,8.67,6.21,7.98,6.58,7.19,6.44,3,1
19.0,Female,EEE,7.01,1.0,96.52,"Entrepreneurship Cell, Coding Club, Robotics","Python, Web Development, SQL, Machine Learning",1,Higher Studies,1.0,Hardware,15.83,Startup,7.18,5.15,7.46,6.89,8.13,6.33,6.8,8.12,4,3
23.0,Female,ECE,6.8,0.0,71.76,"Coding Club, Literary Society","Java, Web Development",1,Software,1.0,Hardware,7.03,Job,7.67,8.37,6.42,7.13,5.68,6.39,7.39,5.33,2,2
21.0,Female,EEE,6.97,2.0,75.45,"Literary Society, Entrepreneurship Cell","Java, Data Science, Machine Learning, Web Development, SQL",1,Higher Studies,0.0,Unknown,0.0,Unknown,6.69,8.03,7.29,6.27,6.8,6.62,6.91,7.15,5,2
22.0,Female,MECH,7.62,1.0,71.68,"Cultural Club, Robotics, Literary Society","SQL, Machine Learning, Java",1,Research,1.0,Higher Studies,13.11,Job,6.82,8.32,7.56,8.14,9.39,6.88,7.17,6.64,3,3
21.0,Female,IT,7.22,3.0,65.27,"Entrepreneurship Cell, Robotics, Coding Club","Web Development, Java",1,Hardware,0.0,Unknown,0.0,Unknown,7.43,4.37,7.04,8.34,7.09,8.73,6.74,8.0,2,3
19.0,Male,MECH,7.38,0.0,72.69,"Cultural Club, Sports Club","SQL, Python, Web Development, Java, C++",0,Unknown,1.0,Core Engineering,7.79,Research,7.22,8.29,6.87,5.68,9.14,6.53,7.16,8.16,5,2
19.0,Male,MECH,6.63,0.0,99.38,"Sports Club, Coding Club","Python, Java, Data Science, C++",0,Unknown,1.0,Research,14.33,Research,6.31,7.69,6.68,5.84,7.2,7.4,7.56,4.38,4,2
20.0,Female,ECE,7.19,0.0,97.77,"Cultural Club, Robotics, Entrepreneurship Cell","Machine Learning, Web Development",1,Higher Studies,0.0,Unknown,0.0,Unknown,5.33,7.81,8.54,6.57,7.68,7.13,6.62,7.84,2,3
18.0,Female,ECE,7.6,0.0,82.46,"Sports Club, Robotics, Literary Society","Python, Web Development, C++, Data Science",1,Hardware,0.0,Unknown,0.0,Unknown,6.94,7.43,7.5,7.04,7.62,6.58,9.22,8.49,4,3
19.0,Female,EEE,7.09,1.0,96.64,"Entrepreneurship Cell, Literary Society, Cultural Club","Python, Data Science, Java, C++, Machine Learning",1,Consulting,1.0,Software,16.23,Higher Studies,7.67,7.81,6.36,6.97,5.56,8.7,8.07,5.6,5,3
19.0,Male,ECE,6.86,2.0,78.21,"Cultural Club, Literary Society, Sports Club","Data Science, Python, Java, C++, SQL",1,Consulting,0.0,Unknown,0.0,Unknown,5.75,9.61,6.27,6.64,6.18,7.62,6.8,6.04,5,3
23.0,Male,IT,6.49,1.0,78.09,Cultural Club,"C++, Java",1,Research,0.0,Unknown,0.0,Unknown,7.14,7.71,4.77,8.88,7.06,5.38,6.09,4.87,2,1
23.0,Female,ECE,6.88,1.0,60.96,"Literary Society, Robotics, Cultural Club","SQL, Java",0,Unknown,1.0,Higher Studies,8.7,Startup,7.32,7.13,6.67,5.99,6.21,7.1,5.89,8.77,2,3
21.0,Male,CIVIL,6.56,0.0,66.7,Cultural Club,"Java, SQL, Machine Learning, Web Development",0,Unknown,1.0,Core Engineering,5.5,Job,7.34,7.31,6.33,6.82,6.34,6.3,5.27,6.77,4,1
20.0,Male,CSE,6.5,2.0,74.98,"Robotics, Literary Society, Coding Club","SQL, Web Development",0,Unknown,0.0,Unknown,0.0,Unknown,6.76,8.87,6.98,6.07,5.71,6.89,5.01,5.7,2,3
19.0,Female,CSE,6.68,1.0,91.35,"Cultural Club, Robotics","Machine Learning, Data Science, Java, SQL, Python",1,Consulting,1.0,Core Engineering,7.86,Startup,7.07,6.36,6.0,5.9,8.25,5.48,8.22,6.13,5,2
23.0,Male,CSE,7.16,2.0,61.73,"Coding Club, Cultural Club, Robotics","SQL, Data Science, Python, Java, C++",0,Unknown,0.0,Unknown,0.0,Unknown,7.69,6.74,6.56,6.97,7.04,7.89,7.59,6.84,5,3
19.0,Male,ECE,7.27,2.0,75.31,Sports Club,"Data Science, Machine Learning, C++, Web Development",0,Unknown,1.0,Core Engineering,11.95,Job,6.6,6.79,7.44,6.21,8.04,7.75,7.02,8.32,4,1
18.0,Female,EEE,6.92,0.0,75.32,"Literary Society, Sports Club","Web Development, Data Science, SQL",1,Consulting,0.0,Unknown,0.0,Unknown,5.12,5.48,6.98,7.29,7.48,6.7,9.53,6.77,3,2
21.0,Female,CSE,6.9,3.0,76.78,"Sports Club, Literary Society, Robotics","Machine Learning, Python",1,Software,1.0,Higher Studies,7.21,Higher Studies,5.8,6.67,6.53,6.35,8.77,7.4,5.74,7.92,2,3
21.0,Female,CIVIL,6.84,1.0,64.56,Cultural Club,"Web Development, SQL",1,Hardware,1.0,Hardware,14.49,Research,7.69,6.56,6.15,6.36,7.7,6.37,6.88,7.02,2,1
22.0,Female,MECH,6.94,0.0,85.02,"Literary Society, Cultural Club","Machine Learning, Data Science, C++",0,Unknown,0.0,Unknown,0.0,Unknown,7.61,6.14,6.08,5.86,6.92,8.21,6.03,8.68,3,2
19.0,Male,CSE,6.89,1.0,60.43,"Entrepreneurship Cell, Cultural Club, Sports Club","SQL, Web Development, Java",1,Software,0.0,Unknown,0.0,Unknown,6.37,7.84,6.12,7.67,6.21,5.8,5.85,9.26,3,3
23.0,Female,IT,6.91,1.0,96.08,Coding Club,"SQL, C++",0,Unknown,0.0,Unknown,0.0,Unknown,6.71,5.83,7.34,5.03,7.62,7.02,8.9,6.8,2,1
23.0,Female,EEE,6.76,0.0,79.06,"Coding Club, Entrepreneurship Cell, Sports Club","Machine Learning, C++, Web Development, SQL, Python",0,Unknown,1.0,Core Engineering,8.41,Higher Studies,6.46,5.65,5.87,6.94,6.93,7.33,6.91,7.98,5,3
19.0,Female,MECH,6.53,2.0,97.96,Coding Club,"Web Development, SQL, Java",0,Unknown,0.0,Unknown,0.0,Unknown,7.41,7.92,5.07,6.18,6.57,6.19,5.45,7.42,3,1
20.0,Female,CSE,6.71,1.0,85.04,Entrepreneurship Cell,"Web Development, Java, C++",1,Research,0.0,Unknown,0.0,Unknown,5.59,7.5,5.96,8.28,6.74,7.13,7.41,5.07,3,1
18.0,Female,IT,7.43,2.0,83.41,"Cultural Club, Sports Club","Machine Learning, Java, Web Development, SQL",0,Unknown,1.0,Research,15.34,Startup,6.89,8.53,6.38,8.44,7.26,8.23,7.22,6.52,4,2
22.0,Female,EEE,6.54,1.0,86.95,"Entrepreneurship Cell, Literary Society","Web Development, Data Science",0,Unknown,1.0,Core Engineering,15.4,Job,7.18,5.66,6.04,5.82,6.46,6.82,5.83,8.47,2,2
22.0,Female,CIVIL,7.45,1.0,95.82,"Cultural Club, Entrepreneurship Cell, Robotics","SQL, Java",0,Unknown,1.0,Consulting,5.76,Higher Studies,7.81,8.13,6.97,5.58,6.88,8.46,8.54,7.21,2,3
18.0,Female,IT,6.98,0.0,85.61,"Sports Club, Cultural Club, Coding Club","Python, C++, Java, SQL, Web Development",0,Unknown,1.0,Core Engineering,7.61,Job,5.37,8.58,5.56,5.78,5.98,9.08,7.49,7.97,5,3
22.0,Male,CIVIL,7.66,1.0,64.73,Coding Club,"Machine Learning, SQL",0,Unknown,1.0,Core Engineering,15.93,Startup,6.46,8.24,6.41,7.08,7.83,7.45,8.35,9.49,2,1
18.0,Male,ECE,7.34,0.0,83.29,"Coding Club, Cultural Club","C++, SQL",0,Unknown,0.0,Unknown,0.0,Unknown,8.0,6.33,8.39,6.75,7.29,7.26,6.87,7.81,2,2
23.0,Male,EEE,6.82,1.0,87.49,Literary Society,"Web Development, SQL",0,Unknown,0.0,Unknown,0.0,Unknown,6.37,7.73,6.8,6.54,7.04,5.25,7.49,7.38,2,1
22.0,Female,ECE,7.63,2.0,78.97,Coding Club,"Web Development, Machine Learning, Python, Data Science",1,Software,0.0,Unknown,0.0,Unknown,7.54,7.85,9.57,6.38,7.02,7.08,7.7,7.88,4,1
23.0,Female,CSE,7.09,2.0,69.36,"Cultural Club, Robotics","Python, SQL, Java, Web Development, Data Science",0,Unknown,1.0,Hardware,3.85,Research,8.89,6.84,7.7,6.16,7.31,5.7,7.45,6.64,5,2
22.0,Female,IT,7.03,1.0,61.78,"Coding Club, Robotics","Python, Data Science, Web Development, SQL, C++",0,Unknown,0.0,Unknown,0.0,Unknown,5.94,7.31,7.41,7.35,8.5,6.91,6.97,5.83,5,2
18.0,Male,EEE,6.66,0.0,97.74,"Entrepreneurship Cell, Cultural Club","Web Development, Python, Data Science, Machine Learning, SQL",1,Higher Studies,1.0,Consulting,17.81,Startup,5.86,7.72,6.2,5.94,6.99,6.87,7.25,6.43,5,2
22.0,Female,EEE,6.53,0.0,75.72,"Entrepreneurship Cell, Sports Club, Coding Club","C++, Data Science, Java, Machine Learning",0,Unknown,0.0,Unknown,0.0,Unknown,7.45,5.13,5.84,6.72,6.7,5.79,7.39,7.25,4,3
22.0,Male,CIVIL,7.53,3.0,77.5,"Cultural Club, Sports Club","SQL, Data Science, Python",0,Unknown,0.0,Unknown,0.0,Unknown,5.82,7.46,8.6,7.46,6.3,7.99,9.37,7.24,3,2
20.0,Female,MECH,7.15,0.0,79.02,"Coding Club, Entrepreneurship Cell","Python, Web Development, Machine Learning, C++",0,Unknown,1.0,Core Engineering,15.87,Research,8.16,7.05,4.83,6.49,8.79,7.3,7.69,6.91,4,2
21.0,Female,ECE,6.84,2.0,95.25,Cultural Club,"Web Development, SQL, Data Science, Python",1,Core Engineering,1.0,Higher Studies,8.58,Research,8.23,6.82,5.99,6.02,6.7,6.7,7.91,6.33,4,1
20.0,Male,MECH,7.74,3.0,86.8,Cultural Club,"C++, Python, SQL, Web Development",0,Unknown,0.0,Unknown,0.0,Unknown,7.22,8.95,7.69,8.29,7.8,7.93,7.04,7.01,4,1
21.0,Female,EEE,7.5,3.0,90.54,"Coding Club, Literary Society, Entrepreneurship Cell","Web Development, Machine Learning, Python",1,Software,0.0,Unknown,0.0,Unknown,8.12,7.68,7.19,8.52,7.42,8.3,7.61,5.16,3,3
23.0,Male,MECH,7.13,0.0,86.02,Cultural Club,"Java, Python, Web Development, Data Science, Machine Learning",0,Unknown,1.0,Core Engineering,6.61,Job,5.99,6.66,6.97,6.63,6.84,7.41,8.24,8.31,5,1
21.0,Female,ECE,7.23,2.0,89.0,"Cultural Club, Sports Club","Machine Learning, Java",1,Software,0.0,Unknown,0.0,Unknown,7.83,7.25,6.54,7.86,7.9,7.06,7.44,5.97,2,2
21.0,Female,ECE,6.72,0.0,84.32,"Entrepreneurship Cell, Sports Club","Machine Learning, C++, Data Science, Web Development, SQL",1,Software,0.0,Unknown,0.0,Unknown,7.89,7.13,5.97,6.8,5.01,8.3,6.18,6.47,5,2
23.0,Female,ECE,6.88,1.0,60.96,"Literary Society, Robotics, Cultural Club","SQL, Java",0,Unknown,1.0,Higher Studies,8.7,Startup,7.32,7.13,6.67,5.99,6.21,7.1,5.89,8.77,2,3
21.0,Male,CIVIL,7.41,0.0,84.97,Coding Club,"Java, Machine Learning, SQL, Data Science",0,Unknown,1.0,Higher Studies,17.1,Higher Studies,8.67,8.76,6.86,6.65,5.49,7.0,8.95,6.87,4,1
18.0,Male,CIVIL,7.02,3.0,67.19,Cultural Club,"Web Development, Python, C++, SQL",1,Core Engineering,1.0,Consulting,4.7,Research,6.63,6.67,7.17,6.12,5.56,8.37,8.46,7.18,4,1
22.0,Male,IT,6.4,1.0,85.66,Coding Club,"SQL, Web Development, Data Science, Java, Machine Learning",0,Unknown,0.0,Unknown,0.0,Unknown,6.54,6.31,5.85,5.25,6.61,7.16,6.9,6.58,5,1
20.0,Female,EEE,6.61,0.0,71.33,"Robotics, Sports Club","Machine Learning, Python, Data Science, Java",0,Unknown,0.0,Unknown,0.0,Unknown,7.8,6.15,6.18,8.12,5.12,6.85,7.44,5.25,4,2
18.0,Female,CIVIL,6.48,0.0,90.07,"Entrepreneurship Cell, Literary Society","C++, Web Development",1,Consulting,1.0,Hardware,18.41,Research,6.83,6.14,5.76,7.17,6.82,6.56,7.08,5.48,2,2
19.0,Male,EEE,7.54,1.0,89.69,"Entrepreneurship Cell, Sports Club","SQL, Python",0,Unknown,1.0,Core Engineering,13.93,Higher Studies,6.72,6.8,6.65,9.63,9.06,7.3,7.42,6.76,2,2
23.0,Male,CIVIL,6.94,2.0,92.0,"Cultural Club, Sports Club, Coding Club","SQL, Data Science, Python, Java",1,Higher Studies,0.0,Unknown,0.0,Unknown,5.48,6.64,7.89,7.58,7.5,7.05,7.01,6.34,4,3
21.0,Female,EEE,6.61,0.0,73.57,"Sports Club, Literary Society, Coding Club","SQL, Java, Data Science",0,Unknown,0.0,Unknown,0.0,Unknown,8.43,6.42,4.74,5.82,7.22,6.02,6.91,7.34,3,3
22.0,Female,CSE,7.52,1.0,75.66,"Entrepreneurship Cell, Robotics, Coding Club","Data Science, Web Development, Machine Learning, Python",1,Consulting,0.0,Unknown,0.0,Unknown,8.71,7.82,8.77,6.6,7.25,7.81,4.67,8.51,4,3
20.0,Female,MECH,7.45,1.0,97.24,"Coding Club, Robotics, Sports Club","Python, Java",0,Unknown,1.0,Research,12.4,Job,9.1,6.54,6.72,6.56,7.24,7.59,8.09,7.76,2,3
18.0,Female,ECE,7.31,1.0,70.19,Robotics,"SQL, Python, Java, Data Science, Machine Learning",0,Unknown,1.0,Software,16.13,Startup,6.66,8.16,7.65,7.37,7.62,6.43,6.29,8.27,5,1
23.0,Male,EEE,6.7,2.0,94.74,Sports Club,"Machine Learning, Data Science",1,Consulting,0.0,Unknown,0.0,Unknown,5.37,6.5,7.35,8.39,5.77,7.79,6.94,5.48,2,1
21.0,Female,EEE,6.97,2.0,75.45,"Literary Society, Entrepreneurship Cell","Java, Data Science, Machine Learning, Web Development, SQL",1,Higher Studies,0.0,Unknown,0.0,Unknown,6.69,8.03,7.29,6.27,6.8,6.62,6.91,7.15,5,2
22.0,Female,CIVIL,7.14,0.0,61.4,"Coding Club, Literary Society","C++, Python, Machine Learning",0,Unknown,0.0,Unknown,0.0,Unknown,5.52,8.06,6.47,6.61,5.88,7.38,9.46,7.78,3,2
21.0,Female,CSE,6.77,1.0,63.96,"Entrepreneurship Cell, Literary Society","Java, SQL",1,Higher Studies,1.0,Consulting,15.89,Research,7.92,5.9,6.25,5.71,7.37,6.68,6.64,7.67,2,2
21.0,Female,ECE,7.58,1.0,94.59,"Sports Club, Coding Club, Robotics","C++, Web Development, Python, Data Science, SQL",0,Unknown,1.0,Core Engineering,18.74,Research,7.78,7.92,5.78,9.5,7.28,7.4,7.5,7.5,5,3
18.0,Female,CIVIL,7.15,0.0,70.7,"Sports Club, Cultural Club, Coding Club","Machine Learning, Python, Web Development, C++",1,Hardware,1.0,Software,11.83,Higher Studies,5.93,9.38,7.55,7.96,7.46,6.55,5.69,6.7,4,3
23.0,Male,EEE,7.04,2.0,73.59,"Entrepreneurship Cell, Robotics, Coding Club","Python, Web Development",0,Unknown,0.0,Unknown,0.0,Unknown,7.44,5.93,6.84,6.42,7.01,7.8,7.65,7.25,2,3
23.0,Female,MECH,6.93,4.0,83.07,Sports Club,"Web Development, Java, C++",1,Consulting,1.0,Higher Studies,4.14,Startup,7.35,5.44,7.1,6.74,7.68,6.7,6.67,7.73,3,1
20.0,Female,CSE,6.9,0.0,81.67,"Entrepreneurship Cell, Robotics, Sports Club","Java, Data Science, Web Development, C++",1,Research,1.0,Higher Studies,9.59,Research,8.32,6.46,6.81,7.1,5.97,7.23,5.28,8.05,4,3
21.0,Male,EEE,6.82,1.0,63.31,"Sports Club, Robotics, Entrepreneurship Cell","Java, Data Science",1,Hardware,1.0,Software,5.14,Research,7.67,8.12,5.89,5.98,7.61,7.64,5.66,6.01,2,3
22.0,Female,IT,7.35,1.0,64.94,"Cultural Club, Coding Club","Python, Machine Learning, Data Science, Java",1,Research,1.0,Core Engineering,13.65,Job,6.78,8.85,8.13,7.75,7.13,6.59,7.7,5.87,4,2
19.0,Female,ECE,7.56,0.0,75.54,"Sports Club, Literary Society","Python, Data Science, Machine Learning",1,Software,0.0,Unknown,0.0,Unknown,6.17,8.85,8.93,7.26,6.99,8.03,8.09,6.19,3,2
22.0,Male,CSE,7.1,2.0,66.5,"Cultural Club, Sports Club","C++, Data Science",1,Higher Studies,1.0,Research,14.46,Higher Studies,8.69,6.36,8.38,6.83,5.43,5.86,7.18,8.03,2,2
19.0,Male,EEE,7.13,1.0,86.73,Sports Club,"Java, Machine Learning, C++, Data Science, Web Development",1,Research,0.0,Unknown,0.0,Unknown,7.79,6.7,6.74,6.75,8.84,7.9,6.56,5.76,5,1
19.0,Female,CIVIL,7.16,2.0,85.45,"Robotics, Literary Society","Java, Web Development, Python, C++, Machine Learning",1,Core Engineering,0.0,Unknown,0.0,Unknown,7.03,5.51,7.49,7.72,9.3,8.08,5.1,7.08,5,2
21.0,Female,CSE,6.74,1.0,71.65,"Cultural Club, Robotics, Literary Society","Web Development, Python, Machine Learning",1,Research,0.0,Unknown,0.0,Unknown,5.89,7.32,7.28,8.01,6.42,6.47,6.43,6.08,3,3
21.0,Female,EEE,7.5,3.0,90.54,"Coding Club, Literary Society, Entrepreneurship Cell","Web Development, Machine Learning, Python",1,Software,0.0,Unknown,0.0,Unknown,8.12,7.68,7.19,8.52,7.42,8.3,7.61,5.16,3,3
20.0,Female,MECH,7.08,0.0,73.64,"Coding Club, Entrepreneurship Cell, Literary Society","Data Science, Python, Machine Learning, Web Development",1,Hardware,1.0,Core Engineering,9.94,Startup,6.57,7.23,6.07,8.29,6.37,8.13,6.77,7.2,4,3
20.0,Female,EEE,6.92,0.0,80.37,"Literary Society, Coding Club, Robotics","Web Development, Python, Data Science, Java, SQL",0,Unknown,1.0,Software,5.37,Startup,6.97,6.23,6.28,6.19,6.01,7.93,7.8,7.94,5,3
21.0,Male,CSE,6.64,1.0,79.1,Cultural Club,"Machine Learning, Java",0,Unknown,1.0,Higher Studies,11.41,Startup,6.54,7.19,5.89,6.0,6.37,6.81,7.14,7.15,2,1
18.0,Female,EEE,7.59,0.0,61.91,"Coding Club, Robotics, Sports Club","C++, Python, Data Science, Web Development, Java",0,Unknown,1.0,Core Engineering,7.19,Research,7.94,7.2,8.67,6.82,7.62,7.8,6.9,7.78,5,3
23.0,Female,CSE,7.04,1.0,98.79,Literary Society,"Web Development, Python, Java, Data Science, Machine Learning",0,Unknown,1.0,Software,15.37,Job,5.31,7.19,6.63,6.3,9.48,8.25,5.85,7.35,5,1
21.0,Female,MECH,7.06,3.0,67.47,"Literary Society, Entrepreneurship Cell","Python, SQL, C++, Java, Web Development",0,Unknown,1.0,Software,10.23,Startup,7.06,6.57,6.37,5.86,6.39,7.57,8.4,8.25,5,2
21.0,Female,CIVIL,7.61,1.0,86.43,"Literary Society, Coding Club, Robotics","Java, Machine Learning",1,Software,0.0,Unknown,0.0,Unknown,8.36,8.34,7.02,7.93,8.03,6.75,6.84,7.59,2,3
18.0,Male,MECH,6.74,1.0,75.04,"Cultural Club, Sports Club, Robotics","C++, SQL, Java",0,Unknown,0.0,Unknown,0.0,Unknown,7.12,6.03,8.2,6.84,6.97,6.07,6.56,6.12,3,3
20.0,Female,ECE,6.96,0.0,62.68,Robotics,"Data Science, SQL, Machine Learning, Web Development, C++",1,Core Engineering,0.0,Unknown,0.0,Unknown,6.25,7.38,8.12,5.26,7.41,6.72,7.11,7.46,5,1
20.0,Female,CIVIL,7.5,1.0,60.72,"Sports Club, Robotics, Literary Society","C++, Machine Learning, Data Science, SQL",0,Unknown,1.0,Research,18.86,Job,7.73,8.44,6.39,7.78,6.29,9.12,6.59,7.64,4,3
19.0,Male,IT,6.87,1.0,79.11,"Sports Club, Literary Society, Coding Club","Data Science, SQL",0,Unknown,0.0,Unknown,0.0,Unknown,6.9,6.37,7.78,6.94,5.61,8.04,6.25,7.04,2,3
21.0,Male,EEE,6.7,0.0,90.38,Entrepreneurship Cell,"Java, Web Development, C++, Python",1,Research,1.0,Hardware,19.8,Startup,6.14,7.36,6.4,7.28,6.48,5.74,7.48,6.76,4,1
18.0,Female,EEE,6.68,0.0,84.22,"Entrepreneurship Cell, Sports Club","Web Development, Java, Python, Data Science",1,Software,0.0,Unknown,0.0,Unknown,7.66,7.08,7.1,5.52,5.31,6.82,6.37,7.59,4,2
22.0,Female,ECE,7.19,0.0,73.48,Cultural Club,"SQL, Web Development, Data Science, Machine Learning",0,Unknown,1.0,Consulting,15.8,Higher Studies,6.3,8.99,8.0,6.54,6.22,8.12,7.17,6.15,4,1
19.0,Male,IT,6.62,2.0,83.45,"Sports Club, Literary Society","C++, Java, Data Science",0,Unknown,0.0,Unknown,0.0,Unknown,4.0,6.55,7.76,6.61,6.53,5.96,8.0,7.55,3,2
18.0,Male,IT,6.94,0.0,74.19,Literary Society,"Data Science, Machine Learning, Java",0,Unknown,1.0,Hardware,9.8,Higher Studies,8.15,6.22,8.56,5.47,8.63,6.63,6.76,5.11,3,1
18.0,Female,MECH,6.74,0.0,89.46,"Coding Club, Robotics","Web Development, Machine Learning, C++, Data Science, SQL",0,Unknown,0.0,Unknown,0.0,Unknown,6.62,7.55,6.25,5.75,5.11,6.4,8.95,7.27,5,2
23.0,Male,ECE,7.1,3.0,75.79,"Robotics, Literary Society","SQL, C++, Web Development",1,Research,1.0,Higher Studies,18.82,Research,6.71,7.33,4.84,8.34,6.17,8.42,7.39,7.63,3,2
20.0,Male,ECE,6.96,0.0,95.83,Robotics,"Java, Machine Learning, Python",0,Unknown,0.0,Unknown,0.0,Unknown,7.15,6.83,7.09,6.98,9.58,5.67,5.01,7.33,3,1
18.0,Female,IT,6.88,1.0,89.14,Robotics,"Web Development, C++, Machine Learning",0,Unknown,0.0,Unknown,0.0,Unknown,7.25,6.1,6.43,7.85,7.75,6.32,6.84,6.46,3,1
22.0,Male,IT,7.56,0.0,64.01,"Robotics, Sports Club","C++, Data Science, Web Development, SQL, Python",0,Unknown,1.0,Core Engineering,14.45,Research,7.47,6.79,8.35,6.35,8.86,7.28,8.27,7.12,5,2
19.0,Male,CIVIL,7.31,0.0,88.73,"Robotics, Coding Club","Python, Java, SQL",0,Unknown,1.0,Consulting,4.89,Startup,8.12,7.43,8.91,5.96,6.97,8.16,6.43,6.51,3,2
21.0,Female,CSE,6.64,1.0,79.1,Cultural Club,"Machine Learning, Java",0,Unknown,1.0,Higher Studies,11.41,Startup,6.54,7.19,5.89,6.0,6.37,6.81,7.14,7.15,2,1
18.0,Male,ECE,7.03,0.0,81.33,"Sports Club, Coding Club","Data Science, Web Development",1,Core Engineering,0.0,Unknown,0.0,Unknown,6.45,8.69,7.47,6.98,7.02,6.05,6.93,6.65,2,2
21.0,Female,CSE,6.64,1.0,79.1,Cultural Club,"Machine Learning, Java",0,Unknown,1.0,Higher Studies,11.41,Startup,6.54,7.19,5.89,6.0,6.37,6.81,7.14,7.15,2,1
19.0,Female,MECH,7.74,2.0,82.6,"Entrepreneurship Cell, Coding Club, Cultural Club","Data Science, Machine Learning, Web Development, Python, SQL",1,Research,0.0,Unknown,0.0,Unknown,5.76,8.25,7.73,7.54,7.72,9.39,9.19,6.31,5,3
21.0,Female,CSE,6.64,1.0,79.1,Cultural Club,"Machine Learning, Java",0,Unknown,1.0,Higher Studies,11.41,Startup,6.54,7.19,5.89,6.0,6.37,6.81,7.14,7.15,2,1
21.0,Female,IT,6.76,0.0,82.13,Entrepreneurship Cell,"Web Development, SQL",0,Unknown,0.0,Unknown,0.0,Unknown,7.55,5.55,8.03,6.67,6.17,6.38,6.77,6.99,2,1
22.0,Male,CSE,7.05,1.0,67.75,"Robotics, Literary Society","Machine Learning, SQL, Java, Python",0,Unknown,1.0,Higher Studies,6.37,Job,4.72,8.47,6.14,5.91,7.36,6.63,8.78,8.36,4,2
22.0,Male,EEE,6.8,1.0,64.14,"Sports Club, Robotics","Java, Python",0,Unknown,0.0,Unknown,0.0,Unknown,6.7,6.98,6.09,4.7,6.85,6.72,8.71,7.67,2,2
18.0,Female,IT,7.38,0.0,61.6,Robotics,"Web Development, Python, Java, Machine Learning",0,Unknown,0.0,Unknown,0.0,Unknown,8.0,7.4,4.66,8.09,7.06,7.35,7.54,8.94,4,1
23.0,Male,ECE,7.05,0.0,78.25,"Entrepreneurship Cell, Coding Club, Robotics","Machine Learning, Python, C++, Data Science, Java",1,Research,1.0,Hardware,11.37,Job,7.68,7.89,7.73,6.52,5.36,6.48,8.1,6.62,5,3
19.0,Female,MECH,7.36,0.0,62.56,Sports Club,"SQL, Python",1,Research,1.0,Higher Studies,6.05,Startup,5.44,9.08,8.13,8.46,7.03,6.64,6.33,7.81,2,1
19.0,Male,CSE,6.05,1.0,68.62,Entrepreneurship Cell,"Web Development, Data Science",0,Unknown,1.0,Consulting,6.76,Job,7.05,4.78,6.82,7.0,4.58,7.02,5.99,5.16,2,1
22.0,Male,CIVIL,6.16,2.0,60.33,Robotics,"Data Science, Python, Machine Learning",0,Unknown,0.0,Unknown,0.0,Unknown,5.12,7.62,6.36,5.81,6.38,6.82,6.4,4.79,3,1
22.0,Female,ECE,6.66,1.0,77.04,"Entrepreneurship Cell, Coding Club, Cultural Club","Web Development, C++, Java, Python, Data Science",0,Unknown,0.0,Unknown,0.0,Unknown,6.63,6.29,7.3,6.37,7.02,6.27,5.47,7.91,5,3
18.0,Male,ECE,7.03,0.0,81.33,"Sports Club, Coding Club","Data Science, Web Development",1,Core Engineering,0.0,Unknown,0.0,Unknown,6.45,8.69,7.47,6.98,7.02,6.05,6.93,6.65,2,2
20.0,Male,CIVIL,6.79,0.0,78.24,"Entrepreneurship Cell, Coding Club, Cultural Club","SQL, Machine Learning",1,Research,0.0,Unknown,0.0,Unknown,7.03,6.11,6.82,6.45,8.17,9.12,5.57,5.08,2,3
19.0,Male,CSE,6.26,1.0,79.23,"Literary Society, Entrepreneurship Cell","C++, SQL, Data Science, Java, Machine Learning",1,Research,1.0,Consulting,19.86,Higher Studies,7.43,6.28,4.97,5.68,7.02,5.87,6.93,5.93,5,2
23.0,Male,ECE,7.05,0.0,78.25,"Entrepreneurship Cell, Coding Club, Robotics","Machine Learning, Python, C++, Data Science, Java",1,Research,1.0,Hardware,11.37,Job,7.68,7.89,7.73,6.52,5.36,6.48,8.1,6.62,5,3
22.0,Female,MECH,6.13,5.0,62.36,"Entrepreneurship Cell, Coding Club","C++, Web Development, Java",0,Unknown,0.0,Unknown,0.0,Unknown,6.48,6.68,4.35,8.35,7.91,5.27,4.94,5.05,3,2
21.0,Female,CSE,7.42,1.0,72.88,"Robotics, Cultural Club, Literary Society","Data Science, Web Development",0,Unknown,0.0,Unknown,0.0,Unknown,8.79,7.08,6.78,6.68,6.76,7.11,9.51,6.66,2,3
18.0,Male,CIVIL,6.55,2.0,79.62,"Coding Club, Entrepreneurship Cell","SQL, Java, Data Science, C++, Python",1,Higher Studies,0.0,Unknown,0.0,Unknown,9.16,5.14,6.5,7.56,5.39,6.07,5.91,6.69,5,2
21.0,Male,EEE,7.16,0.0,89.66,Literary Society,"SQL, Python",1,Higher Studies,0.0,Unknown,0.0,Unknown,6.35,6.1,6.82,8.58,8.01,5.5,8.2,7.68,2,1
23.0,Male,ECE,7.35,0.0,86.9,"Literary Society, Cultural Club","C++, Machine Learning, Web Development",1,Software,0.0,Unknown,0.0,Unknown,7.5,8.26,6.82,7.65,6.47,5.95,8.79,7.37,3,2
18.0,Female,MECH,7.11,1.0,96.22,"Sports Club, Literary Society","SQL, Web Development, Data Science",0,Unknown,0.0,Unknown,0.0,Unknown,6.41,6.93,4.98,7.55,9.35,6.45,7.37,7.85,3,2
18.0,Male,IT,6.81,2.0,78.43,"Coding Club, Robotics, Entrepreneurship Cell","Data Science, SQL, Machine Learning",1,Software,1.0,Software,18.14,Startup,5.82,7.47,8.78,6.75,4.62,7.67,7.99,5.41,3,3
20.0,Male,EEE,6.77,5.0,93.69,Coding Club,"Java, SQL, Machine Learning",0,Unknown,1.0,Higher Studies,16.99,Research,8.69,6.31,7.77,7.71,4.36,6.17,5.71,7.45,3,1
19.0,Male,ECE,6.62,0.0,85.52,"Cultural Club, Entrepreneurship Cell","Python, SQL",0,Unknown,1.0,Hardware,7.37,Research,6.55,6.41,6.92,8.09,5.69,7.14,5.94,6.26,2,2
23.0,Female,IT,6.88,2.0,80.41,Entrepreneurship Cell,"C++, Python, Web Development, Machine Learning, Java",1,Software,1.0,Consulting,14.35,Higher Studies,6.47,7.62,6.63,7.59,6.34,6.17,8.22,5.99,5,1
20.0,Female,CIVIL,7.13,1.0,73.39,Literary Society,"Data Science, Machine Learning",0,Unknown,0.0,Unknown,0.0,Unknown,6.3,6.94,6.11,8.2,5.71,7.9,8.47,7.38,2,1
18.0,Female,ECE,6.55,2.0,82.59,"Entrepreneurship Cell, Robotics, Cultural Club","Web Development, Python, SQL, Java",1,Software,1.0,Hardware,15.71,Job,6.76,5.94,5.95,7.3,5.74,5.51,8.43,6.74,4,3
22.0,Female,IT,6.76,2.0,98.54,"Cultural Club, Entrepreneurship Cell, Sports Club","Web Development, Machine Learning, SQL, Java, Python",1,Software,1.0,Hardware,18.47,Startup,7.63,7.77,5.57,7.37,7.41,7.61,6.23,4.49,5,3
18.0,Male,CIVIL,7.54,0.0,64.11,"Robotics, Coding Club, Cultural Club","Python, Web Development, C++, Data Science",1,Consulting,1.0,Software,15.82,Research,7.52,7.16,5.86,7.12,9.78,7.8,6.26,8.85,4,3
20.0,Male,ECE,7.32,0.0,97.41,"Cultural Club, Entrepreneurship Cell","Java, Python, Data Science, SQL, Machine Learning",0,Unknown,0.0,Unknown,0.0,Unknown,7.19,7.23,8.05,8.49,7.97,6.44,6.22,7.0,5,2
21.0,Male,IT,6.69,1.0,61.47,"Robotics, Cultural Club","C++, Machine Learning, Python, Java",1,Hardware,0.0,Unknown,0.0,Unknown,7.61,7.76,6.47,6.42,6.72,4.7,5.48,8.37,4,2
21.0,Female,CIVIL,7.26,2.0,65.55,"Entrepreneurship Cell, Sports Club","C++, Java, SQL, Data Science, Machine Learning",0,Unknown,0.0,Unknown,0.0,Unknown,7.92,7.11,5.33,6.1,6.47,8.51,8.33,8.33,5,2
19.0,Female,IT,7.02,1.0,80.6,Literary Society,"Python, Java, Machine Learning, Data Science",0,Unknown,1.0,Core Engineering,14.66,Job,6.85,7.27,7.99,6.73,8.2,5.32,8.6,5.21,4,1
19.0,Female,EEE,6.95,2.0,90.3,"Entrepreneurship Cell, Cultural Club","SQL, C++, Java, Python",1,Hardware,1.0,Hardware,8.02,Job,5.69,7.85,6.44,6.13,6.8,8.48,6.61,7.58,4,2
21.0,Male,CIVIL,6.28,1.0,64.23,"Literary Society, Robotics, Cultural Club","C++, SQL, Web Development, Data Science",1,Higher Studies,0.0,Unknown,0.0,Unknown,4.47,7.06,6.63,6.01,7.51,7.05,5.2,6.35,4,3
19.0,Female,EEE,6.59,0.0,98.39,Sports Club,"Machine Learning, Java, Python, C++",1,Core Engineering,0.0,Unknown,0.0,Unknown,5.91,6.75,6.65,7.49,7.69,6.16,7.07,4.98,4,1
22.0,Female,CIVIL,7.45,1.0,95.82,"Cultural Club, Entrepreneurship Cell, Robotics","SQL, Java",0,Unknown,1.0,Consulting,5.76,Higher Studies,7.81,8.13,6.97,5.58,6.88,8.46,8.54,7.21,2,3
21.0,Male,CIVIL,7.61,1.0,86.43,"Literary Society, Coding Club, Robotics","Java, Machine Learning",1,Software,0.0,Unknown,0.0,Unknown,8.36,8.34,7.02,7.93,8.03,6.75,6.84,7.59,2,3
20.0,Male,IT,7.01,0.0,65.35,Entrepreneurship Cell,"Web Development, Java",0,Unknown,1.0,Software,19.21,Higher Studies,7.26,6.39,7.15,6.34,6.18,7.68,6.86,8.21,2,1
20.0,Male,EEE,6.93,2.0,67.47,Literary Society,"C++, Web Development, Data Science, Machine Learning",0,Unknown,1.0,Software,14.13,Research,6.52,5.69,7.59,7.57,6.38,5.9,8.56,7.25,4,1
22.0,Female,IT,7.35,1.0,64.94,"Cultural Club, Coding Club","Python, Machine Learning, Data Science, Java",1,Research,1.0,Core Engineering,13.65,Job,6.78,8.85,8.13,7.75,7.13,6.59,7.7,5.87,4,2
18.0,Male,IT,7.02,1.0,60.53,"Literary Society, Robotics","Python, Web Development, Java, C++, Data Science",0,Unknown,0.0,Unknown,0.0,Unknown,8.06,6.9,6.65,6.73,7.27,5.19,8.33,7.04,5,2
23.0,Male,CIVIL,6.82,1.0,99.08,"Entrepreneurship Cell, Cultural Club","Machine Learning, Data Science, Web Development, Java",1,Higher Studies,1.0,Hardware,13.92,Job,6.28,7.06,6.93,5.53,7.19,7.09,7.36,7.16,4,2
19.0,Female,CSE,6.88,1.0,69.59,Coding Club,"Web Development, Java, Machine Learning, SQL",1,Core Engineering,0.0,Unknown,0.0,Unknown,6.83,8.31,6.91,4.76,6.5,7.99,7.55,6.16,4,1
19.0,Female,IT,7.02,1.0,80.6,Literary Society,"Python, Java, Machine Learning, Data Science",0,Unknown,1.0,Core Engineering,14.66,Job,6.85,7.27,7.99,6.73,8.2,5.32,8.6,5.21,4,1
20.0,Female,CIVIL,7.15,2.0,78.34,"Coding Club, Sports Club, Literary Society","C++, SQL, Python, Web Development",1,Research,1.0,Higher Studies,14.85,Higher Studies,5.85,7.81,7.65,7.11,7.95,8.12,6.62,6.1,4,3
21.0,Male,CSE,6.64,1.0,79.1,Cultural Club,"Machine Learning, Java",0,Unknown,1.0,Higher Studies,11.41,Startup,6.54,7.19,5.89,6.0,6.37,6.81,7.14,7.15,2,1
22.0,Male,MECH,6.73,1.0,95.9,"Sports Club, Entrepreneurship Cell, Coding Club","Java, C++, Data Science",1,Consulting,0.0,Unknown,0.0,Unknown,7.25,6.3,5.28,5.42,6.53,7.19,8.41,7.48,3,3
18.0,Female,IT,7.31,1.0,90.39,Entrepreneurship Cell,"SQL, Machine Learning, Web Development",1,Consulting,0.0,Unknown,0.0,Unknown,7.97,8.6,5.52,6.33,7.52,6.11,8.36,8.06,3,1
23.0,Male,EEE,6.76,0.0,79.06,"Coding Club, Entrepreneurship Cell, Sports Club","Machine Learning, C++, Web Development, SQL, Python",0,Unknown,1.0,Core Engineering,8.41,Higher Studies,6.46,5.65,5.87,6.94,6.93,7.33,6.91,7.98,5,3
21.0,Male,ECE,7.23,2.0,89.0,"Cultural Club, Sports Club","Machine Learning, Java",1,Software,0.0,Unknown,0.0,Unknown,7.83,7.25,6.54,7.86,7.9,7.06,7.44,5.97,2,2
18.0,Male,ECE,6.94,0.0,79.88,"Coding Club, Cultural Club, Literary Society","Data Science, Web Development, Java, SQL, Python",1,Software,1.0,Hardware,15.8,Startup,7.18,8.42,6.18,6.56,7.64,8.5,5.76,5.3,5,3
23.0,Female,MECH,6.79,1.0,93.35,"Sports Club, Coding Club, Literary Society","SQL, Java, Data Science, Web Development",1,Higher Studies,1.0,Core Engineering,16.85,Startup,6.87,6.29,7.27,6.09,7.18,7.49,6.78,6.37,4,3
18.0,Female,CIVIL,7.54,0.0,64.11,"Robotics, Coding Club, Cultural Club","Python, Web Development, C++, Data Science",1,Consulting,1.0,Software,15.82,Research,7.52,7.16,5.86,7.12,9.78,7.8,6.26,8.85,4,3
18.0,Male,IT,7.02,1.0,60.53,"Literary Society, Robotics","Python, Web Development, Java, C++, Data Science",0,Unknown,0.0,Unknown,0.0,Unknown,8.06,6.9,6.65,6.73,7.27,5.19,8.33,7.04,5,2
19.0,Female,ECE,7.18,2.0,74.35,"Literary Society, Coding Club, Robotics","Python, Machine Learning, Data Science, C++",0,Unknown,0.0,Unknown,0.0,Unknown,7.49,8.58,6.88,7.11,6.41,7.59,6.68,6.68,4,3
23.0,Female,EEE,7.04,2.0,73.59,"Entrepreneurship Cell, Robotics, Coding Club","Python, Web Development",0,Unknown,0.0,Unknown,0.0,Unknown,7.44,5.93,6.84,6.42,7.01,7.8,7.65,7.25,2,3
18.0,Female,MECH,7.61,0.0,70.75,"Robotics, Cultural Club, Sports Club","Data Science, Java, Web Development, SQL",1,Hardware,1.0,Higher Studies,6.38,Higher Studies,7.94,7.18,8.25,7.39,8.56,6.56,7.14,7.83,4,3
20.0,Female,MECH,6.62,1.0,63.29,"Sports Club, Robotics","Machine Learning, SQL",1,Consulting,0.0,Unknown,0.0,Unknown,6.55,4.1,6.34,7.3,6.45,6.78,8.5,6.92,2,2
18.0,Male,ECE,7.19,0.0,93.96,Sports Club,"C++, Machine Learning",0,Unknown,1.0,Software,11.87,Job,9.22,7.06,8.07,7.22,6.18,6.96,5.09,7.69,2,1
21.0,Male,IT,7.14,0.0,67.17,"Robotics, Cultural Club","Data Science, Machine Learning",0,Unknown,0.0,Unknown,0.0,Unknown,8.23,7.46,7.25,7.81,6.74,6.23,6.4,7.0,2,2
20.0,Male,MECH,7.08,0.0,73.64,"Coding Club, Entrepreneurship Cell, Literary Society","Data Science, Python, Machine Learning, Web Development",1,Hardware,1.0,Core Engineering,9.94,Startup,6.57,7.23,6.07,8.29,6.37,8.13,6.77,7.2,4,3
23.0,Female,CSE,6.82,0.0,81.77,"Literary Society, Entrepreneurship Cell, Robotics","Data Science, Java, Python, Web Development",0,Unknown,1.0,Software,3.14,Startup,5.92,8.02,5.74,5.92,7.06,6.68,7.8,7.45,4,3
21.0,Male,CSE,7.15,1.0,68.05,"Cultural Club, Entrepreneurship Cell, Robotics","Machine Learning, Web Development, SQL",0,Unknown,0.0,Unknown,0.0,Unknown,7.96,5.18,6.83,5.89,6.79,9.33,7.29,7.9,3,3
22.0,Male,MECH,7.14,3.0,61.68,"Robotics, Entrepreneurship Cell","Web Development, Machine Learning, Python, SQL",1,Consulting,1.0,Hardware,11.01,Startup,7.66,6.85,7.03,6.83,8.08,7.0,7.25,6.43,4,2
18.0,Female,EEE,6.94,1.0,78.56,"Literary Society, Sports Club, Robotics","Python, Java, Data Science, Machine Learning",1,Software,0.0,Unknown,0.0,Unknown,4.98,4.17,7.81,7.13,6.77,8.39,7.64,8.62,4,3
19.0,Male,CIVIL,7.29,1.0,70.78,"Robotics, Sports Club","SQL, C++, Web Development",0,Unknown,0.0,Unknown,0.0,Unknown,8.16,6.58,8.11,7.6,7.93,5.9,7.1,6.95,3,2
21.0,Male,IT,7.02,0.0,81.52,"Robotics, Entrepreneurship Cell","Python, Java, Machine Learning, Data Science",1,Consulting,0.0,Unknown,0.0,Unknown,5.93,6.22,7.69,6.77,8.59,7.5,6.51,6.99,4,2
19.0,Male,ECE,7.01,1.0,94.04,Coding Club,"Java, Data Science, SQL, Web Development, C++",0,Unknown,0.0,Unknown,0.0,Unknown,5.33,9.09,7.02,5.04,8.2,6.25,8.04,7.12,5,1
20.0,Female,EEE,7.16,1.0,77.43,"Literary Society, Sports Club, Robotics","Python, SQL, Machine Learning, Java, Data Science",1,Hardware,1.0,Software,12.45,Research,7.57,5.84,6.9,8.2,6.13,7.83,6.67,8.16,5,3
20.0,Female,CSE,6.5,2.0,74.98,"Robotics, Literary Society, Coding Club","SQL, Web Development",0,Unknown,0.0,Unknown,0.0,Unknown,6.76,8.87,6.98,6.07,5.71,6.89,5.01,5.7,2,3
21.0,Female,ECE,7.13,1.0,76.52,"Robotics, Literary Society","C++, Java",1,Research,0.0,Unknown,0.0,Unknown,6.33,4.72,6.51,7.62,6.52,8.39,8.66,8.28,2,2
21.0,Female,IT,6.78,2.0,68.72,"Sports Club, Cultural Club, Coding Club","C++, Web Development, Data Science",0,Unknown,1.0,Higher Studies,13.97,Higher Studies,6.64,7.26,7.28,7.04,5.67,6.88,9.28,4.22,3,3
23.0,Female,CIVIL,7.08,2.0,60.04,Literary Society,"Data Science, SQL",0,Unknown,0.0,Unknown,0.0,Unknown,7.44,6.27,7.23,5.14,7.6,7.3,7.64,8.06,2,1
21.0,Female,CSE,7.09,0.0,62.32,"Entrepreneurship Cell, Sports Club","Web Development, SQL, Data Science, Java",0,Unknown,0.0,Unknown,0.0,Unknown,6.13,8.13,5.81,8.64,6.1,7.64,6.67,7.6,4,2
19.0,Male,MECH,6.69,1.0,96.39,"Cultural Club, Sports Club, Robotics","Java, Python, C++, Web Development, SQL",0,Unknown,1.0,Research,17.8,Job,7.3,6.54,6.91,6.31,6.94,5.64,5.58,8.3,5,3
23.0,Male,ECE,6.8,3.0,93.37,"Robotics, Sports Club, Literary Society","Web Development, Machine Learning, Data Science",1,Higher Studies,1.0,Core Engineering,3.14,Research,6.74,6.88,6.21,7.18,6.75,7.11,6.84,6.65,3,3
23.0,Female,CSE,6.72,2.0,71.18,"Robotics, Coding Club, Cultural Club","Machine Learning, Python",0,Unknown,1.0,Consulting,6.93,Job,6.57,5.34,7.47,8.27,7.28,6.15,7.04,5.63,2,3
21.0,Female,EEE,6.72,3.0,89.49,Sports Club,"Machine Learning, Python",1,Higher Studies,1.0,Higher Studies,3.62,Job,7.55,6.45,8.92,6.23,5.31,6.53,5.02,7.75,2,1
19.0,Female,MECH,6.63,0.0,99.38,"Sports Club, Coding Club","Python, Java, Data Science, C++",0,Unknown,1.0,Research,14.33,Research,6.31,7.69,6.68,5.84,7.2,7.4,7.56,4.38,4,2
19.0,Female,CIVIL,6.9,1.0,93.99,"Coding Club, Robotics","Java, Machine Learning, Python, Web Development",1,Research,1.0,Consulting,10.44,Higher Studies,6.62,7.9,7.72,6.71,6.86,6.57,6.83,6.03,4,2
18.0,Male,ECE,6.55,2.0,82.59,"Entrepreneurship Cell, Robotics, Cultural Club","Web Development, Python, SQL, Java",1,Software,1.0,Hardware,15.71,Job,6.76,5.94,5.95,7.3,5.74,5.51,8.43,6.74,4,3
23.0,Female,MECH,7.32,1.0,99.8,"Entrepreneurship Cell, Sports Club, Literary Society","Web Development, C++, Java",1,Higher Studies,0.0,Unknown,0.0,Unknown,7.28,8.57,6.83,5.69,8.09,7.18,7.95,6.96,3,3
22.0,Male,MECH,7.4,3.0,69.89,"Literary Society, Coding Club","Java, SQL",0,Unknown,1.0,Higher Studies,19.93,Higher Studies,8.25,7.87,8.91,6.52,8.4,5.83,6.89,6.53,2,2
23.0,Male,IT,7.13,2.0,99.85,"Entrepreneurship Cell, Literary Society, Sports Club","SQL, Web Development, Python",0,Unknown,0.0,Unknown,0.0,Unknown,6.35,6.52,6.68,7.42,7.52,6.43,6.98,9.14,3,3
23.0,Male,IT,6.68,0.0,69.94,"Cultural Club, Robotics","Python, Web Development",1,Software,0.0,Unknown,0.0,Unknown,7.11,7.08,8.34,6.31,5.49,5.84,6.98,6.27,2,2
21.0,Male,CIVIL,7.01,1.0,63.18,Sports Club,"Python, C++, Data Science, Java",1,Consulting,1.0,Software,18.99,Job,8.04,6.98,8.02,4.63,7.79,5.88,8.77,5.94,4,1
19.0,Female,MECH,7.75,0.0,72.05,"Sports Club, Coding Club","C++, Machine Learning",1,Research,1.0,Consulting,7.23,Job,7.53,7.15,8.18,9.34,7.87,7.95,7.13,6.86,2,2
19.0,Male,MECH,6.8,0.0,93.24,"Sports Club, Entrepreneurship Cell","Web Development, Python, C++, SQL, Java",0,Unknown,0.0,Unknown,0.0,Unknown,6.27,7.51,7.6,6.19,6.54,6.41,6.9,6.97,5,2
21.0,Male,MECH,7.14,0.0,75.0,"Coding Club, Entrepreneurship Cell","Python, C++, SQL, Machine Learning, Data Science",0,Unknown,0.0,Unknown,0.0,Unknown,6.81,6.6,6.33,7.75,8.0,6.92,5.9,8.79,5,2
23.0,Female,CIVIL,7.04,0.0,65.59,"Sports Club, Robotics","SQL, Java, Machine Learning, Web Development",1,Research,0.0,Unknown,0.0,Unknown,7.57,7.73,5.93,8.1,6.83,6.53,6.29,7.3,4,2
22.0,Female,ECE,6.4,2.0,64.46,Coding Club,"Data Science, Web Development, Python, SQL",1,Software,0.0,Unknown,0.0,Unknown,6.79,5.92,5.19,5.36,6.87,9.11,4.28,7.7,4,1
18.0,Male,CSE,6.53,1.0,71.33,"Robotics, Cultural Club, Literary Society","SQL, Java, Machine Learning, Data Science",0,Unknown,0.0,Unknown,0.0,Unknown,6.03,5.12,7.46,5.65,5.28,8.27,7.77,6.67,4,3
19.0,Male,EEE,6.94,4.0,90.2,Cultural Club,"Python, Java",0,Unknown,0.0,Unknown,0.0,Unknown,7.58,7.15,6.52,6.67,7.21,6.84,5.66,7.91,2,1
22.0,Female,CSE,7.1,2.0,73.83,"Cultural Club, Robotics","Java, C++, Web Development, Machine Learning, Data Science",0,Unknown,1.0,Research,6.09,Higher Studies,6.73,6.02,6.56,7.38,7.76,6.08,7.87,8.36,5,2
23.0,Female,ECE,6.8,3.0,93.37,"Robotics, Sports Club, Literary Society","Web Development, Machine Learning, Data Science",1,Higher Studies,1.0,Core Engineering,3.14,Research,6.74,6.88,6.21,7.18,6.75,7.11,6.84,6.65,3,3
21.0,Female,CIVIL,7.41,0.0,84.97,Coding Club,"Java, Machine Learning, SQL, Data Science",0,Unknown,1.0,Higher Studies,17.1,Higher Studies,8.67,8.76,6.86,6.65,5.49,7.0,8.95,6.87,4,1
21.0,Male,CIVIL,7.54,0.0,74.41,"Sports Club, Literary Society, Robotics","Web Development, Data Science",1,Research,0.0,Unknown,0.0,Unknown,5.92,6.78,9.13,8.06,7.21,7.55,8.02,7.68,2,3
23.0,Female,EEE,7.18,0.0,90.18,"Coding Club, Literary Society, Sports Club","Java, Machine Learning, C++, Web Development, SQL",1,Core Engineering,1.0,Software,15.27,Startup,7.11,8.74,7.59,7.84,5.95,7.35,6.96,5.87,5,3
20.0,Male,IT,6.6,1.0,95.58,"Sports Club, Coding Club","Python, SQL",1,Hardware,0.0,Unknown,0.0,Unknown,6.84,5.23,6.21,7.66,6.03,5.69,7.65,7.46,2,2
23.0,Male,CIVIL,7.08,1.0,71.6,Entrepreneurship Cell,"Java, Data Science, Web Development, Machine Learning",1,Software,1.0,Consulting,3.25,Higher Studies,5.72,7.75,7.05,8.26,7.21,5.93,8.73,6.01,4,1
23.0,Female,ECE,6.97,1.0,69.0,"Entrepreneurship Cell, Coding Club","Data Science, SQL",1,Hardware,1.0,Higher Studies,7.62,Higher Studies,7.14,7.01,9.64,8.49,5.42,6.1,6.22,5.77,2,2
21.0,Male,EEE,6.96,0.0,73.54,Coding Club,"SQL, Web Development",0,Unknown,0.0,Unknown,0.0,Unknown,5.83,6.62,6.53,7.8,7.07,9.55,4.99,7.31,2,1
19.0,Male,MECH,7.11,0.0,95.62,"Sports Club, Robotics, Entrepreneurship Cell","C++, Python, SQL, Java, Web Development",0,Unknown,0.0,Unknown,0.0,Unknown,5.81,6.4,7.7,8.29,6.95,5.96,8.05,7.7,5,3
22.0,Female,EEE,7.44,1.0,84.13,Literary Society,"C++, SQL",1,Hardware,0.0,Unknown,0.0,Unknown,7.29,7.57,7.63,8.03,6.75,6.81,7.53,7.89,2,1
21.0,Male,CIVIL,7.08,3.0,73.41,"Literary Society, Robotics, Sports Club","Web Development, Python, Java, SQL",0,Unknown,1.0,Hardware,4.14,Research,5.87,7.62,7.63,6.2,7.9,6.37,7.25,7.82,4,3
19.0,Female,MECH,6.49,1.0,75.64,"Cultural Club, Entrepreneurship Cell, Coding Club","Machine Learning, Python, C++, SQL",0,Unknown,1.0,Software,11.52,Startup,5.46,5.81,7.06,5.39,6.45,7.81,7.45,6.47,4,3
22.0,Male,CSE,6.96,4.0,93.75,Entrepreneurship Cell,"Java, Data Science",1,Consulting,1.0,Higher Studies,7.44,Job,6.69,7.26,6.2,6.2,6.77,7.29,6.8,8.47,2,1
21.0,Female,CIVIL,7.18,0.0,72.84,"Literary Society, Entrepreneurship Cell, Sports Club","C++, SQL, Data Science, Java",1,Software,1.0,Core Engineering,10.13,Startup,10.0,5.45,6.86,5.76,6.75,9.48,6.18,6.98,4,3
18.0,Male,EEE,6.72,2.0,89.6,Cultural Club,"Web Development, SQL, Java",0,Unknown,1.0,Higher Studies,13.67,Higher Studies,7.34,7.74,7.56,4.97,6.54,6.03,6.69,6.89,3,1
18.0,Male,EEE,7.01,0.0,62.79,Cultural Club,"Machine Learning, SQL, Python",1,Core Engineering,0.0,Unknown,0.0,Unknown,7.05,7.21,7.57,6.3,8.31,5.42,5.96,8.29,3,1
23.0,Female,CSE,6.33,1.0,95.82,Cultural Club,"Java, Python, Web Development, SQL",0,Unknown,1.0,Core Engineering,17.73,Job,8.75,4.94,5.29,7.44,4.52,4.96,8.18,6.59,4,1
23.0,Female,EEE,6.99,0.0,67.38,"Cultural Club, Entrepreneurship Cell, Literary Society","Java, Data Science, Machine Learning, Web Development",1,Research,0.0,Unknown,0.0,Unknown,7.15,6.39,7.14,8.59,7.7,5.86,6.89,6.2,4,3
21.0,Female,CSE,6.48,1.0,70.83,"Cultural Club, Literary Society","C++, Web Development, Java, Machine Learning, Data Science",0,Unknown,1.0,Hardware,17.52,Startup,6.7,6.2,6.57,5.89,5.31,6.3,7.63,7.23,5,2
18.0,Female,ECE,7.42,4.0,62.4,"Cultural Club, Robotics, Coding Club","Data Science, Python, Java, Web Development",0,Unknown,1.0,Core Engineering,11.8,Higher Studies,8.05,7.57,6.32,7.01,7.73,7.06,8.25,7.4,4,3
23.0,Male,MECH,7.32,1.0,99.8,"Entrepreneurship Cell, Sports Club, Literary Society","Web Development, C++, Java",1,Higher Studies,0.0,Unknown,0.0,Unknown,7.28,8.57,6.83,5.69,8.09,7.18,7.95,6.96,3,3
21.0,Male,EEE,7.1,3.0,69.03,"Robotics, Entrepreneurship Cell","Python, Java, SQL",0,Unknown,0.0,Unknown,0.0,Unknown,7.15,7.1,7.44,7.84,7.39,7.45,5.42,7.05,3,2
23.0,Male,IT,6.49,0.0,86.2,Robotics,"Data Science, Web Development, Java",1,Consulting,1.0,Hardware,7.82,Higher Studies,5.41,6.34,6.1,7.81,7.12,5.71,7.88,5.57,3,1
23.0,Female,EEE,6.71,0.0,84.81,"Robotics, Coding Club","Web Development, Machine Learning, SQL, Java",0,Unknown,1.0,Consulting,8.0,Job,6.17,7.96,7.12,5.49,7.45,6.07,6.23,7.2,4,2
20.0,Female,MECH,7.14,3.0,85.39,"Coding Club, Entrepreneurship Cell, Robotics","Java, Data Science, C++, Web Development",0,Unknown,0.0,Unknown,0.0,Unknown,6.67,6.6,6.04,7.42,9.06,5.93,7.02,8.41,4,3
22.0,Female,MECH,7.66,2.0,62.5,"Sports Club, Robotics, Literary Society","Machine Learning, Java, SQL, Data Science, C++",1,Research,1.0,Hardware,9.53,Job,7.17,7.44,6.43,8.99,7.58,8.3,8.07,7.33,5,3
22.0,Male,EEE,7.78,0.0,95.15,"Literary Society, Sports Club, Cultural Club","Data Science, Machine Learning, Python, Web Development, SQL",0,Unknown,1.0,Higher Studies,16.56,Job,6.98,8.19,9.53,6.47,6.51,8.04,7.68,8.85,5,3
21.0,Male,IT,7.62,1.0,95.6,"Coding Club, Literary Society, Sports Club","Data Science, SQL, Python, Machine Learning",1,Consulting,1.0,Research,4.43,Higher Studies,7.07,7.72,7.76,8.46,6.17,7.7,6.97,9.11,4,3
18.0,Female,CSE,7.31,1.0,83.37,"Cultural Club, Literary Society","Web Development, Machine Learning, C++, Python, SQL",0,Unknown,1.0,Research,18.32,Startup,7.22,7.01,7.1,6.23,7.02,7.5,8.45,7.96,5,2
23.0,Male,IT,7.39,0.0,76.12,"Literary Society, Sports Club, Cultural Club","C++, Java, Machine Learning, Python",0,Unknown,1.0,Software,14.04,Research,6.58,5.87,7.22,7.77,7.68,6.86,9.0,8.14,4,3
20.0,Male,IT,6.52,0.0,60.28,Robotics,"Web Development, Python, Machine Learning, Java, SQL",0,Unknown,0.0,Unknown,0.0,Unknown,5.96,7.67,6.2,6.05,5.56,6.52,6.92,7.24,5,1
21.0,Female,EEE,7.02,0.0,77.13,"Entrepreneurship Cell, Literary Society","Java, Data Science, C++, Web Development, Python",1,Higher Studies,0.0,Unknown,0.0,Unknown,8.66,6.26,6.89,6.51,8.59,6.57,6.27,6.42,5,2
19.0,Female,CSE,7.2,1.0,70.6,"Entrepreneurship Cell, Robotics","Machine Learning, Python, Web Development, Java",1,Higher Studies,1.0,Hardware,14.84,Higher Studies,7.82,7.68,7.16,5.17,7.68,7.5,7.41,7.2,4,2
22.0,Female,EEE,7.23,1.0,74.76,"Robotics, Sports Club","SQL, Machine Learning, Web Development",0,Unknown,1.0,Higher Studies,5.06,Higher Studies,7.77,8.53,7.92,6.46,7.14,6.39,6.29,7.34,3,2
20.0,Male,ECE,6.87,1.0,89.07,"Literary Society, Sports Club, Cultural Club","Python, Web Development",0,Unknown,1.0,Hardware,16.16,Startup,6.57,7.09,5.62,8.39,7.68,6.63,6.1,6.91,2,3
22.0,Female,EEE,7.44,1.0,84.13,Literary Society,"C++, SQL",1,Hardware,0.0,Unknown,0.0,Unknown,7.29,7.57,7.63,8.03,6.75,6.81,7.53,7.89,2,1
18.0,Male,CIVIL,7.04,5.0,70.1,"Cultural Club, Robotics","SQL, Python, Java, Machine Learning",1,Research,1.0,Hardware,4.94,Research,7.52,7.33,5.48,7.48,7.69,6.66,8.04,6.15,4,2
22.0,Male,MECH,7.32,1.0,68.08,"Literary Society, Entrepreneurship Cell, Coding Club","Machine Learning, Data Science, Python, C++, Java",1,Hardware,0.0,Unknown,0.0,Unknown,7.56,8.16,6.65,8.44,5.28,8.08,8.15,6.23,5,3
18.0,Female,ECE,7.06,0.0,78.54,"Coding Club, Cultural Club","Python, Web Development",0,Unknown,1.0,Consulting,18.09,Job,8.03,7.68,6.61,7.32,8.26,6.8,6.69,5.11,2,2
23.0,Male,EEE,6.76,0.0,79.06,"Coding Club, Entrepreneurship Cell, Sports Club","Machine Learning, C++, Web Development, SQL, Python",0,Unknown,1.0,Core Engineering,8.41,Higher Studies,6.46,5.65,5.87,6.94,6.93,7.33,6.91,7.98,5,3
22.0,Male,CSE,7.4,0.0,79.41,Entrepreneurship Cell,"C++, SQL, Web Development, Machine Learning, Data Science",1,Higher Studies,1.0,Software,9.34,Research,7.33,7.51,6.87,7.34,9.12,8.55,6.05,6.4,5,1
21.0,Female,CIVIL,6.93,1.0,76.28,"Robotics, Entrepreneurship Cell","Machine Learning, Python, Web Development, Data Science, SQL",0,Unknown,0.0,Unknown,0.0,Unknown,7.58,8.2,6.19,7.39,7.73,6.33,6.79,5.25,5,2
19.0,Female,MECH,6.84,2.0,85.51,"Entrepreneurship Cell, Robotics","Java, Web Development, Machine Learning, C++",0,Unknown,1.0,Software,11.6,Research,5.88,4.67,8.25,5.53,7.62,8.18,7.38,7.23,4,2
21.0,Female,EEE,7.14,1.0,61.1,"Cultural Club, Entrepreneurship Cell, Sports Club","Data Science, Web Development, C++, Java, Machine Learning",1,Core Engineering,0.0,Unknown,0.0,Unknown,6.34,7.34,7.11,8.18,7.38,6.98,6.46,7.34,5,3
18.0,Male,ECE,7.06,0.0,78.54,"Coding Club, Cultural Club","Python, Web Development",0,Unknown,1.0,Consulting,18.09,Job,8.03,7.68,6.61,7.32,8.26,6.8,6.69,5.11,2,2
21.0,Male,IT,7.62,1.0,95.6,"Coding Club, Literary Society, Sports Club","Data Science, SQL, Python, Machine Learning",1,Consulting,1.0,Research,4.43,Higher Studies,7.07,7.72,7.76,8.46,6.17,7.7,6.97,9.11,4,3
21.0,Female,ECE,6.75,0.0,84.72,Cultural Club,"C++, SQL, Data Science, Web Development",0,Unknown,1.0,Hardware,10.82,Startup,5.33,6.19,5.95,5.9,7.34,7.59,8.07,7.61,4,1
21.0,Female,CSE,6.9,3.0,76.78,"Sports Club, Literary Society, Robotics","Machine Learning, Python",1,Software,1.0,Higher Studies,7.21,Higher Studies,5.8,6.67,6.53,6.35,8.77,7.4,5.74,7.92,2,3
18.0,Female,IT,7.31,1.0,90.39,Entrepreneurship Cell,"SQL, Machine Learning, Web Development",1,Consulting,0.0,Unknown,0.0,Unknown,7.97,8.6,5.52,6.33,7.52,6.11,8.36,8.06,3,1
23.0,Male,IT,6.92,0.0,73.01,"Coding Club, Literary Society, Cultural Club","Python, SQL",1,Software,0.0,Unknown,0.0,Unknown,6.27,5.98,5.97,6.25,8.22,7.82,6.75,8.13,2,3
19.0,Male,ECE,6.84,2.0,88.38,Entrepreneurship Cell,"Web Development, Machine Learning",0,Unknown,1.0,Hardware,7.62,Startup,5.09,8.32,7.07,6.59,6.91,6.96,5.27,8.49,2,1
23.0,Male,CSE,7.29,1.0,73.37,"Cultural Club, Sports Club, Literary Society","C++, Java, Python, Data Science, Web Development",1,Software,0.0,Unknown,0.0,Unknown,7.3,8.17,8.04,6.0,9.43,8.95,6.44,4.0,5,3
21.0,Male,CIVIL,6.97,1.0,89.22,Coding Club,"Web Development, Machine Learning, SQL, Java",1,Hardware,1.0,Hardware,5.3,Job,6.02,7.0,6.86,8.06,8.51,8.48,4.74,6.06,4,1
21.0,Female,CIVIL,7.54,0.0,74.41,"Sports Club, Literary Society, Robotics","Web Development, Data Science",1,Research,0.0,Unknown,0.0,Unknown,5.92,6.78,9.13,8.06,7.21,7.55,8.02,7.68,2,3
22.0,Female,MECH,6.62,0.0,98.26,"Sports Club, Robotics","Machine Learning, Java, SQL, Web Development, C++",1,Software,0.0,Unknown,0.0,Unknown,5.14,6.7,7.45,7.74,5.41,7.64,6.75,6.12,5,2
22.0,Female,IT,7.11,2.0,75.59,"Literary Society, Robotics, Coding Club","Java, Machine Learning, Web Development, SQL, Python",1,Software,1.0,Hardware,15.41,Job,7.85,6.42,8.04,7.09,6.56,7.07,6.71,7.11,5,3
23.0,Male,EEE,6.71,0.0,84.81,"Robotics, Coding Club","Web Development, Machine Learning, SQL, Java",0,Unknown,1.0,Consulting,8.0,Job,6.17,7.96,7.12,5.49,7.45,6.07,6.23,7.2,4,2
20.0,Female,ECE,7.27,1.0,66.62,Cultural Club,"Data Science, Web Development",1,Software,0.0,Unknown,0.0,Unknown,6.1,7.57,8.49,7.72,7.92,6.48,5.4,8.49,2,1
23.0,Male,CIVIL,7.28,1.0,61.4,"Cultural Club, Robotics, Coding Club","Web Development, Machine Learning, SQL, Python",0,Unknown,1.0,Consulting,9.97,Research,6.18,7.9,8.32,6.91,6.19,6.41,7.36,8.96,4,3
22.0,Male,MECH,7.4,3.0,69.89,"Literary Society, Coding Club","Java, SQL",0,Unknown,1.0,Higher Studies,19.93,Higher Studies,8.25,7.87,8.91,6.52,8.4,5.83,6.89,6.53,2,2
22.0,Female,EEE,6.77,0.0,68.27,"Coding Club, Sports Club, Entrepreneurship Cell","C++, SQL, Machine Learning",0,Unknown,1.0,Research,14.12,Startup,6.24,6.61,7.38,5.69,6.6,6.96,5.9,8.8,3,3
18.0,Female,MECH,7.61,0.0,70.75,"Robotics, Cultural Club, Sports Club","Data Science, Java, Web Development, SQL",1,Hardware,1.0,Higher Studies,6.38,Higher Studies,7.94,7.18,8.25,7.39,8.56,6.56,7.14,7.83,4,3
18.0,Female,CSE,6.57,1.0,69.01,"Cultural Club, Sports Club","Data Science, SQL, Java",1,Core Engineering,1.0,Software,9.21,Research,4.99,8.07,7.71,6.71,5.58,7.6,4.92,6.98,3,2
23.0,Male,EEE,6.84,1.0,89.24,"Coding Club, Sports Club, Literary Society","Machine Learning, Web Development, C++, SQL, Java",0,Unknown,0.0,Unknown,0.0,Unknown,6.18,7.01,8.05,5.7,6.2,6.05,7.33,8.24,5,3
20.0,Male,EEE,7.16,1.0,77.43,"Literary Society, Sports Club, Robotics","Python, SQL, Machine Learning, Java, Data Science",1,Hardware,1.0,Software,12.45,Research,7.57,5.84,6.9,8.2,6.13,7.83,6.67,8.16,5,3
19.0,Male,CSE,7.01,0.0,77.89,Coding Club,"Java, Python, Web Development, SQL, C++",0,Unknown,0.0,Unknown,0.0,Unknown,6.12,6.48,5.11,6.61,6.95,6.86,9.15,8.83,5,1
19.0,Female,IT,7.04,0.0,96.13,"Literary Society, Cultural Club, Sports Club","SQL, Web Development, Machine Learning, Data Science",0,Unknown,0.0,Unknown,0.0,Unknown,7.31,7.81,7.31,5.97,6.46,6.37,7.54,7.56,4,3
18.0,Female,MECH,7.15,1.0,65.18,"Entrepreneurship Cell, Robotics, Sports Club","Java, Machine Learning",0,Unknown,1.0,Core Engineering,18.11,Job,7.34,6.62,6.29,6.3,9.36,7.94,6.16,7.16,2,3
22.0,Male,CSE,7.22,0.0,60.26,"Literary Society, Robotics","Web Development, Python",1,Hardware,0.0,Unknown,0.0,Unknown,7.69,8.47,5.89,6.96,6.47,5.43,7.35,9.51,2,2
21.0,Female,MECH,6.99,0.0,70.45,"Literary Society, Robotics","C++, Machine Learning, Python, Java",1,Consulting,0.0,Unknown,0.0,Unknown,8.34,5.24,6.06,7.81,7.18,7.04,8.26,5.99,4,2
18.0,Male,CSE,7.04,1.0,76.4,"Literary Society, Entrepreneurship Cell, Sports Club","Web Development, Data Science, Python, Java",0,Unknown,0.0,Unknown,0.0,Unknown,6.78,8.72,7.19,5.54,7.1,7.52,6.87,6.59,4,3
18.0,Male,IT,7.06,1.0,87.66,"Literary Society, Sports Club, Cultural Club","Java, Machine Learning, C++, Data Science",0,Unknown,1.0,Consulting,3.81,Higher Studies,6.86,6.52,6.26,5.53,8.8,7.17,6.56,8.82,4,3
18.0,Female,ECE,7.01,1.0,77.85,"Sports Club, Entrepreneurship Cell, Coding Club","Data Science, Web Development, Machine Learning",0,Unknown,1.0,Software,15.36,Higher Studies,7.15,6.66,6.98,6.89,8.22,5.92,6.24,8.04,3,3
18.0,Male,CSE,7.19,0.0,76.12,"Coding Club, Literary Society, Sports Club","Machine Learning, Data Science, Python, SQL, C++",1,Consulting,0.0,Unknown,0.0,Unknown,7.08,6.9,7.92,6.71,7.27,7.32,6.33,7.99,5,3
19.0,Male,ECE,7.36,0.0,76.18,"Robotics, Cultural Club, Literary Society","Web Development, Java, C++, Machine Learning, Data Science",1,Higher Studies,0.0,Unknown,0.0,Unknown,6.99,6.17,7.9,6.66,7.37,7.7,8.26,7.84,5,3
19.0,Male,ECE,7.12,0.0,88.33,Robotics,"Python, Java, C++, SQL, Machine Learning",1,Consulting,1.0,Higher Studies,11.19,Job,5.42,7.08,8.06,7.24,6.68,7.46,7.19,7.83,5,1
21.0,Female,IT,7.14,0.0,67.17,"Robotics, Cultural Club","Data Science, Machine Learning",0,Unknown,0.0,Unknown,0.0,Unknown,8.23,7.46,7.25,7.81,6.74,6.23,6.4,7.0,2,2
20.0,Female,EEE,7.55,0.0,66.09,Robotics,"Web Development, Python, SQL",1,Higher Studies,1.0,Core Engineering,18.29,Higher Studies,7.59,8.99,7.36,7.77,8.26,7.18,5.45,7.79,3,1
23.0,Male,ECE,6.97,1.0,69.0,"Entrepreneurship Cell, Coding Club","Data Science, SQL",1,Hardware,1.0,Higher Studies,7.62,Higher Studies,7.14,7.01,9.64,8.49,5.42,6.1,6.22,5.77,2,2
19.0,Male,CIVIL,7.08,0.0,84.79,Literary Society,"Data Science, SQL, Machine Learning",1,Research,0.0,Unknown,0.0,Unknown,5.79,8.82,7.03,6.92,7.67,6.01,7.75,6.62,3,1
22.0,Male,MECH,6.94,1.0,89.83,"Coding Club, Robotics, Literary Society","C++, Java, Python, Data Science, Web Development",1,Core Engineering,0.0,Unknown,0.0,Unknown,7.08,6.92,7.52,7.27,7.26,5.98,5.31,8.14,5,3
20.0,Female,IT,7.1,0.0,94.71,Entrepreneurship Cell,"C++, SQL, Data Science, Machine Learning, Python",1,Consulting,1.0,Core Engineering,6.95,Research,6.83,8.83,5.91,6.69,8.5,6.68,6.06,7.26,5,1
23.0,Male,ECE,7.33,0.0,62.65,"Sports Club, Cultural Club","Web Development, C++, SQL",1,Higher Studies,1.0,Research,6.67,Research,7.34,9.51,6.68,7.14,7.85,6.43,8.27,5.42,3,2
20.0,Female,EEE,6.67,1.0,67.03,"Coding Club, Robotics","Data Science, C++",0,Unknown,1.0,Research,5.46,Startup,6.47,8.13,6.41,9.06,5.36,6.04,6.84,5.02,2,2
21.0,Female,EEE,6.99,0.0,79.66,"Entrepreneurship Cell, Literary Society, Coding Club","Web Development, C++, Java, Python",1,Core Engineering,0.0,Unknown,0.0,Unknown,7.16,6.61,6.48,6.96,6.09,7.03,6.95,8.64,4,3
19.0,Male,CSE,7.2,1.0,70.6,"Entrepreneurship Cell, Robotics","Machine Learning, Python, Web Development, Java",1,Higher Studies,1.0,Hardware,14.84,Higher Studies,7.82,7.68,7.16,5.17,7.68,7.5,7.41,7.2,4,2
19.0,Female,CIVIL,6.52,1.0,83.37,"Coding Club, Literary Society, Sports Club","Python, C++, Web Development, SQL, Java",1,Core Engineering,1.0,Consulting,15.53,Research,8.19,7.22,7.08,6.12,6.3,5.81,4.82,6.61,5,3
23.0,Female,CIVIL,7.19,2.0,66.73,"Entrepreneurship Cell, Coding Club","Data Science, C++, Java, Python",0,Unknown,0.0,Unknown,0.0,Unknown,8.03,7.87,5.86,7.82,6.94,7.07,7.07,6.85,4,2
19.0,Male,ECE,6.54,2.0,80.69,"Cultural Club, Literary Society, Entrepreneurship Cell","Python, Machine Learning, Web Development",1,Hardware,1.0,Higher Studies,9.44,Higher Studies,6.73,6.93,7.58,4.61,5.73,7.04,6.6,7.13,3,3
22.0,Female,IT,6.96,1.0,92.82,"Entrepreneurship Cell, Cultural Club, Sports Club","Data Science, C++, SQL, Web Development, Python",0,Unknown,0.0,Unknown,0.0,Unknown,8.99,6.17,6.45,6.85,7.84,7.21,5.71,6.47,5,3
18.0,Male,MECH,7.35,2.0,87.31,"Literary Society, Robotics, Entrepreneurship Cell","SQL, Web Development",0,Unknown,0.0,Unknown,0.0,Unknown,6.58,6.73,6.27,8.1,7.31,7.32,8.22,8.23,2,3
21.0,Female,MECH,6.37,0.0,71.69,"Literary Society, Robotics","C++, Web Development, Python, SQL, Machine Learning",1,Higher Studies,1.0,Consulting,16.79,Job,5.52,5.23,5.3,6.11,7.7,7.76,6.39,6.97,5,2
23.0,Male,MECH,7.23,1.0,60.58,Robotics,"Java, C++, Python, Web Development, Machine Learning",0,Unknown,1.0,Consulting,5.03,Higher Studies,6.64,7.19,6.97,8.33,7.32,8.1,7.61,5.68,5,1
19.0,Female,CSE,6.94,0.0,92.43,"Coding Club, Sports Club","Web Development, SQL, C++, Data Science, Python",1,Higher Studies,0.0,Unknown,0.0,Unknown,5.04,5.52,7.0,6.46,8.99,8.83,6.13,7.56,5,2
22.0,Female,CIVIL,6.83,1.0,84.05,Coding Club,"C++, Data Science, Web Development, Machine Learning",0,Unknown,1.0,Hardware,12.56,Higher Studies,8.73,7.67,6.75,6.76,4.78,6.15,6.65,7.18,4,1
22.0,Female,CIVIL,7.49,0.0,79.3,Robotics,"Python, Web Development, Java",1,Consulting,0.0,Unknown,0.0,Unknown,6.9,7.05,8.63,6.27,7.68,6.37,8.2,8.79,3,1
19.0,Female,CSE,6.05,1.0,68.62,Entrepreneurship Cell,"Web Development, Data Science",0,Unknown,1.0,Consulting,6.76,Job,7.05,4.78,6.82,7.0,4.58,7.02,5.99,5.16,2,1
19.0,Male,MECH,7.4,1.0,61.61,Coding Club,"SQL, Data Science, Java, Machine Learning",1,Software,1.0,Software,6.42,Research,7.02,6.2,7.58,7.46,8.54,8.26,6.31,7.82,4,1
21.0,Male,EEE,6.82,1.0,63.31,"Sports Club, Robotics, Entrepreneurship Cell","Java, Data Science",1,Hardware,1.0,Software,5.14,Research,7.67,8.12,5.89,5.98,7.61,7.64,5.66,6.01,2,3
20.0,Male,MECH,6.6,2.0,75.89,Entrepreneurship Cell,"Machine Learning, Java, SQL, Web Development",1,Hardware,1.0,Higher Studies,8.73,Research,6.11,6.61,6.82,4.1,8.67,6.1,7.51,6.91,4,1
18.0,Male,EEE,6.73,2.0,77.75,Cultural Club,"Java, Python, C++, Data Science",1,Consulting,0.0,Unknown,0.0,Unknown,7.57,6.56,5.56,6.42,6.46,8.07,7.17,6.04,4,1
18.0,Female,IT,7.21,1.0,72.13,"Sports Club, Literary Society","Web Development, Machine Learning, Data Science, C++, SQL",0,Unknown,1.0,Core Engineering,7.47,Job,7.08,8.23,6.25,7.23,6.47,7.36,7.5,7.58,5,2
20.0,Female,EEE,7.02,1.0,91.9,Robotics,"Java, Python, C++, Machine Learning, Web Development",1,Higher Studies,1.0,Research,11.64,Startup,7.22,8.06,8.1,6.4,6.79,6.6,5.46,7.54,5,1
21.0,Male,ECE,6.86,0.0,71.14,Coding Club,"Machine Learning, Python",0,Unknown,1.0,Hardware,5.2,Job,6.25,7.34,7.08,6.45,6.16,7.41,7.55,6.64,2,1
22.0,Female,EEE,6.54,3.0,60.04,"Robotics, Entrepreneurship Cell","Python, Data Science, SQL, Java",0,Unknown,1.0,Software,18.31,Higher Studies,5.24,7.99,5.86,7.7,7.13,6.95,5.7,5.71,4,2
22.0,Male,CSE,7.52,1.0,75.66,"Entrepreneurship Cell, Robotics, Coding Club","Data Science, Web Development, Machine Learning, Python",1,Consulting,0.0,Unknown,0.0,Unknown,8.71,7.82,8.77,6.6,7.25,7.81,4.67,8.51,4,3
18.0,Female,MECH,7.12,1.0,65.82,"Robotics, Sports Club","Web Development, C++, Data Science",1,Consulting,1.0,Software,9.9,Job,6.9,8.23,7.11,6.63,6.37,7.27,6.15,8.28,3,2
19.0,Male,EEE,6.89,0.0,66.88,"Literary Society, Sports Club","Data Science, SQL, Machine Learning",0,Unknown,0.0,Unknown,0.0,Unknown,6.23,6.74,6.67,6.49,7.27,5.14,7.88,8.69,3,2
22.0,Male,CIVIL,6.43,0.0,63.39,"Sports Club, Cultural Club, Robotics","SQL, Data Science, Java, Machine Learning, Python",1,Software,0.0,Unknown,0.0,Unknown,6.27,5.34,6.67,6.06,6.35,7.61,6.95,6.17,5,3
19.0,Male,CIVIL,7.31,0.0,88.73,"Robotics, Coding Club","Python, Java, SQL",0,Unknown,1.0,Consulting,4.89,Startup,8.12,7.43,8.91,5.96,6.97,8.16,6.43,6.51,3,2
18.0,Female,IT,6.85,0.0,89.93,"Literary Society, Entrepreneurship Cell, Robotics","Machine Learning, C++",1,Research,0.0,Unknown,0.0,Unknown,6.9,6.67,6.69,5.45,7.26,6.96,7.75,7.09,2,3
23.0,Male,CSE,6.36,2.0,65.54,Sports Club,"Java, Machine Learning",1,Research,0.0,Unknown,0.0,Unknown,5.97,8.11,7.04,5.89,5.25,5.47,6.33,6.83,2,1
23.0,Male,IT,7.17,1.0,77.21,"Sports Club, Coding Club","C++, Machine Learning, Data Science, Python, Web Development",0,Unknown,0.0,Unknown,0.0,Unknown,5.35,8.51,8.16,6.91,7.85,6.63,7.1,6.86,5,2
21.0,Female,CIVIL,8.07,0.0,63.35,"Coding Club, Cultural Club, Entrepreneurship Cell","C++, Web Development, Machine Learning, Java, Python",1,Higher Studies,0.0,Unknown,0.0,Unknown,7.59,8.42,8.46,8.34,7.87,9.09,7.44,7.33,5,3
21.0,Female,MECH,6.99,1.0,78.31,Literary Society,"Data Science, Python, Java",0,Unknown,1.0,Higher Studies,6.55,Startup,5.94,8.06,7.2,6.72,6.56,7.14,7.41,6.88,3,1
23.0,Male,MECH,6.74,0.0,94.48,"Literary Society, Robotics, Cultural Club","C++, Data Science",1,Higher Studies,1.0,Software,10.21,Startup,6.77,6.82,6.52,7.69,6.37,6.64,5.74,7.38,2,3
21.0,Female,EEE,6.99,0.0,79.66,"Entrepreneurship Cell, Literary Society, Coding Club","Web Development, C++, Java, Python",1,Core Engineering,0.0,Unknown,0.0,Unknown,7.16,6.61,6.48,6.96,6.09,7.03,6.95,8.64,4,3
20.0,Male,CIVIL,6.56,1.0,73.45,"Entrepreneurship Cell, Robotics","Java, Data Science, C++, Machine Learning",0,Unknown,0.0,Unknown,0.0,Unknown,6.43,7.67,7.64,6.1,5.86,5.91,6.53,6.31,4,2
23.0,Male,CIVIL,7.05,1.0,88.84,"Robotics, Literary Society","Machine Learning, Java, SQL",0,Unknown,1.0,Consulting,9.0,Higher Studies,8.87,8.01,6.54,7.78,6.6,5.89,6.1,6.64,3,2
18.0,Female,EEE,6.92,0.0,79.98,"Robotics, Literary Society","SQL, Data Science, Machine Learning",1,Consulting,1.0,Core Engineering,16.0,Job,5.77,6.84,7.93,5.5,7.6,6.7,6.03,9.02,3,2
18.0,Male,MECH,6.74,1.0,75.04,"Cultural Club, Sports Club, Robotics","C++, SQL, Java",0,Unknown,0.0,Unknown,0.0,Unknown,7.12,6.03,8.2,6.84,6.97,6.07,6.56,6.12,3,3
22.0,Female,MECH,6.73,1.0,95.9,"Sports Club, Entrepreneurship Cell, Coding Club","Java, C++, Data Science",1,Consulting,0.0,Unknown,0.0,Unknown,7.25,6.3,5.28,5.42,6.53,7.19,8.41,7.48,3,3
18.0,Male,EEE,6.96,1.0,90.11,"Literary Society, Robotics","SQL, C++",0,Unknown,0.0,Unknown,0.0,Unknown,8.26,7.88,6.32,7.76,6.83,5.07,7.16,6.38,2,2
21.0,Male,IT,6.6,1.0,91.45,Robotics,"C++, Web Development, Machine Learning",0,Unknown,1.0,Higher Studies,7.25,Higher Studies,6.51,5.52,6.95,5.42,7.39,7.68,6.17,7.16,3,1
20.0,Female,CIVIL,7.51,3.0,63.54,Coding Club,"Machine Learning, Data Science, Java",1,Consulting,0.0,Unknown,0.0,Unknown,7.95,7.51,7.73,7.52,6.36,7.43,7.8,7.75,3,1
18.0,Female,CIVIL,6.7,3.0,98.98,Sports Club,"Python, Web Development, Data Science, SQL",0,Unknown,0.0,Unknown,0.0,Unknown,6.4,6.45,8.63,6.7,7.59,7.05,5.64,5.16,4,1
19.0,Female,CSE,6.41,1.0,68.61,Coding Club,"Web Development, Python, Data Science, SQL, Machine Learning",1,Core Engineering,0.0,Unknown,0.0,Unknown,5.54,6.58,5.69,7.79,7.42,7.36,4.4,6.47,5,1
22.0,Female,ECE,6.66,1.0,61.42,Sports Club,"Data Science, Machine Learning, SQL, Python, Java",0,Unknown,0.0,Unknown,0.0,Unknown,7.32,7.17,6.0,6.82,4.82,7.18,8.43,5.53,5,1
18.0,Male,CIVIL,6.71,1.0,71.87,Coding Club,"Web Development, Data Science, Java, C++",1,Core Engineering,1.0,Consulting,17.31,Research,6.49,7.83,7.72,6.88,6.43,5.31,6.98,6.05,4,1
21.0,Female,ECE,7.23,2.0,89.0,"Cultural Club, Sports Club","Machine Learning, Java",1,Software,0.0,Unknown,0.0,Unknown,7.83,7.25,6.54,7.86,7.9,7.06,7.44,5.97,2,2
20.0,Female,CSE,7.29,0.0,73.52,Robotics,"Java, Python",1,Higher Studies,1.0,Software,10.99,Higher Studies,6.53,8.53,4.71,7.3,7.83,7.7,7.79,7.93,2,1
20.0,Female,CIVIL,6.52,0.0,69.78,"Cultural Club, Literary Society","Java, Machine Learning, Web Development, SQL",0,Unknown,0.0,Unknown,0.0,Unknown,8.25,5.4,5.48,6.09,6.52,5.6,7.37,7.43,4,2
21.0,Male,IT,7.62,1.0,95.6,"Coding Club, Literary Society, Sports Club","Data Science, SQL, Python, Machine Learning",1,Consulting,1.0,Research,4.43,Higher Studies,7.07,7.72,7.76,8.46,6.17,7.7,6.97,9.11,4,3
23.0,Male,IT,6.68,0.0,69.94,"Cultural Club, Robotics","Python, Web Development",1,Software,0.0,Unknown,0.0,Unknown,7.11,7.08,8.34,6.31,5.49,5.84,6.98,6.27,2,2
18.0,Male,IT,6.58,3.0,60.53,"Sports Club, Robotics, Coding Club","Java, SQL",0,Unknown,0.0,Unknown,0.0,Unknown,7.94,6.03,7.14,6.58,5.99,6.27,4.95,7.75,2,3
19.0,Female,CIVIL,7.04,0.0,61.09,"Literary Society, Robotics, Coding Club","Python, Java, Data Science, Machine Learning, SQL",1,Hardware,1.0,Core Engineering,11.9,Startup,7.68,7.79,5.43,7.38,8.37,6.64,6.43,6.58,5,3
21.0,Female,IT,7.1,0.0,92.29,"Sports Club, Coding Club","C++, Data Science, SQL, Web Development, Python",1,Hardware,1.0,Higher Studies,9.24,Startup,7.23,8.24,8.22,8.02,6.74,5.16,5.14,8.02,5,2
19.0,Female,EEE,6.73,3.0,65.99,"Entrepreneurship Cell, Literary Society, Sports Club","Python, Java, SQL, Data Science",1,Hardware,0.0,Unknown,0.0,Unknown,6.54,5.92,7.18,7.27,5.38,7.38,8.07,6.09,4,3
23.0,Male,ECE,6.59,1.0,74.06,"Literary Society, Sports Club","Java, Machine Learning, SQL, Web Development",1,Core Engineering,0.0,Unknown,0.0,Unknown,6.95,5.88,7.3,5.28,7.28,6.72,7.37,5.95,4,2
22.0,Male,EEE,6.41,0.0,85.67,"Entrepreneurship Cell, Literary Society","Data Science, Python",1,Research,1.0,Core Engineering,12.7,Higher Studies,6.81,6.31,5.87,6.53,5.11,6.27,8.24,6.18,2,2
22.0,Female,ECE,6.79,0.0,96.01,"Literary Society, Cultural Club","Web Development, Java",1,Research,0.0,Unknown,0.0,Unknown,6.96,7.55,5.47,6.45,7.31,6.24,8.1,6.26,2,2
19.0,Female,ECE,6.83,1.0,80.5,"Robotics, Coding Club, Cultural Club","Web Development, SQL, Data Science",0,Unknown,0.0,Unknown,0.0,Unknown,9.0,6.69,7.36,7.54,6.0,6.14,5.79,6.11,3,3
21.0,Male,EEE,6.71,0.0,83.42,"Entrepreneurship Cell, Literary Society","Data Science, C++, Java, Python",1,Hardware,1.0,Core Engineering,13.05,Research,6.67,8.04,7.46,6.81,5.72,5.4,7.31,6.28,4,2
18.0,Male,IT,7.02,1.0,75.09,"Sports Club, Cultural Club","Data Science, Web Development, C++",0,Unknown,1.0,Consulting,3.04,Research,7.79,6.71,6.63,6.18,6.37,6.73,8.96,6.8,3,2
18.0,Female,MECH,6.94,1.0,71.84,"Sports Club, Cultural Club","Web Development, Machine Learning",0,Unknown,1.0,Consulting,14.29,Research,6.15,8.25,7.78,6.96,6.58,4.97,5.93,8.91,2,2
22.0,Male,CIVIL,6.83,1.0,84.05,Coding Club,"C++, Data Science, Web Development, Machine Learning",0,Unknown,1.0,Hardware,12.56,Higher Studies,8.73,7.67,6.75,6.76,4.78,6.15,6.65,7.18,4,1
19.0,Male,EEE,7.38,3.0,98.66,"Cultural Club, Entrepreneurship Cell","Data Science, Web Development, Python, Java, Machine Learning",0,Unknown,0.0,Unknown,0.0,Unknown,5.9,7.14,8.01,7.75,7.46,6.83,8.73,7.22,5,2
23.0,Male,IT,6.82,2.0,88.66,"Cultural Club, Sports Club, Coding Club","Java, Data Science, SQL, Machine Learning",0,Unknown,0.0,Unknown,0.0,Unknown,6.52,6.42,6.83,5.95,6.69,7.49,8.04,6.62,4,3
18.0,Male,IT,7.37,1.0,61.25,"Coding Club, Robotics, Sports Club","C++, Machine Learning, Data Science",0,Unknown,1.0,Software,5.03,Research,7.15,8.32,6.64,7.45,6.25,7.19,8.26,7.69,3,3
22.0,Female,MECH,6.29,2.0,92.31,"Sports Club, Literary Society","Machine Learning, SQL",1,Hardware,0.0,Unknown,0.0,Unknown,6.16,7.64,7.03,4.67,6.43,7.33,6.59,4.45,2,2
21.0,Female,MECH,7.06,3.0,67.47,"Literary Society, Entrepreneurship Cell","Python, SQL, C++, Java, Web Development",0,Unknown,1.0,Software,10.23,Startup,7.06,6.57,6.37,5.86,6.39,7.57,8.4,8.25,5,2
22.0,Female,IT,7.23,1.0,98.78,"Coding Club, Sports Club, Cultural Club","Web Development, Java, Machine Learning",1,Hardware,0.0,Unknown,0.0,Unknown,8.77,7.48,7.25,6.71,7.55,7.13,6.25,6.69,3,3
22.0,Female,CSE,6.78,0.0,99.03,"Literary Society, Cultural Club, Entrepreneurship Cell","SQL, Python, Web Development, C++",0,Unknown,1.0,Core Engineering,7.87,Startup,6.19,7.18,5.75,6.73,7.03,7.27,5.89,8.2,4,3
23.0,Male,CIVIL,6.6,0.0,88.3,"Robotics, Entrepreneurship Cell, Coding Club","C++, Web Development",0,Unknown,0.0,Unknown,0.0,Unknown,6.65,6.02,6.15,8.52,7.46,5.48,5.81,6.71,2,3
20.0,Female,IT,7.37,0.0,64.15,"Coding Club, Robotics","Java, C++, Web Development",0,Unknown,0.0,Unknown,0.0,Unknown,7.18,6.19,5.52,8.81,6.37,6.9,8.01,10.0,3,2
23.0,Female,CSE,7.04,1.0,98.79,Literary Society,"Web Development, Python, Java, Data Science, Machine Learning",0,Unknown,1.0,Software,15.37,Job,5.31,7.19,6.63,6.3,9.48,8.25,5.85,7.35,5,1
23.0,Female,CIVIL,6.6,0.0,88.3,"Robotics, Entrepreneurship Cell, Coding Club","C++, Web Development",0,Unknown,0.0,Unknown,0.0,Unknown,6.65,6.02,6.15,8.52,7.46,5.48,5.81,6.71,2,3
22.0,Male,CSE,6.78,0.0,99.03,"Literary Society, Cultural Club, Entrepreneurship Cell","SQL, Python, Web Development, C++",0,Unknown,1.0,Core Engineering,7.87,Startup,6.19,7.18,5.75,6.73,7.03,7.27,5.89,8.2,4,3
23.0,Male,MECH,7.2,4.0,88.09,Entrepreneurship Cell,"C++, Python, Machine Learning",1,Hardware,0.0,Unknown,0.0,Unknown,6.45,7.13,9.53,6.98,7.13,6.75,7.74,5.93,3,1
19.0,Male,ECE,7.18,0.0,98.92,Literary Society,"Java, C++",1,Research,0.0,Unknown,0.0,Unknown,7.04,8.69,7.04,9.21,5.7,6.97,6.24,6.51,2,1
18.0,Female,CIVIL,6.84,1.0,89.39,"Cultural Club, Sports Club, Robotics","Java, Python, C++, Data Science",1,Hardware,0.0,Unknown,0.0,Unknown,4.6,6.78,7.6,6.48,5.91,9.11,7.11,7.14,4,3
19.0,Female,CIVIL,6.91,1.0,72.08,"Cultural Club, Coding Club, Sports Club","C++, Data Science, Web Development",0,Unknown,1.0,Hardware,10.34,Higher Studies,5.75,7.47,7.89,6.14,7.06,7.32,7.1,6.54,3,3
23.0,Male,CIVIL,7.19,2.0,66.73,"Entrepreneurship Cell, Coding Club","Data Science, C++, Java, Python",0,Unknown,0.0,Unknown,0.0,Unknown,8.03,7.87,5.86,7.82,6.94,7.07,7.07,6.85,4,2
21.0,Female,EEE,7.16,0.0,89.66,Literary Society,"SQL, Python",1,Higher Studies,0.0,Unknown,0.0,Unknown,6.35,6.1,6.82,8.58,8.01,5.5,8.2,7.68,2,1
18.0,Male,CIVIL,6.98,0.0,73.66,Literary Society,"Web Development, SQL, Python",1,Core Engineering,1.0,Hardware,10.63,Startup,7.33,7.03,6.92,7.7,6.52,6.57,7.8,6.01,3,1
20.0,Male,MECH,6.82,0.0,72.53,Coding Club,"Machine Learning, SQL, Python, Web Development, Data Science",1,Research,0.0,Unknown,0.0,Unknown,7.31,5.76,6.72,7.64,5.97,7.56,5.5,8.14,5,1
18.0,Male,CIVIL,6.7,0.0,71.32,Robotics,"C++, Machine Learning, Data Science",0,Unknown,1.0,Higher Studies,11.66,Research,6.95,7.18,7.22,6.75,6.61,5.68,5.87,7.33,3,1
20.0,Female,CSE,7.21,0.0,86.17,"Entrepreneurship Cell, Robotics","SQL, Web Development",0,Unknown,1.0,Core Engineering,6.94,Job,7.76,7.61,5.98,6.76,6.96,6.87,7.33,8.43,2,2
20.0,Female,IT,6.7,1.0,89.94,"Literary Society, Coding Club, Robotics","Data Science, Machine Learning, SQL, Web Development, Java",0,Unknown,1.0,Hardware,7.8,Job,7.32,7.5,5.79,6.69,7.2,6.03,6.33,6.78,5,3
19.0,Male,CIVIL,7.16,1.0,84.92,"Sports Club, Coding Club, Entrepreneurship Cell","Python, Data Science",1,Core Engineering,0.0,Unknown,0.0,Unknown,7.42,6.5,6.15,6.68,8.21,6.66,8.05,7.65,2,3
20.0,Male,ECE,7.04,2.0,98.41,"Sports Club, Cultural Club, Coding Club","Data Science, C++, Machine Learning",1,Core Engineering,1.0,Software,3.76,Job,7.49,7.55,7.57,6.44,6.54,7.77,7.13,5.82,3,3
19.0,Female,MECH,6.68,1.0,62.4,"Coding Club, Entrepreneurship Cell, Sports Club","Web Development, Data Science, C++, Python",1,Consulting,0.0,Unknown,0.0,Unknown,5.06,5.04,5.99,6.34,9.17,7.7,7.79,6.36,4,3
22.0,Female,MECH,7.66,2.0,62.5,"Sports Club, Robotics, Literary Society","Machine Learning, Java, SQL, Data Science, C++",1,Research,1.0,Hardware,9.53,Job,7.17,7.44,6.43,8.99,7.58,8.3,8.07,7.33,5,3
22.0,Female,IT,7.15,1.0,97.91,Cultural Club,"Java, Machine Learning, C++, Data Science, SQL",1,Core Engineering,0.0,Unknown,0.0,Unknown,5.5,6.22,8.35,7.89,6.94,7.24,6.71,8.36,5,1
23.0,Female,EEE,6.76,0.0,79.06,"Coding Club, Entrepreneurship Cell, Sports Club","Machine Learning, C++, Web Development, SQL, Python",0,Unknown,1.0,Core Engineering,8.41,Higher Studies,6.46,5.65,5.87,6.94,6.93,7.33,6.91,7.98,5,3
21.0,Female,MECH,7.14,0.0,75.0,"Coding Club, Entrepreneurship Cell","Python, C++, SQL, Machine Learning, Data Science",0,Unknown,0.0,Unknown,0.0,Unknown,6.81,6.6,6.33,7.75,8.0,6.92,5.9,8.79,5,2
21.0,Male,IT,7.1,0.0,92.29,"Sports Club, Coding Club","C++, Data Science, SQL, Web Development, Python",1,Hardware,1.0,Higher Studies,9.24,Startup,7.23,8.24,8.22,8.02,6.74,5.16,5.14,8.02,5,2
20.0,Female,ECE,7.14,0.0,76.59,Entrepreneurship Cell,"Web Development, Machine Learning, C++, Python",1,Hardware,0.0,Unknown,0.0,Unknown,6.81,5.56,6.74,7.63,7.59,7.0,7.9,7.85,4,1
22.0,Male,CIVIL,7.29,0.0,60.77,"Sports Club, Robotics","Data Science, Web Development, Java",0,Unknown,1.0,Hardware,10.34,Research,8.09,6.3,7.21,6.45,7.57,8.02,7.65,7.0,3,2
19.0,Female,EEE,7.01,1.0,96.52,"Entrepreneurship Cell, Coding Club, Robotics","Python, Web Development, SQL, Machine Learning",1,Higher Studies,1.0,Hardware,15.83,Startup,7.18,5.15,7.46,6.89,8.13,6.33,6.8,8.12,4,3
20.0,Female,CSE,6.71,1.0,85.04,Entrepreneurship Cell,"Web Development, Java, C++",1,Research,0.0,Unknown,0.0,Unknown,5.59,7.5,5.96,8.28,6.74,7.13,7.41,5.07,3,1
18.0,Male,ECE,7.42,4.0,62.4,"Cultural Club, Robotics, Coding Club","Data Science, Python, Java, Web Development",0,Unknown,1.0,Core Engineering,11.8,Higher Studies,8.05,7.57,6.32,7.01,7.73,7.06,8.25,7.4,4,3
20.0,Male,EEE,6.96,1.0,93.92,Entrepreneurship Cell,"Data Science, Web Development, C++, Python, SQL",1,Core Engineering,0.0,Unknown,0.0,Unknown,8.53,7.14,6.3,5.8,7.51,7.2,7.7,5.54,5,1
19.0,Female,CSE,6.98,2.0,95.76,"Entrepreneurship Cell, Cultural Club, Coding Club","Data Science, SQL, Python, Web Development, Java",0,Unknown,1.0,Core Engineering,16.41,Higher Studies,7.89,7.1,6.12,7.29,7.17,7.57,6.13,6.6,5,3
20.0,Male,IT,7.25,0.0,69.28,Coding Club,"Python, Java, Machine Learning",0,Unknown,0.0,Unknown,0.0,Unknown,8.36,6.01,7.53,6.88,6.91,7.4,7.41,7.53,3,1
19.0,Female,ECE,7.56,1.0,70.26,"Cultural Club, Entrepreneurship Cell","Web Development, Data Science, C++, Python, Machine Learning",0,Unknown,0.0,Unknown,0.0,Unknown,7.99,7.93,8.85,7.11,8.85,6.06,6.79,6.88,5,2
20.0,Male,IT,7.61,2.0,78.01,Robotics,"Java, Web Development, C++, SQL",0,Unknown,1.0,Hardware,6.39,Startup,6.23,8.37,8.97,6.96,8.25,5.94,8.08,8.05,4,1
23.0,Male,MECH,7.04,4.0,61.27,"Entrepreneurship Cell, Coding Club, Literary Society","SQL, Python, Machine Learning, Web Development, Data Science",0,Unknown,1.0,Higher Studies,12.09,Research,6.74,6.62,6.16,7.93,6.3,7.21,8.66,6.67,5,3
22.0,Male,IT,7.49,1.0,85.02,Cultural Club,"Java, Web Development",1,Higher Studies,1.0,Software,11.42,Research,8.07,6.63,8.43,8.04,9.03,7.41,6.94,5.41,2,1
22.0,Male,EEE,6.41,2.0,86.0,"Sports Club, Robotics, Coding Club","Machine Learning, C++",0,Unknown,1.0,Research,14.11,Research,7.83,6.37,7.86,4.29,6.28,6.08,5.75,6.79,2,3
21.0,Male,EEE,6.5,1.0,99.96,"Literary Society, Entrepreneurship Cell","SQL, Web Development, Python, Machine Learning",1,Higher Studies,0.0,Unknown,0.0,Unknown,7.07,5.47,6.49,7.05,7.0,5.71,5.91,7.29,4,2
20.0,Female,ECE,7.02,0.0,89.66,"Sports Club, Coding Club","Python, SQL, Data Science, C++, Java",1,Core Engineering,1.0,Research,14.79,Job,6.86,7.65,8.4,7.33,6.03,6.1,7.73,6.04,5,2
19.0,Male,CSE,6.88,1.0,69.59,Coding Club,"Web Development, Java, Machine Learning, SQL",1,Core Engineering,0.0,Unknown,0.0,Unknown,6.83,8.31,6.91,4.76,6.5,7.99,7.55,6.16,4,1
20.0,Female,MECH,7.48,0.0,91.76,Entrepreneurship Cell,"Java, Data Science",1,Core Engineering,1.0,Core Engineering,19.0,Startup,7.7,6.75,8.51,7.4,6.46,8.07,8.15,6.78,2,1
21.0,Male,CIVIL,7.18,0.0,72.84,"Literary Society, Entrepreneurship Cell, Sports Club","C++, SQL, Data Science, Java",1,Software,1.0,Core Engineering,10.13,Startup,10.0,5.45,6.86,5.76,6.75,9.48,6.18,6.98,4,3
21.0,Female,EEE,6.71,2.0,77.43,"Robotics, Entrepreneurship Cell","Web Development, C++",0,Unknown,1.0,Consulting,6.81,Research,5.31,5.68,6.72,5.72,8.37,7.49,6.2,8.17,2,2
21.0,Male,CIVIL,7.64,4.0,81.11,"Sports Club, Literary Society, Robotics","C++, SQL, Data Science, Python",1,Research,1.0,Software,12.48,Higher Studies,8.34,7.38,8.08,6.44,6.56,6.84,9.14,8.32,4,3
21.0,Female,EEE,6.96,1.0,77.94,"Cultural Club, Coding Club","C++, Web Development",1,Core Engineering,0.0,Unknown,0.0,Unknown,5.69,9.02,5.45,7.94,6.97,7.22,6.09,7.33,2,2
19.0,Male,EEE,7.27,2.0,70.69,"Literary Society, Coding Club","Web Development, SQL, Data Science, Machine Learning, Java",0,Unknown,0.0,Unknown,0.0,Unknown,8.43,7.37,7.17,6.95,5.85,6.78,8.97,6.62,5,2
21.0,Male,MECH,7.22,1.0,87.92,"Sports Club, Literary Society, Entrepreneurship Cell","Python, Web Development, SQL, Data Science",0,Unknown,0.0,Unknown,0.0,Unknown,6.08,6.5,6.31,8.39,9.25,6.54,6.83,7.84,4,3
23.0,Female,CIVIL,7.29,0.0,99.88,"Entrepreneurship Cell, Sports Club","SQL, C++, Java, Data Science",0,Unknown,1.0,Hardware,10.25,Research,8.2,5.48,6.44,7.38,8.57,6.93,6.44,8.88,4,2
21.0,Male,ECE,7.02,0.0,75.63,"Sports Club, Coding Club, Robotics","Data Science, SQL, Python, C++, Java",0,Unknown,0.0,Unknown,0.0,Unknown,6.41,8.27,6.89,6.62,6.08,7.27,7.19,7.39,5,3
22.0,Male,CSE,7.16,0.0,61.81,"Coding Club, Sports Club","Java, C++",1,Software,0.0,Unknown,0.0,Unknown,6.23,6.78,7.33,6.43,7.14,7.58,7.96,7.79,2,2
18.0,Female,CIVIL,6.7,3.0,98.98,Sports Club,"Python, Web Development, Data Science, SQL",0,Unknown,0.0,Unknown,0.0,Unknown,6.4,6.45,8.63,6.7,7.59,7.05,5.64,5.16,4,1
22.0,Female,MECH,6.66,0.0,92.51,"Sports Club, Robotics","Machine Learning, Web Development, Java",1,Higher Studies,0.0,Unknown,0.0,Unknown,5.94,7.63,6.13,6.66,7.38,6.2,5.85,7.47,3,2
21.0,Male,EEE,7.1,0.0,92.3,"Literary Society, Coding Club, Cultural Club","SQL, Python, C++",0,Unknown,1.0,Hardware,4.0,Job,6.66,7.43,6.41,6.81,6.5,8.44,7.34,7.22,3,3
19.0,Male,CIVIL,7.28,3.0,97.27,"Literary Society, Robotics","Web Development, C++",0,Unknown,1.0,Core Engineering,4.78,Job,7.05,7.97,7.87,6.23,6.97,7.79,8.04,6.34,2,2
20.0,Female,EEE,7.55,0.0,66.09,Robotics,"Web Development, Python, SQL",1,Higher Studies,1.0,Core Engineering,18.29,Higher Studies,7.59,8.99,7.36,7.77,8.26,7.18,5.45,7.79,3,1
19.0,Female,ECE,7.56,1.0,70.26,"Cultural Club, Entrepreneurship Cell","Web Development, Data Science, C++, Python, Machine Learning",0,Unknown,0.0,Unknown,0.0,Unknown,7.99,7.93,8.85,7.11,8.85,6.06,6.79,6.88,5,2
20.0,Male,MECH,6.96,1.0,76.71,Literary Society,"Data Science, C++, Java",0,Unknown,1.0,Core Engineering,15.52,Higher Studies,7.18,7.37,6.23,7.63,7.58,7.49,5.79,6.41,3,1
20.0,Female,MECH,6.88,2.0,72.73,"Coding Club, Sports Club","Machine Learning, Data Science",1,Software,0.0,Unknown,0.0,Unknown,6.2,6.62,6.44,6.93,7.63,7.29,7.2,6.76,2,2
22.0,Female,MECH,6.86,0.0,72.22,Literary Society,"SQL, Python, C++",1,Core Engineering,1.0,Research,5.68,Higher Studies,7.62,5.32,7.66,6.86,8.51,5.87,6.44,6.63,3,1
18.0,Female,CSE,6.43,0.0,72.11,Cultural Club,"C++, Python",1,Higher Studies,1.0,Consulting,11.26,Higher Studies,5.0,5.62,8.1,6.56,6.56,6.03,7.92,5.63,2,1
22.0,Female,MECH,7.24,1.0,83.72,"Entrepreneurship Cell, Sports Club","Java, Data Science, Web Development, C++, Machine Learning",0,Unknown,1.0,Higher Studies,12.14,Startup,7.69,7.42,7.16,9.16,6.38,6.93,5.04,8.16,5,2
21.0,Male,EEE,6.43,0.0,65.93,Coding Club,"Data Science, Java, Machine Learning, SQL",1,Higher Studies,1.0,Core Engineering,14.12,Job,4.3,5.82,7.15,8.53,5.87,6.15,7.09,6.51,4,1
21.0,Male,CIVIL,7.28,0.0,68.69,"Cultural Club, Coding Club","Python, Web Development",0,Unknown,1.0,Software,10.89,Higher Studies,5.24,6.71,8.04,7.5,6.84,8.31,7.74,7.82,2,2
21.0,Female,MECH,6.85,0.0,69.47,Literary Society,"Machine Learning, C++, SQL",0,Unknown,0.0,Unknown,0.0,Unknown,7.17,6.83,7.13,6.51,5.05,7.78,8.07,6.27,3,1
22.0,Male,MECH,6.13,5.0,62.36,"Entrepreneurship Cell, Coding Club","C++, Web Development, Java",0,Unknown,0.0,Unknown,0.0,Unknown,6.48,6.68,4.35,8.35,7.91,5.27,4.94,5.05,3,2
18.0,Male,MECH,6.86,0.0,80.8,"Cultural Club, Coding Club, Robotics","C++, Data Science, Java, Machine Learning, SQL",1,Software,0.0,Unknown,0.0,Unknown,6.4,6.71,6.4,8.85,6.99,5.94,7.82,5.78,5,3
20.0,Male,CIVIL,6.62,2.0,89.64,"Literary Society, Robotics","Machine Learning, Python, Web Development",1,Core Engineering,0.0,Unknown,0.0,Unknown,6.59,7.78,5.53,5.74,6.22,7.08,6.36,7.66,3,2
22.0,Male,IT,6.43,0.0,64.0,"Robotics, Cultural Club","C++, Python, Web Development, SQL, Java",1,Software,0.0,Unknown,0.0,Unknown,7.76,5.89,6.14,7.79,7.63,4.75,4.54,6.92,5,2
18.0,Male,MECH,7.35,2.0,87.31,"Literary Society, Robotics, Entrepreneurship Cell","SQL, Web Development",0,Unknown,0.0,Unknown,0.0,Unknown,6.58,6.73,6.27,8.1,7.31,7.32,8.22,8.23,2,3
22.0,Male,ECE,6.72,1.0,65.94,"Literary Society, Entrepreneurship Cell","Data Science, Web Development, Machine Learning, C++",1,Hardware,1.0,Research,13.14,Startup,8.2,5.52,6.62,6.67,7.28,7.86,5.75,5.89,4,2
19.0,Male,CIVIL,7.38,3.0,89.21,"Literary Society, Coding Club, Entrepreneurship Cell","Data Science, C++",0,Unknown,0.0,Unknown,0.0,Unknown,8.21,8.14,6.21,6.6,6.08,7.33,8.73,7.7,2,3
22.0,Female,CIVIL,6.61,0.0,74.51,Literary Society,"SQL, Data Science, Web Development, Python, C++",1,Software,0.0,Unknown,0.0,Unknown,6.03,7.04,7.19,8.93,6.34,5.29,5.95,6.11,5,1
19.0,Male,EEE,6.99,0.0,78.62,Robotics,"Python, Data Science, Machine Learning, Web Development",1,Research,0.0,Unknown,0.0,Unknown,6.79,8.12,6.47,6.48,6.24,7.88,6.29,7.64,4,1
20.0,Male,CSE,6.68,3.0,94.54,"Robotics, Cultural Club, Sports Club","Web Development, C++",0,Unknown,1.0,Software,6.79,Research,8.39,4.95,7.81,6.28,6.27,6.75,5.58,7.44,2,3
21.0,Male,MECH,6.82,0.0,95.83,"Literary Society, Coding Club, Entrepreneurship Cell","SQL, Web Development",1,Research,1.0,Higher Studies,3.49,Research,6.48,6.7,6.47,6.73,6.16,7.39,7.31,7.35,2,3
19.0,Male,IT,7.43,2.0,66.37,Robotics,"Web Development, C++, Java, Data Science, Machine Learning",1,Research,0.0,Unknown,0.0,Unknown,6.1,9.7,7.24,6.15,7.86,7.77,6.81,7.84,5,1
22.0,Female,ECE,6.66,1.0,77.04,"Entrepreneurship Cell, Coding Club, Cultural Club","Web Development, C++, Java, Python, Data Science",0,Unknown,0.0,Unknown,0.0,Unknown,6.63,6.29,7.3,6.37,7.02,6.27,5.47,7.91,5,3
20.0,Female,CIVIL,7.19,0.0,73.5,"Robotics, Cultural Club, Entrepreneurship Cell","Python, Web Development, SQL",0,Unknown,1.0,Hardware,3.31,Research,7.87,7.81,5.86,7.36,7.65,7.88,6.93,6.14,3,3
22.0,Female,CIVIL,7.2,0.0,71.52,"Cultural Club, Literary Society","SQL, C++, Java, Python",0,Unknown,1.0,Software,12.46,Startup,7.91,6.86,6.94,7.53,7.21,8.64,5.24,7.3,4,2
21.0,Female,CIVIL,6.98,2.0,75.09,"Robotics, Entrepreneurship Cell","C++, Java, Data Science, Web Development, Machine Learning",1,Software,0.0,Unknown,0.0,Unknown,6.14,8.13,6.73,6.22,7.73,6.51,8.03,6.34,5,2
19.0,Male,CSE,7.16,0.0,98.39,Entrepreneurship Cell,"Java, Python, Web Development",0,Unknown,0.0,Unknown,0.0,Unknown,7.83,7.32,7.4,6.63,6.72,6.63,6.92,7.84,3,1
18.0,Male,IT,7.48,1.0,66.15,"Robotics, Sports Club, Literary Society","Python, Data Science, Java",1,Research,0.0,Unknown,0.0,Unknown,6.66,7.34,8.55,7.85,7.41,7.46,7.04,7.56,3,3
19.0,Male,ECE,6.37,2.0,85.35,Coding Club,"Python, Machine Learning, SQL, Web Development, Data Science",1,Consulting,0.0,Unknown,0.0,Unknown,5.99,7.08,5.91,6.32,6.29,6.74,5.51,7.09,5,1
19.0,Female,CSE,6.73,0.0,76.58,"Entrepreneurship Cell, Coding Club","SQL, Data Science, Python, C++",1,Higher Studies,1.0,Hardware,15.96,Startup,5.77,8.12,7.78,7.38,5.54,6.29,6.14,6.83,4,2
22.0,Male,IT,6.31,2.0,79.5,"Sports Club, Cultural Club, Entrepreneurship Cell","Machine Learning, Java",0,Unknown,0.0,Unknown,0.0,Unknown,8.13,6.85,6.5,4.41,6.2,5.68,6.96,5.75,2,3
19.0,Male,ECE,7.27,2.0,75.31,Sports Club,"Data Science, Machine Learning, C++, Web Development",0,Unknown,1.0,Core Engineering,11.95,Job,6.6,6.79,7.44,6.21,8.04,7.75,7.02,8.32,4,1
23.0,Male,EEE,6.87,0.0,70.09,Robotics,"SQL, Web Development, Java, Python",0,Unknown,1.0,Software,5.66,Job,8.18,6.79,5.03,6.89,7.65,5.99,8.33,6.08,4,1
18.0,Female,EEE,7.07,1.0,85.5,Robotics,"Java, Data Science, Machine Learning, C++",1,Research,1.0,Research,15.18,Higher Studies,5.43,6.73,7.46,7.55,7.55,7.8,6.55,7.5,4,1
23.0,Male,IT,7.39,0.0,76.12,"Literary Society, Sports Club, Cultural Club","C++, Java, Machine Learning, Python",0,Unknown,1.0,Software,14.04,Research,6.58,5.87,7.22,7.77,7.68,6.86,9.0,8.14,4,3
20.0,Male,IT,6.56,0.0,72.52,"Cultural Club, Sports Club, Robotics","Web Development, C++, Data Science, SQL",0,Unknown,1.0,Higher Studies,16.94,Startup,6.66,5.88,7.6,7.11,7.01,6.23,7.1,4.93,4,3
22.0,Female,ECE,6.71,0.0,97.2,"Sports Club, Coding Club, Robotics","Java, Python",0,Unknown,1.0,Consulting,10.8,Research,7.69,6.48,5.92,4.0,7.18,7.58,6.9,7.93,2,3
23.0,Female,ECE,7.6,1.0,75.16,Robotics,"Data Science, Web Development, C++, Python",0,Unknown,1.0,Research,18.56,Higher Studies,8.99,7.35,8.63,6.5,6.7,7.27,7.15,8.25,4,1
20.0,Male,ECE,7.3,1.0,64.62,"Sports Club, Coding Club","Web Development, C++, SQL, Python, Data Science",1,Core Engineering,0.0,Unknown,0.0,Unknown,7.57,6.96,7.63,7.27,7.93,7.9,6.78,6.34,5,2
22.0,Male,CIVIL,7.23,2.0,89.25,"Entrepreneurship Cell, Cultural Club","Data Science, Web Development",0,Unknown,0.0,Unknown,0.0,Unknown,7.09,8.17,6.46,7.88,7.46,7.58,6.52,6.65,2,2
21.0,Female,ECE,7.13,1.0,76.52,"Robotics, Literary Society","C++, Java",1,Research,0.0,Unknown,0.0,Unknown,6.33,4.72,6.51,7.62,6.52,8.39,8.66,8.28,2,2
22.0,Female,CIVIL,6.89,2.0,64.68,"Entrepreneurship Cell, Coding Club, Cultural Club","Web Development, Java, Python, Data Science, Machine Learning",0,Unknown,1.0,Core Engineering,16.6,Job,7.63,4.96,7.17,5.96,7.02,6.65,9.11,6.61,5,3
19.0,Female,IT,7.04,1.0,96.47,"Literary Society, Cultural Club, Sports Club","Data Science, Python, Java",1,Consulting,1.0,Higher Studies,14.94,Research,6.51,5.94,6.26,6.9,8.84,8.47,6.35,7.06,3,3
20.0,Male,CIVIL,7.98,0.0,84.96,Literary Society,"Java, SQL",1,Higher Studies,0.0,Unknown,0.0,Unknown,7.32,7.2,8.3,9.6,7.67,8.18,9.54,5.99,2,1
18.0,Female,MECH,7.14,0.0,87.29,"Cultural Club, Sports Club","Machine Learning, C++",1,Core Engineering,0.0,Unknown,0.0,Unknown,8.67,6.56,7.15,7.62,7.23,7.26,6.94,5.7,2,2
19.0,Female,IT,6.79,0.0,95.55,"Cultural Club, Coding Club","Data Science, Java, SQL, Machine Learning",1,Core Engineering,0.0,Unknown,0.0,Unknown,5.45,5.6,6.92,9.25,6.8,6.82,5.56,7.95,4,2
21.0,Male,MECH,6.78,2.0,91.97,Entrepreneurship Cell,"SQL, Java",1,Higher Studies,0.0,Unknown,0.0,Unknown,6.82,6.64,8.18,6.37,7.05,7.05,6.5,5.63,2,1
19.0,Female,MECH,6.83,0.0,77.29,"Sports Club, Entrepreneurship Cell","SQL, Data Science, Python, Machine Learning, Java",1,Hardware,0.0,Unknown,0.0,Unknown,7.25,7.18,5.48,6.65,8.62,6.34,6.68,6.46,5,2
20.0,Female,IT,7.01,0.0,65.35,Entrepreneurship Cell,"Web Development, Java",0,Unknown,1.0,Software,19.21,Higher Studies,7.26,6.39,7.15,6.34,6.18,7.68,6.86,8.21,2,1
21.0,Male,EEE,7.41,1.0,76.45,Coding Club,"Python, SQL",1,Higher Studies,1.0,Software,14.44,Job,6.44,8.58,5.99,7.07,8.11,8.84,6.31,7.96,2,1
19.0,Female,CIVIL,6.95,3.0,98.01,"Sports Club, Coding Club","Web Development, Java, Python, C++, SQL",1,Consulting,1.0,Higher Studies,12.11,Research,7.26,8.02,6.8,5.97,7.5,6.16,6.6,7.27,5,2
23.0,Male,CIVIL,7.24,0.0,72.32,"Cultural Club, Sports Club, Literary Society","Data Science, Web Development",1,Higher Studies,1.0,Core Engineering,14.98,Research,7.14,7.45,6.87,8.09,4.9,9.94,6.13,7.4,2,3
22.0,Male,IT,7.41,1.0,95.76,"Sports Club, Robotics","Web Development, Python, Data Science",0,Unknown,0.0,Unknown,0.0,Unknown,5.66,6.78,10.0,7.9,7.6,7.8,6.23,7.33,3,2
21.0,Male,EEE,7.16,0.0,77.72,Literary Society,"Python, Data Science, Web Development",0,Unknown,0.0,Unknown,0.0,Unknown,6.71,7.15,7.16,7.19,6.98,7.51,6.2,8.4,3,1
20.0,Male,EEE,7.16,1.0,77.43,"Literary Society, Sports Club, Robotics","Python, SQL, Machine Learning, Java, Data Science",1,Hardware,1.0,Software,12.45,Research,7.57,5.84,6.9,8.2,6.13,7.83,6.67,8.16,5,3
21.0,Male,EEE,6.96,1.0,79.94,"Robotics, Sports Club, Coding Club","C++, Python, Machine Learning",0,Unknown,0.0,Unknown,0.0,Unknown,6.55,8.61,7.63,5.65,7.55,6.31,7.14,6.27,3,3
22.0,Female,MECH,6.88,0.0,99.45,"Literary Society, Cultural Club","Java, Web Development, Machine Learning, Data Science, C++",0,Unknown,0.0,Unknown,0.0,Unknown,6.4,6.7,7.81,6.42,6.25,6.78,5.82,8.82,5,2
18.0,Male,CSE,6.43,0.0,72.11,Cultural Club,"C++, Python",1,Higher Studies,1.0,Consulting,11.26,Higher Studies,5.0,5.62,8.1,6.56,6.56,6.03,7.92,5.63,2,1
18.0,Male,EEE,7.23,1.0,70.46,"Sports Club, Coding Club","Java, Machine Learning, Web Development, Python, Data Science",0,Unknown,0.0,Unknown,0.0,Unknown,7.84,8.33,6.79,6.93,7.97,6.24,7.66,6.08,5,2
18.0,Female,IT,7.03,1.0,92.22,"Entrepreneurship Cell, Cultural Club, Sports Club","Python, Web Development, C++, Java",1,Research,1.0,Research,8.09,Higher Studies,6.66,6.75,6.6,9.52,6.92,6.7,7.08,6.03,4,3
22.0,Male,EEE,7.24,0.0,70.77,Coding Club,"C++, Python, Java",0,Unknown,1.0,Hardware,16.61,Job,6.03,8.6,7.66,7.16,6.56,6.63,7.43,7.85,3,1
23.0,Female,IT,7.65,2.0,81.2,"Cultural Club, Coding Club","C++, Machine Learning, Web Development",1,Consulting,0.0,Unknown,0.0,Unknown,8.0,9.37,7.28,8.44,6.6,7.54,6.5,7.48,3,2
23.0,Female,EEE,7.26,1.0,76.78,"Cultural Club, Sports Club","Python, C++, Java, SQL, Data Science",1,Hardware,1.0,Software,11.25,Startup,5.62,8.7,8.08,5.84,7.47,7.84,7.16,7.33,5,2
18.0,Female,CIVIL,7.54,0.0,64.11,"Robotics, Coding Club, Cultural Club","Python, Web Development, C++, Data Science",1,Consulting,1.0,Software,15.82,Research,7.52,7.16,5.86,7.12,9.78,7.8,6.26,8.85,4,3
19.0,Female,MECH,6.63,0.0,99.38,"Sports Club, Coding Club","Python, Java, Data Science, C++",0,Unknown,1.0,Research,14.33,Research,6.31,7.69,6.68,5.84,7.2,7.4,7.56,4.38,4,2
23.0,Male,MECH,6.96,2.0,69.32,"Literary Society, Coding Club","Machine Learning, C++, Python, Web Development, SQL",0,Unknown,0.0,Unknown,0.0,Unknown,6.83,5.81,8.68,6.18,7.73,5.7,6.78,7.99,5,2
19.0,Male,ECE,7.26,1.0,65.35,"Entrepreneurship Cell, Sports Club, Cultural Club","SQL, Data Science, Web Development, Python, C++",1,Higher Studies,0.0,Unknown,0.0,Unknown,7.84,7.56,7.24,8.37,5.84,7.07,6.26,7.89,5,3
23.0,Female,MECH,6.79,1.0,93.35,"Sports Club, Coding Club, Literary Society","SQL, Java, Data Science, Web Development",1,Higher Studies,1.0,Core Engineering,16.85,Startup,6.87,6.29,7.27,6.09,7.18,7.49,6.78,6.37,4,3
18.0,Female,MECH,7.48,0.0,68.42,"Cultural Club, Entrepreneurship Cell, Literary Society","Machine Learning, C++, Web Development",1,Software,0.0,Unknown,0.0,Unknown,9.14,8.76,6.23,8.46,7.86,6.56,6.39,6.47,3,3
20.0,Female,IT,6.6,0.0,79.51,Cultural Club,"C++, Web Development, Python, Machine Learning",1,Research,1.0,Hardware,5.21,Research,5.89,7.1,6.89,6.84,6.85,7.74,5.39,6.1,4,1
23.0,Female,EEE,6.76,0.0,79.06,"Coding Club, Entrepreneurship Cell, Sports Club","Machine Learning, C++, Web Development, SQL, Python",0,Unknown,1.0,Core Engineering,8.41,Higher Studies,6.46,5.65,5.87,6.94,6.93,7.33,6.91,7.98,5,3
19.0,Male,CIVIL,7.09,2.0,70.38,"Entrepreneurship Cell, Literary Society","Java, Data Science, SQL",0,Unknown,0.0,Unknown,0.0,Unknown,7.92,6.52,8.01,5.72,7.41,6.2,7.2,7.77,3,2
18.0,Male,IT,6.58,3.0,60.53,"Sports Club, Robotics, Coding Club","Java, SQL",0,Unknown,0.0,Unknown,0.0,Unknown,7.94,6.03,7.14,6.58,5.99,6.27,4.95,7.75,2,3
23.0,Female,CSE,6.56,1.0,88.36,"Robotics, Coding Club, Cultural Club","Data Science, Web Development, C++, Machine Learning",1,Software,1.0,Core Engineering,19.89,Higher Studies,7.12,5.88,6.71,5.71,6.1,5.0,7.26,8.69,4,3
20.0,Male,IT,7.25,0.0,69.28,Coding Club,"Python, Java, Machine Learning",0,Unknown,0.0,Unknown,0.0,Unknown,8.36,6.01,7.53,6.88,6.91,7.4,7.41,7.53,3,1
20.0,Male,EEE,6.74,0.0,69.29,Cultural Club,"SQL, Machine Learning, Java, C++",0,Unknown,0.0,Unknown,0.0,Unknown,7.23,4.92,7.42,5.56,5.64,7.37,7.54,8.21,4,1
21.0,Male,MECH,6.18,0.0,71.43,"Cultural Club, Literary Society, Robotics","Python, Java, Web Development",0,Unknown,1.0,Hardware,4.55,Research,7.1,5.48,6.46,7.28,6.12,5.89,4.74,6.34,3,3
18.0,Female,IT,6.81,1.0,81.6,"Sports Club, Entrepreneurship Cell","SQL, Data Science",0,Unknown,1.0,Software,6.36,Startup,8.54,6.47,6.57,7.82,5.38,5.79,8.1,5.83,2,2
19.0,Female,CIVIL,6.91,1.0,72.08,"Cultural Club, Coding Club, Sports Club","C++, Data Science, Web Development",0,Unknown,1.0,Hardware,10.34,Higher Studies,5.75,7.47,7.89,6.14,7.06,7.32,7.1,6.54,3,3
21.0,Female,CIVIL,7.22,0.0,91.71,Literary Society,"Python, C++",0,Unknown,0.0,Unknown,0.0,Unknown,6.82,10.0,7.3,6.25,6.57,8.15,7.11,5.56,2,1
20.0,Male,EEE,7.23,0.0,67.37,"Entrepreneurship Cell, Coding Club, Robotics","Data Science, C++, Python, SQL, Web Development",0,Unknown,0.0,Unknown,0.0,Unknown,6.82,7.49,6.99,7.31,8.81,6.66,7.28,6.49,5,3
22.0,Female,IT,6.97,1.0,87.3,"Cultural Club, Robotics","Python, SQL",0,Unknown,1.0,Software,12.78,Startup,6.05,6.32,6.23,7.83,7.9,7.45,8.18,5.82,2,2
18.0,Female,MECH,7.25,1.0,84.15,Coding Club,"Machine Learning, SQL, Web Development",1,Core Engineering,1.0,Hardware,16.61,Higher Studies,6.84,6.5,7.43,8.2,7.72,7.92,6.41,7.0,3,1
18.0,Male,ECE,6.96,0.0,66.16,Coding Club,"Python, Data Science, C++, Java, Machine Learning",1,Hardware,1.0,Higher Studies,7.51,Higher Studies,8.24,7.85,5.8,5.01,7.27,6.7,7.18,7.63,5,1
22.0,Female,MECH,6.54,1.0,88.71,"Robotics, Coding Club, Literary Society","SQL, Java, Python, Machine Learning",0,Unknown,0.0,Unknown,0.0,Unknown,6.12,8.42,5.59,5.29,7.37,6.12,8.09,5.32,4,3
22.0,Female,CIVIL,6.61,0.0,74.51,Literary Society,"SQL, Data Science, Web Development, Python, C++",1,Software,0.0,Unknown,0.0,Unknown,6.03,7.04,7.19,8.93,6.34,5.29,5.95,6.11,5,1
23.0,Male,CSE,6.56,1.0,88.36,"Robotics, Coding Club, Cultural Club","Data Science, Web Development, C++, Machine Learning",1,Software,1.0,Core Engineering,19.89,Higher Studies,7.12,5.88,6.71,5.71,6.1,5.0,7.26,8.69,4,3
21.0,Male,IT,6.62,3.0,86.84,Sports Club,"Java, SQL",1,Higher Studies,1.0,Higher Studies,3.55,Research,8.28,4.95,7.24,7.07,6.87,6.29,6.85,5.37,2,1
18.0,Female,CIVIL,7.1,3.0,97.86,Cultural Club,"Java, Web Development, SQL",1,Higher Studies,1.0,Higher Studies,7.19,Higher Studies,7.72,7.85,6.29,8.75,6.41,7.63,7.22,4.97,3,1
20.0,Male,IT,6.85,1.0,65.89,"Literary Society, Cultural Club, Sports Club","Machine Learning, Python",1,Core Engineering,1.0,Software,8.07,Job,6.48,7.49,8.3,5.89,6.63,6.85,5.6,7.59,2,3
22.0,Female,IT,6.96,1.0,74.22,"Cultural Club, Entrepreneurship Cell","C++, Python",0,Unknown,1.0,Higher Studies,16.32,Job,6.86,5.78,6.79,6.15,6.42,7.59,8.67,7.39,2,2
21.0,Male,CSE,7.47,2.0,96.24,Entrepreneurship Cell,"Java, Python",1,Consulting,1.0,Research,10.38,Higher Studies,8.34,6.27,6.04,8.1,7.63,10.0,5.68,7.72,2,1
23.0,Male,CIVIL,7.25,0.0,96.35,"Entrepreneurship Cell, Literary Society","SQL, Machine Learning, Data Science, Java",0,Unknown,0.0,Unknown,0.0,Unknown,7.36,7.55,6.75,6.36,7.07,5.91,8.1,8.87,4,2
20.0,Female,EEE,7.12,1.0,98.62,"Entrepreneurship Cell, Sports Club","Python, C++, Web Development",1,Consulting,1.0,Higher Studies,11.96,Higher Studies,7.33,6.19,8.52,6.34,8.28,7.12,6.32,6.89,3,2
20.0,Male,EEE,6.67,1.0,67.03,"Coding Club, Robotics","Data Science, C++",0,Unknown,1.0,Research,5.46,Startup,6.47,8.13,6.41,9.06,5.36,6.04,6.84,5.02,2,2
22.0,Male,MECH,7.21,0.0,96.97,"Literary Society, Entrepreneurship Cell, Cultural Club","Machine Learning, C++, Python, Java, SQL",1,Software,0.0,Unknown,0.0,Unknown,8.09,6.43,7.04,7.96,6.52,6.95,6.98,7.68,5,3
22.0,Female,IT,7.46,3.0,93.98,Literary Society,"Java, Data Science",0,Unknown,0.0,Unknown,0.0,Unknown,6.67,7.57,7.27,8.03,8.29,7.31,7.29,7.21,2,1
22.0,Male,MECH,6.29,2.0,92.31,"Sports Club, Literary Society","Machine Learning, SQL",1,Hardware,0.0,Unknown,0.0,Unknown,6.16,7.64,7.03,4.67,6.43,7.33,6.59,4.45,2,2
18.0,Male,ECE,7.51,1.0,94.11,"Sports Club, Cultural Club, Entrepreneurship Cell","Web Development, C++",0,Unknown,0.0,Unknown,0.0,Unknown,7.36,7.05,7.51,6.14,8.69,8.67,7.43,7.2,2,3
20.0,Male,CIVIL,7.05,0.0,93.92,"Entrepreneurship Cell, Literary Society, Sports Club","Python, Data Science, Machine Learning, SQL, Web Development",1,Research,0.0,Unknown,0.0,Unknown,6.04,7.47,8.48,7.36,6.69,7.0,5.75,7.6,5,3
18.0,Female,IT,7.37,1.0,61.25,"Coding Club, Robotics, Sports Club","C++, Machine Learning, Data Science",0,Unknown,1.0,Software,5.03,Research,7.15,8.32,6.64,7.45,6.25,7.19,8.26,7.69,3,3
21.0,Male,IT,6.69,1.0,61.47,"Robotics, Cultural Club","C++, Machine Learning, Python, Java",1,Hardware,0.0,Unknown,0.0,Unknown,7.61,7.76,6.47,6.42,6.72,4.7,5.48,8.37,4,2
21.0,Male,ECE,7.14,0.0,60.16,Literary Society,"Machine Learning, Web Development, Java",0,Unknown,1.0,Higher Studies,19.99,Startup,7.68,6.8,5.29,7.33,8.01,8.28,6.62,7.15,3,1
19.0,Male,CSE,6.8,1.0,86.53,"Cultural Club, Robotics","Data Science, Web Development, SQL",1,Software,0.0,Unknown,0.0,Unknown,5.82,5.85,9.11,6.14,6.68,6.63,6.58,7.62,3,2
18.0,Male,EEE,7.19,2.0,99.12,Cultural Club,"SQL, Java, Machine Learning, Web Development",1,Software,1.0,Research,14.97,Job,7.06,8.95,8.67,7.26,6.2,6.24,7.21,5.91,4,1
21.0,Male,EEE,7.16,0.0,89.66,Literary Society,"SQL, Python",1,Higher Studies,0.0,Unknown,0.0,Unknown,6.35,6.1,6.82,8.58,8.01,5.5,8.2,7.68,2,1
18.0,Male,CIVIL,6.89,0.0,72.54,"Robotics, Literary Society","Data Science, Python, Machine Learning, SQL, Web Development",0,Unknown,1.0,Core Engineering,5.54,Startup,5.89,8.71,7.05,6.76,5.8,7.45,7.54,5.91,5,2
19.0,Male,MECH,7.24,1.0,67.32,"Literary Society, Sports Club, Cultural Club","SQL, Data Science, Web Development, Java, C++",1,Core Engineering,1.0,Hardware,9.21,Research,7.4,6.75,9.02,7.23,6.55,7.34,6.57,7.09,5,3
18.0,Female,MECH,6.94,3.0,93.73,Sports Club,"Data Science, Machine Learning",1,Consulting,0.0,Unknown,0.0,Unknown,7.56,5.46,5.93,6.21,7.54,6.7,8.36,7.8,2,1
18.0,Female,IT,6.54,2.0,98.06,"Cultural Club, Entrepreneurship Cell","Machine Learning, Data Science",0,Unknown,1.0,Software,9.14,Higher Studies,6.33,6.25,7.4,6.32,6.8,6.48,7.44,5.26,2,2
20.0,Male,IT,7.31,0.0,75.09,Coding Club,"SQL, C++, Machine Learning, Data Science, Java",1,Hardware,0.0,Unknown,0.0,Unknown,7.58,7.31,10.0,8.12,6.87,6.04,5.39,7.2,5,1
19.0,Female,CIVIL,6.83,1.0,86.84,"Robotics, Sports Club","Python, Data Science",1,Research,1.0,Software,16.69,Research,6.94,8.22,5.05,7.14,5.18,7.76,6.91,7.42,2,2
19.0,Male,MECH,7.03,1.0,87.44,"Sports Club, Coding Club, Literary Society","Machine Learning, Java, Python, Web Development",0,Unknown,0.0,Unknown,0.0,Unknown,6.68,6.55,7.15,6.52,6.38,6.46,8.72,7.77,4,3
18.0,Male,IT,7.23,1.0,99.09,"Coding Club, Entrepreneurship Cell","Python, SQL",1,Higher Studies,0.0,Unknown,0.0,Unknown,8.11,8.19,7.64,5.86,8.63,5.85,7.3,6.25,2,2
18.0,Male,CIVIL,7.65,0.0,67.22,"Coding Club, Cultural Club, Entrepreneurship Cell","Machine Learning, C++, Data Science, Java, Python",1,Software,1.0,Research,12.39,Higher Studies,8.42,6.59,7.51,8.61,7.25,8.27,6.14,8.42,5,3
21.0,Female,IT,6.76,0.0,82.13,Entrepreneurship Cell,"Web Development, SQL",0,Unknown,0.0,Unknown,0.0,Unknown,7.55,5.55,8.03,6.67,6.17,6.38,6.77,6.99,2,1
18.0,Male,MECH,6.99,0.0,82.63,"Literary Society, Robotics, Sports Club","Machine Learning, Web Development, Data Science, Python, Java",1,Research,1.0,Higher Studies,8.32,Job,6.85,7.35,6.01,6.85,6.8,7.18,7.33,7.56,5,3
18.0,Female,MECH,7.08,4.0,68.48,"Sports Club, Entrepreneurship Cell, Cultural Club","Data Science, Machine Learning, Python",0,Unknown,0.0,Unknown,0.0,Unknown,5.41,7.44,6.98,7.55,7.22,8.36,7.13,6.57,3,3
21.0,Male,CIVIL,7.64,4.0,81.11,"Sports Club, Literary Society, Robotics","C++, SQL, Data Science, Python",1,Research,1.0,Software,12.48,Higher Studies,8.34,7.38,8.08,6.44,6.56,6.84,9.14,8.32,4,3
21.0,Female,MECH,7.14,0.0,61.52,Cultural Club,"Java, Python, Web Development",1,Hardware,0.0,Unknown,0.0,Unknown,7.64,6.41,7.19,8.02,6.0,4.68,7.67,9.5,3,1
18.0,Male,EEE,6.72,2.0,89.6,Cultural Club,"Web Development, SQL, Java",0,Unknown,1.0,Higher Studies,13.67,Higher Studies,7.34,7.74,7.56,4.97,6.54,6.03,6.69,6.89,3,1
23.0,Male,CSE,6.33,1.0,95.82,Cultural Club,"Java, Python, Web Development, SQL",0,Unknown,1.0,Core Engineering,17.73,Job,8.75,4.94,5.29,7.44,4.52,4.96,8.18,6.59,4,1
22.0,Female,ECE,6.84,1.0,71.33,Cultural Club,"Web Development, Java, Data Science",0,Unknown,1.0,Research,11.48,Job,6.62,7.39,5.29,7.11,6.06,8.17,6.05,8.0,3,1
21.0,Male,MECH,6.82,1.0,73.72,"Entrepreneurship Cell, Cultural Club","C++, Data Science, Machine Learning, Web Development, SQL",0,Unknown,0.0,Unknown,0.0,Unknown,5.21,8.08,5.16,7.9,6.63,7.7,5.67,8.17,5,2
23.0,Female,CIVIL,7.08,2.0,60.04,Literary Society,"Data Science, SQL",0,Unknown,0.0,Unknown,0.0,Unknown,7.44,6.27,7.23,5.14,7.6,7.3,7.64,8.06,2,1
18.0,Female,IT,7.23,1.0,99.09,"Coding Club, Entrepreneurship Cell","Python, SQL",1,Higher Studies,0.0,Unknown,0.0,Unknown,8.11,8.19,7.64,5.86,8.63,5.85,7.3,6.25,2,2
21.0,Male,CIVIL,7.1,2.0,63.81,"Entrepreneurship Cell, Robotics, Literary Society","Java, SQL",1,Consulting,1.0,Hardware,5.03,Research,8.6,6.26,8.41,7.03,6.12,8.41,5.79,6.2,2,3
21.0,Female,MECH,6.18,0.0,71.43,"Cultural Club, Literary Society, Robotics","Python, Java, Web Development",0,Unknown,1.0,Hardware,4.55,Research,7.1,5.48,6.46,7.28,6.12,5.89,4.74,6.34,3,3
22.0,Male,ECE,6.69,4.0,76.85,Sports Club,"Web Development, Java",0,Unknown,0.0,Unknown,0.0,Unknown,5.65,7.59,7.71,7.05,8.22,6.32,6.49,4.52,2,1
19.0,Male,MECH,6.84,2.0,85.51,"Entrepreneurship Cell, Robotics","Java, Web Development, Machine Learning, C++",0,Unknown,1.0,Software,11.6,Research,5.88,4.67,8.25,5.53,7.62,8.18,7.38,7.23,4,2
23.0,Male,ECE,7.6,1.0,75.16,Robotics,"Data Science, Web Development, C++, Python",0,Unknown,1.0,Research,18.56,Higher Studies,8.99,7.35,8.63,6.5,6.7,7.27,7.15,8.25,4,1
20.0,Male,CSE,7.08,0.0,73.04,"Coding Club, Literary Society, Robotics","SQL, Python",0,Unknown,1.0,Consulting,12.57,Research,8.04,6.39,7.23,5.56,6.5,5.94,8.22,8.74,2,3
22.0,Male,MECH,7.63,1.0,89.85,"Literary Society, Entrepreneurship Cell, Cultural Club","SQL, Data Science",0,Unknown,0.0,Unknown,0.0,Unknown,9.09,6.57,6.77,7.86,6.91,7.49,8.57,7.76,2,3
19.0,Male,CSE,6.45,2.0,96.36,"Coding Club, Literary Society","C++, SQL",1,Software,0.0,Unknown,0.0,Unknown,5.67,4.82,6.3,7.16,7.1,7.15,5.59,7.8,2,2
19.0,Male,CSE,7.41,0.0,73.03,"Sports Club, Cultural Club, Entrepreneurship Cell","Machine Learning, Web Development, Data Science, C++, Python",0,Unknown,0.0,Unknown,0.0,Unknown,7.25,8.46,7.43,7.18,5.64,8.39,8.12,6.84,5,3
19.0,Female,ECE,6.96,0.0,64.05,"Entrepreneurship Cell, Robotics","Java, Machine Learning, Python, C++, Web Development",1,Research,1.0,Core Engineering,3.19,Research,6.92,5.12,8.54,6.64,7.63,6.89,6.73,7.19,5,2
22.0,Male,CIVIL,7.0,0.0,72.98,"Cultural Club, Coding Club, Literary Society","Web Development, C++, Python, SQL, Data Science",1,Hardware,0.0,Unknown,0.0,Unknown,7.86,7.15,7.09,5.95,6.77,7.97,6.22,6.97,5,3
23.0,Female,CSE,6.91,0.0,78.21,"Cultural Club, Sports Club","Java, Data Science, Machine Learning",0,Unknown,0.0,Unknown,0.0,Unknown,6.32,8.8,6.96,5.57,7.13,6.32,7.84,6.35,3,2
22.0,Female,MECH,6.66,0.0,92.51,"Sports Club, Robotics","Machine Learning, Web Development, Java",1,Higher Studies,0.0,Unknown,0.0,Unknown,5.94,7.63,6.13,6.66,7.38,6.2,5.85,7.47,3,2
21.0,Male,ECE,7.58,1.0,94.59,"Sports Club, Coding Club, Robotics","C++, Web Development, Python, Data Science, SQL",0,Unknown,1.0,Core Engineering,18.74,Research,7.78,7.92,5.78,9.5,7.28,7.4,7.5,7.5,5,3
20.0,Male,CSE,7.08,0.0,73.04,"Coding Club, Literary Society, Robotics","SQL, Python",0,Unknown,1.0,Consulting,12.57,Research,8.04,6.39,7.23,5.56,6.5,5.94,8.22,8.74,2,3
21.0,Male,CSE,7.07,2.0,71.43,"Robotics, Entrepreneurship Cell","C++, Data Science, Java, Machine Learning, Python",1,Core Engineering,0.0,Unknown,0.0,Unknown,4.96,8.57,6.7,7.0,6.32,6.95,8.27,7.77,5,2
19.0,Female,MECH,7.15,1.0,84.74,Robotics,"Java, C++, SQL",0,Unknown,1.0,Consulting,12.67,Higher Studies,6.4,7.83,6.23,8.4,6.24,7.04,7.31,7.78,3,1
19.0,Male,ECE,6.49,1.0,79.27,Cultural Club,"Python, Java, Machine Learning, C++",0,Unknown,0.0,Unknown,0.0,Unknown,6.06,6.16,6.31,6.4,5.18,7.79,6.54,7.46,4,1
20.0,Male,IT,7.02,1.0,77.51,Entrepreneurship Cell,"Web Development, Data Science, Python, Java",1,Core Engineering,1.0,Software,8.28,Job,7.5,6.12,7.74,6.36,7.22,6.7,6.78,7.77,4,1
19.0,Female,EEE,7.09,1.0,69.07,"Sports Club, Literary Society, Coding Club","SQL, Java",1,Research,1.0,Hardware,12.64,Startup,8.54,5.42,6.86,8.41,7.4,6.51,5.45,8.15,2,3
18.0,Male,EEE,7.28,1.0,60.36,Entrepreneurship Cell,"Java, SQL, Web Development, C++, Machine Learning",1,Core Engineering,1.0,Consulting,14.02,Research,6.92,8.51,7.36,8.37,8.07,6.45,6.24,6.28,5,1
23.0,Male,ECE,6.73,0.0,73.28,"Robotics, Cultural Club","Data Science, C++, Web Development, Machine Learning, SQL",0,Unknown,0.0,Unknown,0.0,Unknown,7.05,7.49,5.71,6.96,7.14,6.47,7.4,5.65,5,2
23.0,Female,CIVIL,6.65,2.0,71.87,Entrepreneurship Cell,"Machine Learning, Data Science, Python, Java",0,Unknown,1.0,Hardware,12.2,Startup,6.63,5.16,8.59,6.36,6.78,4.59,8.59,6.53,4,1
19.0,Female,IT,6.63,1.0,90.23,"Literary Society, Entrepreneurship Cell, Robotics","Web Development, Data Science, C++, Python",1,Core Engineering,1.0,Core Engineering,10.67,Startup,7.15,6.7,7.93,7.06,7.7,5.23,4.0,7.28,4,3
18.0,Female,ECE,7.58,2.0,99.61,"Coding Club, Sports Club, Cultural Club","SQL, Data Science, Web Development, Machine Learning, Java",0,Unknown,0.0,Unknown,0.0,Unknown,8.1,8.44,9.35,5.43,5.63,7.69,8.18,7.81,5,3
20.0,Female,CIVIL,6.52,0.0,69.78,"Cultural Club, Literary Society","Java, Machine Learning, Web Development, SQL",0,Unknown,0.0,Unknown,0.0,Unknown,8.25,5.4,5.48,6.09,6.52,5.6,7.37,7.43,4,2
19.0,Female,IT,7.04,1.0,96.47,"Literary Society, Cultural Club, Sports Club","Data Science, Python, Java",1,Consulting,1.0,Higher Studies,14.94,Research,6.51,5.94,6.26,6.9,8.84,8.47,6.35,7.06,3,3
23.0,Male,CSE,7.16,1.0,72.53,Robotics,"Data Science, SQL, C++, Java, Python",0,Unknown,0.0,Unknown,0.0,Unknown,6.94,7.25,6.39,6.49,8.05,8.6,6.3,7.24,5,1
20.0,Male,MECH,7.14,3.0,85.39,"Coding Club, Entrepreneurship Cell, Robotics","Java, Data Science, C++, Web Development",0,Unknown,0.0,Unknown,0.0,Unknown,6.67,6.6,6.04,7.42,9.06,5.93,7.02,8.41,4,3
20.0,Female,CIVIL,7.16,2.0,99.95,Sports Club,"SQL, Python, Web Development",1,Research,0.0,Unknown,0.0,Unknown,7.43,7.13,6.74,8.18,5.93,7.48,7.34,7.04,3,1
19.0,Male,MECH,6.68,1.0,62.4,"Coding Club, Entrepreneurship Cell, Sports Club","Web Development, Data Science, C++, Python",1,Consulting,0.0,Unknown,0.0,Unknown,5.06,5.04,5.99,6.34,9.17,7.7,7.79,6.36,4,3
23.0,Male,EEE,6.94,0.0,77.08,"Entrepreneurship Cell, Sports Club, Robotics","Data Science, SQL, Python, Java, C++",0,Unknown,0.0,Unknown,0.0,Unknown,7.43,7.87,6.57,6.54,5.07,6.61,7.95,7.46,5,3
22.0,Female,MECH,7.62,1.0,71.68,"Cultural Club, Robotics, Literary Society","SQL, Machine Learning, Java",1,Research,1.0,Higher Studies,13.11,Job,6.82,8.32,7.56,8.14,9.39,6.88,7.17,6.64,3,3
23.0,Male,EEE,6.51,0.0,66.25,Sports Club,"Web Development, SQL, Python, Machine Learning, C++",0,Unknown,0.0,Unknown,0.0,Unknown,6.16,6.4,7.88,6.17,5.9,6.56,6.71,6.33,5,1
21.0,Female,ECE,6.7,0.0,75.11,"Coding Club, Entrepreneurship Cell, Robotics","C++, Web Development, Machine Learning, Java, SQL",1,Hardware,0.0,Unknown,0.0,Unknown,6.56,6.4,7.03,7.74,7.9,6.67,5.37,5.96,5,3
21.0,Female,IT,6.77,0.0,74.06,"Coding Club, Literary Society, Sports Club","SQL, C++, Machine Learning",1,Higher Studies,0.0,Unknown,0.0,Unknown,6.19,7.27,6.23,7.24,7.26,6.53,6.94,6.47,3,3
18.0,Female,EEE,6.73,0.0,64.75,"Coding Club, Entrepreneurship Cell","C++, SQL",0,Unknown,0.0,Unknown,0.0,Unknown,5.79,6.82,6.73,7.22,6.8,6.93,7.64,5.89,2,2
20.0,Male,IT,6.69,1.0,88.78,"Cultural Club, Robotics","Data Science, Machine Learning, SQL",1,Hardware,0.0,Unknown,0.0,Unknown,8.02,8.44,5.95,6.03,6.55,6.24,7.22,5.05,3,2
22.0,Female,IT,6.97,1.0,87.3,"Cultural Club, Robotics","Python, SQL",0,Unknown,1.0,Software,12.78,Startup,6.05,6.32,6.23,7.83,7.9,7.45,8.18,5.82,2,2
22.0,Male,MECH,7.24,1.0,83.72,"Entrepreneurship Cell, Sports Club","Java, Data Science, Web Development, C++, Machine Learning",0,Unknown,1.0,Higher Studies,12.14,Startup,7.69,7.42,7.16,9.16,6.38,6.93,5.04,8.16,5,2
19.0,Female,MECH,6.82,2.0,85.25,"Sports Club, Literary Society, Cultural Club","Java, Python",0,Unknown,0.0,Unknown,0.0,Unknown,7.19,8.0,4.3,7.68,6.35,5.17,7.51,8.37,2,3
23.0,Male,MECH,7.13,0.0,86.02,Cultural Club,"Java, Python, Web Development, Data Science, Machine Learning",0,Unknown,1.0,Core Engineering,6.61,Job,5.99,6.66,6.97,6.63,6.84,7.41,8.24,8.31,5,1
23.0,Female,EEE,7.53,0.0,81.34,"Coding Club, Literary Society, Entrepreneurship Cell","Web Development, Data Science",0,Unknown,1.0,Hardware,4.72,Research,9.04,6.47,7.58,8.34,5.41,7.76,8.02,7.64,2,3
20.0,Male,EEE,6.84,1.0,82.53,"Coding Club, Cultural Club","SQL, Machine Learning, Java, Web Development, Data Science",1,Higher Studies,1.0,Software,10.27,Research,7.78,5.56,5.16,8.61,6.2,7.75,5.91,7.71,5,2
22.0,Female,IT,7.38,1.0,75.52,Cultural Club,"SQL, Java, Python",1,Hardware,1.0,Hardware,4.63,Startup,8.05,6.92,8.74,7.86,7.57,8.09,7.33,4.51,3,1
21.0,Female,ECE,6.85,0.0,77.49,Literary Society,"Data Science, Machine Learning, SQL, Python",0,Unknown,1.0,Higher Studies,15.45,Job,6.86,5.69,8.14,7.82,6.72,6.6,6.85,6.1,4,1
21.0,Female,MECH,7.14,0.0,75.0,"Coding Club, Entrepreneurship Cell","Python, C++, SQL, Machine Learning, Data Science",0,Unknown,0.0,Unknown,0.0,Unknown,6.81,6.6,6.33,7.75,8.0,6.92,5.9,8.79,5,2
21.0,Female,IT,6.28,0.0,78.56,"Sports Club, Literary Society","Machine Learning, Python, Web Development",1,Research,0.0,Unknown,0.0,Unknown,6.35,7.03,6.95,5.42,6.06,6.44,4.96,7.05,3,2
22.0,Female,EEE,7.61,0.0,78.22,"Cultural Club, Entrepreneurship Cell, Sports Club","SQL, C++, Machine Learning, Data Science",0,Unknown,1.0,Hardware,18.15,Job,6.51,8.07,7.5,9.08,8.18,8.14,5.61,7.76,4,3
23.0,Female,CSE,6.35,1.0,93.56,Coding Club,"Python, Web Development, Machine Learning",0,Unknown,1.0,Hardware,18.83,Higher Studies,6.04,5.18,7.05,5.22,8.24,6.11,5.9,7.03,3,1
20.0,Male,EEE,6.74,0.0,69.29,Cultural Club,"SQL, Machine Learning, Java, C++",0,Unknown,0.0,Unknown,0.0,Unknown,7.23,4.92,7.42,5.56,5.64,7.37,7.54,8.21,4,1
20.0,Male,ECE,7.27,1.0,66.62,Cultural Club,"Data Science, Web Development",1,Software,0.0,Unknown,0.0,Unknown,6.1,7.57,8.49,7.72,7.92,6.48,5.4,8.49,2,1
20.0,Female,CIVIL,7.57,0.0,84.53,"Robotics, Sports Club, Entrepreneurship Cell","C++, SQL",1,Higher Studies,0.0,Unknown,0.0,Unknown,6.61,8.07,7.69,7.05,8.1,8.36,7.45,7.23,2,3
23.0,Male,EEE,7.53,0.0,81.34,"Coding Club, Literary Society, Entrepreneurship Cell","Web Development, Data Science",0,Unknown,1.0,Hardware,4.72,Research,9.04,6.47,7.58,8.34,5.41,7.76,8.02,7.64,2,3
22.0,Male,MECH,6.61,1.0,98.13,"Cultural Club, Coding Club","C++, Java, Web Development",0,Unknown,0.0,Unknown,0.0,Unknown,7.15,7.72,8.74,5.94,5.99,7.0,6.04,4.29,3,2
20.0,Male,IT,7.42,0.0,67.2,"Robotics, Literary Society","Web Development, C++",0,Unknown,0.0,Unknown,0.0,Unknown,7.46,9.01,6.97,8.47,6.16,6.5,7.59,7.2,2,2
20.0,Male,CSE,6.54,1.0,70.55,"Robotics, Cultural Club","Machine Learning, Python, Web Development, Java",1,Research,1.0,Research,3.21,Research,7.39,5.82,7.93,5.23,6.42,6.74,6.36,6.43,4,2
19.0,Male,CSE,7.16,0.0,98.39,Entrepreneurship Cell,"Java, Python, Web Development",0,Unknown,0.0,Unknown,0.0,Unknown,7.83,7.32,7.4,6.63,6.72,6.63,6.92,7.84,3,1
20.0,Female,IT,7.1,0.0,94.71,Entrepreneurship Cell,"C++, SQL, Data Science, Machine Learning, Python",1,Consulting,1.0,Core Engineering,6.95,Research,6.83,8.83,5.91,6.69,8.5,6.68,6.06,7.26,5,1
23.0,Female,ECE,6.34,1.0,68.28,"Literary Society, Robotics, Cultural Club","Java, SQL, Machine Learning, C++",0,Unknown,0.0,Unknown,0.0,Unknown,6.26,5.68,6.39,6.96,6.57,6.31,5.59,6.92,4,3
23.0,Female,IT,7.11,0.0,98.47,Literary Society,"SQL, Machine Learning",0,Unknown,1.0,Consulting,11.69,Research,7.88,6.27,8.98,7.64,6.79,4.98,5.62,8.7,2,1
18.0,Female,MECH,6.99,3.0,84.15,"Entrepreneurship Cell, Coding Club, Literary Society","Data Science, Java, Machine Learning",1,Hardware,1.0,Core Engineering,11.39,Startup,6.14,6.39,8.12,7.01,6.82,6.89,8.29,6.25,3,3
20.0,Male,ECE,6.87,1.0,89.07,"Literary Society, Sports Club, Cultural Club","Python, Web Development",0,Unknown,1.0,Hardware,16.16,Startup,6.57,7.09,5.62,8.39,7.68,6.63,6.1,6.91,2,3
18.0,Female,ECE,6.7,0.0,61.44,"Literary Society, Entrepreneurship Cell, Cultural Club","Web Development, Machine Learning, Java",0,Unknown,0.0,Unknown,0.0,Unknown,6.42,6.78,7.64,6.49,6.88,7.27,6.1,6.03,3,3
19.0,Female,ECE,7.56,0.0,75.54,"Sports Club, Literary Society","Python, Data Science, Machine Learning",1,Software,0.0,Unknown,0.0,Unknown,6.17,8.85,8.93,7.26,6.99,8.03,8.09,6.19,3,2
22.0,Female,ECE,7.12,1.0,68.06,"Entrepreneurship Cell, Literary Society","Java, Data Science, Web Development",0,Unknown,1.0,Software,7.51,Higher Studies,6.71,7.41,7.19,8.06,5.17,7.14,8.2,7.06,3,2
20.0,Female,IT,7.06,1.0,79.27,"Coding Club, Robotics, Entrepreneurship Cell","Python, SQL, Data Science, C++",1,Consulting,1.0,Research,8.4,Higher Studies,7.0,7.05,6.68,7.55,8.05,7.58,6.79,5.78,4,3
23.0,Female,CIVIL,7.0,4.0,83.39,"Cultural Club, Entrepreneurship Cell, Sports Club","C++, Machine Learning, Python, Web Development, Data Science",0,Unknown,0.0,Unknown,0.0,Unknown,6.21,8.06,8.64,6.34,8.37,5.24,7.39,5.77,5,3
23.0,Female,ECE,7.39,1.0,60.55,"Cultural Club, Entrepreneurship Cell","Java, C++",0,Unknown,0.0,Unknown,0.0,Unknown,7.19,8.05,6.27,6.9,8.32,6.86,8.12,7.39,2,2
20.0,Male,CSE,6.54,1.0,70.55,"Robotics, Cultural Club","Machine Learning, Python, Web Development, Java",1,Research,1.0,Research,3.21,Research,7.39,5.82,7.93,5.23,6.42,6.74,6.36,6.43,4,2
23.0,Male,IT,6.82,2.0,88.66,"Cultural Club, Sports Club, Coding Club","Java, Data Science, SQL, Machine Learning",0,Unknown,0.0,Unknown,0.0,Unknown,6.52,6.42,6.83,5.95,6.69,7.49,8.04,6.62,4,3
18.0,Female,EEE,6.73,0.0,64.75,"Coding Club, Entrepreneurship Cell","C++, SQL",0,Unknown,0.0,Unknown,0.0,Unknown,5.79,6.82,6.73,7.22,6.8,6.93,7.64,5.89,2,2
21.0,Female,CSE,7.09,0.0,62.32,"Entrepreneurship Cell, Sports Club","Web Development, SQL, Data Science, Java",0,Unknown,0.0,Unknown,0.0,Unknown,6.13,8.13,5.81,8.64,6.1,7.64,6.67,7.6,4,2
18.0,Female,MECH,7.26,1.0,90.08,"Entrepreneurship Cell, Robotics, Sports Club","Web Development, Data Science, SQL, Java",1,Software,1.0,Research,11.72,Research,5.45,8.75,8.4,6.62,7.51,6.52,6.0,8.83,4,3
18.0,Female,CSE,6.82,1.0,67.63,"Literary Society, Robotics, Cultural Club","Python, Machine Learning",0,Unknown,1.0,Higher Studies,3.62,Research,6.2,6.84,7.0,7.16,6.32,7.15,6.22,7.67,2,3
19.0,Female,CSE,6.7,1.0,80.6,"Cultural Club, Robotics","Web Development, C++, Java",0,Unknown,0.0,Unknown,0.0,Unknown,6.74,7.03,6.07,8.48,5.49,7.53,6.4,5.89,3,2
18.0,Male,EEE,7.28,1.0,60.36,Entrepreneurship Cell,"Java, SQL, Web Development, C++, Machine Learning",1,Core Engineering,1.0,Consulting,14.02,Research,6.92,8.51,7.36,8.37,8.07,6.45,6.24,6.28,5,1
21.0,Male,CSE,7.43,0.0,60.11,"Robotics, Sports Club, Literary Society","Machine Learning, Python, Web Development, Data Science, C++",0,Unknown,1.0,Consulting,10.67,Research,7.22,8.67,7.57,7.63,7.7,6.08,6.43,8.12,5,3
18.0,Male,CIVIL,6.98,0.0,98.87,"Coding Club, Literary Society, Cultural Club","Java, Machine Learning, SQL, C++, Data Science",0,Unknown,0.0,Unknown,0.0,Unknown,6.23,6.97,4.8,8.32,6.75,7.32,7.22,8.26,5,3
23.0,Female,EEE,7.04,0.0,81.53,"Literary Society, Coding Club","Web Development, Machine Learning, Python",0,Unknown,1.0,Research,18.52,Higher Studies,6.59,8.47,6.64,7.05,6.94,6.49,7.08,7.07,3,2
23.0,Female,EEE,7.07,3.0,65.42,Entrepreneurship Cell,"Machine Learning, Java",1,Higher Studies,0.0,Unknown,0.0,Unknown,8.18,9.07,8.28,4.0,7.45,6.53,5.92,7.12,2,1
21.0,Female,ECE,6.75,0.0,84.72,Cultural Club,"C++, SQL, Data Science, Web Development",0,Unknown,1.0,Hardware,10.82,Startup,5.33,6.19,5.95,5.9,7.34,7.59,8.07,7.61,4,1
18.0,Female,CSE,6.8,1.0,87.1,"Cultural Club, Coding Club, Sports Club","SQL, Python, Java",0,Unknown,1.0,Higher Studies,9.34,Job,7.5,5.6,7.37,4.9,7.63,7.89,6.41,7.12,3,3
18.0,Female,EEE,6.73,2.0,77.75,Cultural Club,"Java, Python, C++, Data Science",1,Consulting,0.0,Unknown,0.0,Unknown,7.57,6.56,5.56,6.42,6.46,8.07,7.17,6.04,4,1
21.0,Female,ECE,7.13,1.0,76.52,"Robotics, Literary Society","C++, Java",1,Research,0.0,Unknown,0.0,Unknown,6.33,4.72,6.51,7.62,6.52,8.39,8.66,8.28,2,2
18.0,Male,IT,7.37,1.0,61.25,"Coding Club, Robotics, Sports Club","C++, Machine Learning, Data Science",0,Unknown,1.0,Software,5.03,Research,7.15,8.32,6.64,7.45,6.25,7.19,8.26,7.69,3,3
22.0,Female,ECE,6.66,1.0,61.42,Sports Club,"Data Science, Machine Learning, SQL, Python, Java",0,Unknown,0.0,Unknown,0.0,Unknown,7.32,7.17,6.0,6.82,4.82,7.18,8.43,5.53,5,1
19.0,Female,EEE,7.09,1.0,96.64,"Entrepreneurship Cell, Literary Society, Cultural Club","Python, Data Science, Java, C++, Machine Learning",1,Consulting,1.0,Software,16.23,Higher Studies,7.67,7.81,6.36,6.97,5.56,8.7,8.07,5.6,5,3
21.0,Female,CIVIL,6.28,1.0,64.23,"Literary Society, Robotics, Cultural Club","C++, SQL, Web Development, Data Science",1,Higher Studies,0.0,Unknown,0.0,Unknown,4.47,7.06,6.63,6.01,7.51,7.05,5.2,6.35,4,3
19.0,Male,IT,7.01,3.0,99.22,Literary Society,"Data Science, Web Development, Java, Python, Machine Learning",0,Unknown,1.0,Hardware,13.34,Startup,4.0,6.73,6.48,7.89,6.44,9.54,8.4,6.61,5,1
19.0,Female,ECE,7.12,0.0,88.33,Robotics,"Python, Java, C++, SQL, Machine Learning",1,Consulting,1.0,Higher Studies,11.19,Job,5.42,7.08,8.06,7.24,6.68,7.46,7.19,7.83,5,1
21.0,Male,CIVIL,7.15,1.0,95.51,"Cultural Club, Sports Club, Literary Society","Python, C++",1,Consulting,1.0,Core Engineering,14.95,Job,7.27,6.1,5.67,6.76,6.06,7.41,8.3,9.6,2,3
20.0,Male,CSE,6.72,0.0,96.55,"Robotics, Sports Club, Entrepreneurship Cell","Web Development, Java",0,Unknown,0.0,Unknown,0.0,Unknown,6.95,5.77,8.39,5.64,6.8,5.96,7.57,6.67,2,3
23.0,Male,MECH,7.09,1.0,90.84,"Robotics, Entrepreneurship Cell, Sports Club","SQL, C++, Python, Data Science",0,Unknown,1.0,Software,15.05,Research,8.19,6.76,5.81,6.6,7.77,7.68,7.52,6.38,4,3
18.0,Female,IT,7.54,0.0,81.77,"Literary Society, Cultural Club","C++, Data Science, SQL, Python, Java",0,Unknown,0.0,Unknown,0.0,Unknown,8.22,5.33,8.13,9.06,7.25,7.6,8.04,6.72,5,2
20.0,Female,IT,7.28,1.0,60.26,"Robotics, Cultural Club","Web Development, Data Science, Python, Machine Learning, Java",0,Unknown,1.0,Consulting,11.15,Research,7.21,7.97,6.89,5.93,7.9,5.99,8.81,7.56,5,2
23.0,Female,IT,7.62,1.0,94.0,"Robotics, Sports Club","Java, C++, Machine Learning, SQL, Data Science",0,Unknown,0.0,Unknown,0.0,Unknown,7.41,6.4,7.09,8.59,7.12,8.52,8.2,7.59,5,2
20.0,Female,IT,7.37,0.0,64.15,"Coding Club, Robotics","Java, C++, Web Development",0,Unknown,0.0,Unknown,0.0,Unknown,7.18,6.19,5.52,8.81,6.37,6.9,8.01,10.0,3,2
23.0,Male,IT,6.82,2.0,88.66,"Cultural Club, Sports Club, Coding Club","Java, Data Science, SQL, Machine Learning",0,Unknown,0.0,Unknown,0.0,Unknown,6.52,6.42,6.83,5.95,6.69,7.49,8.04,6.62,4,3
22.0,Male,CIVIL,6.95,1.0,78.93,"Entrepreneurship Cell, Coding Club, Sports Club","Data Science, Java, Machine Learning, C++",1,Higher Studies,1.0,Research,19.46,Startup,5.77,8.66,7.9,6.79,6.29,6.33,7.07,6.77,4,3
19.0,Male,CSE,6.26,1.0,79.23,"Literary Society, Entrepreneurship Cell","C++, SQL, Data Science, Java, Machine Learning",1,Research,1.0,Consulting,19.86,Higher Studies,7.43,6.28,4.97,5.68,7.02,5.87,6.93,5.93,5,2
18.0,Male,MECH,7.26,1.0,90.08,"Entrepreneurship Cell, Robotics, Sports Club","Web Development, Data Science, SQL, Java",1,Software,1.0,Research,11.72,Research,5.45,8.75,8.4,6.62,7.51,6.52,6.0,8.83,4,3
19.0,Male,ECE,6.86,1.0,84.18,"Sports Club, Cultural Club","Web Development, C++, Python",1,Software,0.0,Unknown,0.0,Unknown,6.22,6.16,6.85,6.03,7.15,6.89,9.63,5.97,3,2
21.0,Female,ECE,7.77,0.0,82.55,"Robotics, Entrepreneurship Cell, Sports Club","Machine Learning, Java, C++",0,Unknown,0.0,Unknown,0.0,Unknown,6.95,8.06,9.02,8.36,6.93,9.26,7.56,6.02,3,3
23.0,Female,EEE,7.14,1.0,61.39,Cultural Club,"Web Development, C++, Data Science, Python, Machine Learning",1,Higher Studies,1.0,Higher Studies,9.96,Higher Studies,8.2,7.01,7.06,6.73,7.68,6.58,7.98,5.87,5,1
23.0,Male,CIVIL,6.6,0.0,88.3,"Robotics, Entrepreneurship Cell, Coding Club","C++, Web Development",0,Unknown,0.0,Unknown,0.0,Unknown,6.65,6.02,6.15,8.52,7.46,5.48,5.81,6.71,2,3
19.0,Female,CSE,6.9,1.0,78.31,Sports Club,"C++, SQL",0,Unknown,0.0,Unknown,0.0,Unknown,7.5,8.94,5.64,5.05,6.93,6.32,6.52,8.27,2,1
19.0,Male,ECE,6.99,1.0,89.39,"Sports Club, Robotics","Web Development, SQL",1,Core Engineering,1.0,Research,7.29,Higher Studies,6.35,7.84,7.93,5.24,7.29,6.49,8.3,6.48,2,2
23.0,Female,CIVIL,7.05,1.0,88.84,"Robotics, Literary Society","Machine Learning, Java, SQL",0,Unknown,1.0,Consulting,9.0,Higher Studies,8.87,8.01,6.54,7.78,6.6,5.89,6.1,6.64,3,2
23.0,Female,ECE,6.59,1.0,74.06,"Literary Society, Sports Club","Java, Machine Learning, SQL, Web Development",1,Core Engineering,0.0,Unknown,0.0,Unknown,6.95,5.88,7.3,5.28,7.28,6.72,7.37,5.95,4,2
18.0,Female,MECH,6.94,1.0,71.84,"Sports Club, Cultural Club","Web Development, Machine Learning",0,Unknown,1.0,Consulting,14.29,Research,6.15,8.25,7.78,6.96,6.58,4.97,5.93,8.91,2,2
19.0,Female,EEE,7.24,2.0,65.67,Cultural Club,"Java, Data Science",0,Unknown,1.0,Hardware,13.17,Research,7.22,7.58,7.34,7.6,6.72,7.74,7.34,6.36,2,1
19.0,Male,MECH,7.24,0.0,60.43,"Robotics, Entrepreneurship Cell","Machine Learning, Python, Data Science, SQL, C++",1,Higher Studies,0.0,Unknown,0.0,Unknown,7.35,9.07,6.76,6.82,6.13,7.48,6.33,8.02,5,2
19.0,Female,CSE,6.94,0.0,92.43,"Coding Club, Sports Club","Web Development, SQL, C++, Data Science, Python",1,Higher Studies,0.0,Unknown,0.0,Unknown,5.04,5.52,7.0,6.46,8.99,8.83,6.13,7.56,5,2
21.0,Male,EEE,6.59,1.0,93.1,Robotics,"C++, Machine Learning, Web Development, SQL, Data Science",0,Unknown,0.0,Unknown,0.0,Unknown,6.99,7.3,7.25,5.37,7.29,6.44,5.58,6.48,5,1
22.0,Male,CIVIL,6.89,2.0,80.48,"Entrepreneurship Cell, Cultural Club","Machine Learning, SQL, Java, Python",1,Research,0.0,Unknown,0.0,Unknown,7.91,5.52,5.98,6.92,6.77,6.93,7.8,7.29,4,2
19.0,Male,ECE,6.52,0.0,84.13,Cultural Club,"Java, Python, Data Science",0,Unknown,0.0,Unknown,0.0,Unknown,5.81,6.61,6.63,5.22,6.02,6.23,8.43,7.19,3,1
19.0,Male,MECH,7.03,1.0,87.44,"Sports Club, Coding Club, Literary Society","Machine Learning, Java, Python, Web Development",0,Unknown,0.0,Unknown,0.0,Unknown,6.68,6.55,7.15,6.52,6.38,6.46,8.72,7.77,4,3
20.0,Female,ECE,6.8,3.0,63.4,Robotics,"Python, SQL, Data Science",0,Unknown,1.0,Higher Studies,12.33,Higher Studies,8.54,6.34,6.62,7.28,5.7,6.24,7.02,6.7,3,1
22.0,Female,CSE,6.77,0.0,68.46,Cultural Club,"C++, Machine Learning",1,Consulting,0.0,Unknown,0.0,Unknown,5.82,8.25,7.3,5.79,8.76,6.87,5.06,6.29,2,1
22.0,Female,MECH,6.92,3.0,83.69,Entrepreneurship Cell,"Data Science, SQL",0,Unknown,1.0,Core Engineering,14.92,Job,6.82,5.9,5.52,6.91,6.66,7.0,7.09,9.49,2,1
21.0,Male,EEE,6.96,0.0,73.54,Coding Club,"SQL, Web Development",0,Unknown,0.0,Unknown,0.0,Unknown,5.83,6.62,6.53,7.8,7.07,9.55,4.99,7.31,2,1
22.0,Female,CSE,7.63,0.0,63.36,"Coding Club, Robotics","Web Development, Java",0,Unknown,0.0,Unknown,0.0,Unknown,8.51,8.12,5.58,7.22,7.74,7.62,6.37,9.91,2,2
19.0,Female,ECE,7.2,1.0,65.57,"Sports Club, Cultural Club, Coding Club","SQL, Data Science, Python",0,Unknown,0.0,Unknown,0.0,Unknown,7.93,6.78,8.07,8.45,6.08,6.16,6.86,7.31,3,3
23.0,Female,MECH,7.1,0.0,94.72,"Entrepreneurship Cell, Literary Society","Python, Web Development",0,Unknown,0.0,Unknown,0.0,Unknown,8.06,7.2,7.48,6.93,5.87,6.85,7.52,6.87,2,2
20.0,Female,IT,6.95,1.0,98.41,"Cultural Club, Sports Club","Python, Machine Learning, C++, Web Development, SQL",1,Higher Studies,0.0,Unknown,0.0,Unknown,5.88,7.1,5.31,7.83,7.87,7.33,5.88,8.38,5,2
22.0,Male,MECH,6.61,1.0,98.13,"Cultural Club, Coding Club","C++, Java, Web Development",0,Unknown,0.0,Unknown,0.0,Unknown,7.15,7.72,8.74,5.94,5.99,7.0,6.04,4.29,3,2
22.0,Male,CSE,6.86,0.0,90.34,"Cultural Club, Coding Club","C++, Java",0,Unknown,0.0,Unknown,0.0,Unknown,6.19,6.87,6.93,6.05,5.29,7.22,8.37,7.96,2,2
22.0,Male,ECE,6.95,2.0,99.12,"Coding Club, Cultural Club","SQL, Web Development, Machine Learning, C++",1,Core Engineering,0.0,Unknown,0.0,Unknown,7.94,7.78,7.03,6.1,6.35,6.45,6.68,7.27,4,2
18.0,Female,IT,7.07,2.0,73.34,"Sports Club, Literary Society, Robotics","Web Development, Machine Learning, Python",0,Unknown,0.0,Unknown,0.0,Unknown,5.62,7.96,6.22,5.92,7.89,7.79,7.08,8.08,3,3
18.0,Male,MECH,7.48,0.0,68.42,"Cultural Club, Entrepreneurship Cell, Literary Society","Machine Learning, C++, Web Development",1,Software,0.0,Unknown,0.0,Unknown,9.14,8.76,6.23,8.46,7.86,6.56,6.39,6.47,3,3
23.0,Female,ECE,7.16,0.0,82.51,"Sports Club, Robotics","Data Science, C++, Java, SQL",1,Software,1.0,Hardware,4.7,Higher Studies,6.25,6.44,7.3,7.77,7.3,7.74,7.76,6.7,4,2
23.0,Male,CSE,6.91,0.0,78.21,"Cultural Club, Sports Club","Java, Data Science, Machine Learning",0,Unknown,0.0,Unknown,0.0,Unknown,6.32,8.8,6.96,5.57,7.13,6.32,7.84,6.35,3,2
22.0,Male,ECE,6.97,0.0,62.58,"Sports Club, Entrepreneurship Cell, Coding Club","Python, SQL, C++, Web Development, Java",0,Unknown,1.0,Higher Studies,12.76,Higher Studies,7.2,7.54,6.42,6.92,6.94,7.83,5.93,6.95,5,3
18.0,Male,MECH,6.99,0.0,82.63,"Literary Society, Robotics, Sports Club","Machine Learning, Web Development, Data Science, Python, Java",1,Research,1.0,Higher Studies,8.32,Job,6.85,7.35,6.01,6.85,6.8,7.18,7.33,7.56,5,3
21.0,Male,EEE,7.1,3.0,69.03,"Robotics, Entrepreneurship Cell","Python, Java, SQL",0,Unknown,0.0,Unknown,0.0,Unknown,7.15,7.1,7.44,7.84,7.39,7.45,5.42,7.05,3,2
18.0,Female,IT,7.48,1.0,66.15,"Robotics, Sports Club, Literary Society","Python, Data Science, Java",1,Research,0.0,Unknown,0.0,Unknown,6.66,7.34,8.55,7.85,7.41,7.46,7.04,7.56,3,3
19.0,Male,ECE,6.59,1.0,96.75,"Sports Club, Entrepreneurship Cell, Robotics","Web Development, Data Science, SQL, Machine Learning, Python",1,Consulting,1.0,Core Engineering,16.43,Higher Studies,5.82,6.32,5.32,6.39,7.76,7.21,7.87,6.06,5,3
20.0,Female,MECH,7.41,1.0,73.42,Literary Society,"Web Development, Python, C++, Data Science, Java",0,Unknown,0.0,Unknown,0.0,Unknown,8.72,7.54,6.87,8.22,7.15,8.6,6.33,5.85,5,1
23.0,Female,CSE,6.6,1.0,65.05,"Literary Society, Cultural Club","Web Development, SQL, Python, Java, Data Science",1,Core Engineering,0.0,Unknown,0.0,Unknown,5.23,5.91,5.38,5.34,9.03,9.06,5.88,6.99,5,2
20.0,Female,CSE,7.34,2.0,86.72,"Literary Society, Robotics, Entrepreneurship Cell","Machine Learning, Java, Web Development, SQL",0,Unknown,1.0,Software,4.59,Research,7.48,7.87,7.51,6.75,7.86,6.36,7.18,7.75,4,3
23.0,Male,MECH,6.6,3.0,91.49,"Entrepreneurship Cell, Sports Club, Cultural Club","C++, Python",1,Software,0.0,Unknown,0.0,Unknown,7.33,4.51,7.98,6.25,5.62,6.66,6.4,8.07,2,3
18.0,Female,EEE,6.82,1.0,89.49,"Entrepreneurship Cell, Robotics, Literary Society","Java, C++",1,Hardware,1.0,Higher Studies,16.07,Job,6.67,5.81,8.25,6.7,6.98,7.38,6.09,6.72,2,3
18.0,Female,CSE,6.32,0.0,67.67,"Cultural Club, Robotics","C++, Data Science",0,Unknown,0.0,Unknown,0.0,Unknown,6.3,5.38,5.88,7.07,6.34,7.19,6.45,5.94,2,2
19.0,Male,ECE,7.26,1.0,71.65,"Sports Club, Coding Club","Java, Data Science",0,Unknown,0.0,Unknown,0.0,Unknown,7.12,8.9,6.61,7.69,8.19,5.11,6.36,8.06,2,2
20.0,Female,MECH,6.47,2.0,85.47,Robotics,"C++, Python, Java, Machine Learning",1,Consulting,1.0,Core Engineering,18.05,Research,5.85,6.54,8.89,7.33,5.99,6.81,5.22,5.14,4,1
22.0,Male,MECH,6.94,1.0,89.83,"Coding Club, Robotics, Literary Society","C++, Java, Python, Data Science, Web Development",1,Core Engineering,0.0,Unknown,0.0,Unknown,7.08,6.92,7.52,7.27,7.26,5.98,5.31,8.14,5,3
20.0,Female,EEE,7.37,1.0,68.19,"Robotics, Coding Club, Cultural Club","Web Development, Machine Learning",1,Core Engineering,1.0,Core Engineering,9.31,Research,5.16,7.29,8.25,8.38,8.86,5.23,8.63,7.18,2,3
23.0,Male,IT,6.49,1.0,78.09,Cultural Club,"C++, Java",1,Research,0.0,Unknown,0.0,Unknown,7.14,7.71,4.77,8.88,7.06,5.38,6.09,4.87,2,1
21.0,Female,CSE,7.15,1.0,68.05,"Cultural Club, Entrepreneurship Cell, Robotics","Machine Learning, Web Development, SQL",0,Unknown,0.0,Unknown,0.0,Unknown,7.96,5.18,6.83,5.89,6.79,9.33,7.29,7.9,3,3
19.0,Female,CSE,6.96,2.0,71.74,Robotics,"Machine Learning, SQL, Java",0,Unknown,1.0,Consulting,16.76,Research,7.17,7.39,6.12,7.15,7.06,5.86,7.36,7.56,3,1
21.0,Female,IT,7.0,1.0,94.25,Cultural Club,"SQL, Web Development",0,Unknown,0.0,Unknown,0.0,Unknown,7.0,7.41,8.6,6.71,7.14,5.91,6.13,7.1,2,1
23.0,Male,MECH,7.32,1.0,99.8,"Entrepreneurship Cell, Sports Club, Literary Society","Web Development, C++, Java",1,Higher Studies,0.0,Unknown,0.0,Unknown,7.28,8.57,6.83,5.69,8.09,7.18,7.95,6.96,3,3
22.0,Female,IT,6.97,1.0,87.3,"Cultural Club, Robotics","Python, SQL",0,Unknown,1.0,Software,12.78,Startup,6.05,6.32,6.23,7.83,7.9,7.45,8.18,5.82,2,2
22.0,Female,CSE,6.96,4.0,93.75,Entrepreneurship Cell,"Java, Data Science",1,Consulting,1.0,Higher Studies,7.44,Job,6.69,7.26,6.2,6.2,6.77,7.29,6.8,8.47,2,1
19.0,Male,EEE,6.52,0.0,79.57,Literary Society,"Python, Java",0,Unknown,1.0,Core Engineering,7.86,Job,5.8,6.07,6.99,5.64,7.95,6.08,7.22,6.42,2,1
19.0,Female,ECE,7.26,1.0,65.35,"Entrepreneurship Cell, Sports Club, Cultural Club","SQL, Data Science, Web Development, Python, C++",1,Higher Studies,0.0,Unknown,0.0,Unknown,7.84,7.56,7.24,8.37,5.84,7.07,6.26,7.89,5,3
21.0,Female,EEE,6.6,1.0,60.39,"Literary Society, Coding Club","Data Science, Web Development, Java",1,Research,1.0,Research,7.05,Startup,8.19,7.67,5.9,6.51,5.62,8.14,5.01,5.72,3,2
20.0,Male,MECH,7.62,1.0,72.19,"Literary Society, Coding Club","Web Development, C++, Python, Java, Data Science",1,Research,0.0,Unknown,0.0,Unknown,8.87,8.6,9.28,6.3,7.04,7.38,6.34,7.13,5,2
21.0,Female,CSE,7.07,2.0,71.43,"Robotics, Entrepreneurship Cell","C++, Data Science, Java, Machine Learning, Python",1,Core Engineering,0.0,Unknown,0.0,Unknown,4.96,8.57,6.7,7.0,6.32,6.95,8.27,7.77,5,2
19.0,Female,ECE,6.82,0.0,68.2,"Robotics, Coding Club, Entrepreneurship Cell","Data Science, SQL, Python, Machine Learning, C++",0,Unknown,1.0,Software,14.66,Job,5.04,6.76,7.99,6.07,7.96,6.0,8.34,6.43,5,3
19.0,Female,MECH,7.36,1.0,92.84,"Entrepreneurship Cell, Sports Club, Robotics","Machine Learning, Java, Data Science, SQL",0,Unknown,1.0,Software,16.3,Higher Studies,6.99,7.09,7.8,8.19,6.55,7.17,7.8,7.33,4,3
18.0,Female,IT,7.07,4.0,87.59,Coding Club,"C++, Machine Learning, Java, SQL",1,Research,0.0,Unknown,0.0,Unknown,7.06,7.97,7.19,5.91,7.99,7.35,4.81,8.25,4,1
23.0,Male,MECH,7.02,0.0,83.29,"Cultural Club, Sports Club","C++, SQL, Data Science",0,Unknown,0.0,Unknown,0.0,Unknown,7.42,6.83,7.4,6.96,7.11,6.06,7.04,7.38,3,2
20.0,Male,EEE,6.85,1.0,73.4,"Cultural Club, Literary Society","SQL, Java",0,Unknown,0.0,Unknown,0.0,Unknown,7.1,7.62,6.96,5.06,6.56,7.0,8.3,6.21,2,2
20.0,Female,EEE,6.6,2.0,72.17,"Entrepreneurship Cell, Sports Club","Web Development, Java, Python, Data Science, C++",1,Hardware,1.0,Core Engineering,5.37,Research,8.1,8.42,8.46,5.16,6.77,5.06,6.23,4.6,5,2
22.0,Female,MECH,6.92,1.0,72.39,"Cultural Club, Coding Club, Sports Club","Python, SQL",0,Unknown,0.0,Unknown,0.0,Unknown,7.64,7.15,6.81,6.88,5.94,5.23,7.46,8.22,2,3
23.0,Female,EEE,6.94,0.0,77.08,"Entrepreneurship Cell, Sports Club, Robotics","Data Science, SQL, Python, Java, C++",0,Unknown,0.0,Unknown,0.0,Unknown,7.43,7.87,6.57,6.54,5.07,6.61,7.95,7.46,5,3
19.0,Female,MECH,7.1,4.0,74.5,"Robotics, Coding Club","Data Science, Python, SQL, Java, Web Development",1,Higher Studies,1.0,Core Engineering,15.54,Higher Studies,4.85,7.44,6.73,8.39,8.15,6.06,7.58,7.6,5,2
21.0,Female,MECH,6.78,0.0,83.65,"Sports Club, Coding Club, Literary Society","Python, SQL, Web Development",0,Unknown,1.0,Research,6.16,Job,6.19,7.96,7.78,6.71,8.41,6.59,6.64,4.0,3,3
22.0,Female,MECH,7.51,0.0,72.31,"Entrepreneurship Cell, Robotics","Web Development, SQL",0,Unknown,0.0,Unknown,0.0,Unknown,6.15,7.09,8.18,9.28,7.66,5.73,8.97,6.98,2,2
20.0,Female,IT,6.85,1.0,65.89,"Literary Society, Cultural Club, Sports Club","Machine Learning, Python",1,Core Engineering,1.0,Software,8.07,Job,6.48,7.49,8.3,5.89,6.63,6.85,5.6,7.59,2,3
21.0,Female,MECH,7.06,3.0,67.47,"Literary Society, Entrepreneurship Cell","Python, SQL, C++, Java, Web Development",0,Unknown,1.0,Software,10.23,Startup,7.06,6.57,6.37,5.86,6.39,7.57,8.4,8.25,5,2
21.0,Female,MECH,6.82,0.0,84.54,"Coding Club, Robotics, Cultural Club","SQL, Data Science",0,Unknown,1.0,Research,9.17,Higher Studies,6.06,5.88,5.86,7.54,7.05,7.96,9.02,5.17,2,3
22.0,Female,MECH,6.66,0.0,92.51,"Sports Club, Robotics","Machine Learning, Web Development, Java",1,Higher Studies,0.0,Unknown,0.0,Unknown,5.94,7.63,6.13,6.66,7.38,6.2,5.85,7.47,3,2
21.0,Female,EEE,6.95,2.0,95.19,Entrepreneurship Cell,"Python, C++, Machine Learning",1,Hardware,0.0,Unknown,0.0,Unknown,6.9,7.39,6.26,7.18,7.46,7.19,5.98,7.21,3,1
22.0,Female,CIVIL,7.23,2.0,89.25,"Entrepreneurship Cell, Cultural Club","Data Science, Web Development",0,Unknown,0.0,Unknown,0.0,Unknown,7.09,8.17,6.46,7.88,7.46,7.58,6.52,6.65,2,2
19.0,Male,ECE,7.67,2.0,97.32,Coding Club,"Java, Data Science, SQL",1,Research,1.0,Core Engineering,19.85,Startup,9.0,8.98,7.63,5.99,9.39,6.4,6.79,7.16,3,1
21.0,Male,CSE,6.11,3.0,89.78,Sports Club,"Java, Web Development, C++",1,Core Engineering,0.0,Unknown,0.0,Unknown,5.47,6.5,6.18,6.6,7.61,5.27,5.03,6.25,3,1
23.0,Female,MECH,7.25,1.0,94.91,"Sports Club, Coding Club","SQL, Machine Learning",0,Unknown,1.0,Hardware,4.91,Startup,7.71,6.56,7.51,6.74,7.74,7.62,6.06,8.09,2,2
19.0,Female,CIVIL,7.71,0.0,72.0,"Coding Club, Cultural Club, Sports Club","SQL, C++, Data Science",1,Consulting,1.0,Higher Studies,6.64,Higher Studies,7.71,6.92,6.7,8.69,8.78,7.64,7.97,7.24,3,3
18.0,Female,EEE,7.0,0.0,60.75,Cultural Club,"Web Development, Java",1,Research,1.0,Software,19.56,Startup,7.84,5.71,7.06,5.88,6.39,7.49,7.81,7.79,2,1
18.0,Male,MECH,7.26,1.0,90.08,"Entrepreneurship Cell, Robotics, Sports Club","Web Development, Data Science, SQL, Java",1,Software,1.0,Research,11.72,Research,5.45,8.75,8.4,6.62,7.51,6.52,6.0,8.83,4,3
19.0,Female,CIVIL,6.9,1.0,64.54,Cultural Club,"Java, SQL, Machine Learning, C++",0,Unknown,0.0,Unknown,0.0,Unknown,6.55,7.62,5.93,6.86,7.12,7.51,7.71,5.88,4,1
21.0,Female,ECE,6.84,2.0,95.25,Cultural Club,"Web Development, SQL, Data Science, Python",1,Core Engineering,1.0,Higher Studies,8.58,Research,8.23,6.82,5.99,6.02,6.7,6.7,7.91,6.33,4,1
20.0,Female,MECH,7.62,1.0,72.19,"Literary Society, Coding Club","Web Development, C++, Python, Java, Data Science",1,Research,0.0,Unknown,0.0,Unknown,8.87,8.6,9.28,6.3,7.04,7.38,6.34,7.13,5,2
22.0,Female,CIVIL,7.0,0.0,72.98,"Cultural Club, Coding Club, Literary Society","Web Development, C++, Python, SQL, Data Science",1,Hardware,0.0,Unknown,0.0,Unknown,7.86,7.15,7.09,5.95,6.77,7.97,6.22,6.97,5,3
19.0,Female,CSE,6.7,1.0,80.6,"Cultural Club, Robotics","Web Development, C++, Java",0,Unknown,0.0,Unknown,0.0,Unknown,6.74,7.03,6.07,8.48,5.49,7.53,6.4,5.89,3,2
18.0,Male,IT,7.15,1.0,79.13,Entrepreneurship Cell,"Python, Machine Learning, SQL, Data Science, Java",1,Research,0.0,Unknown,0.0,Unknown,6.04,7.98,7.47,5.14,8.1,8.88,6.28,7.34,5,1
18.0,Female,EEE,7.01,0.0,62.79,Cultural Club,"Machine Learning, SQL, Python",1,Core Engineering,0.0,Unknown,0.0,Unknown,7.05,7.21,7.57,6.3,8.31,5.42,5.96,8.29,3,1
18.0,Female,MECH,6.74,1.0,75.04,"Cultural Club, Sports Club, Robotics","C++, SQL, Java",0,Unknown,0.0,Unknown,0.0,Unknown,7.12,6.03,8.2,6.84,6.97,6.07,6.56,6.12,3,3
21.0,Male,EEE,7.64,0.0,99.81,"Coding Club, Entrepreneurship Cell, Literary Society","Machine Learning, Java, C++, SQL, Web Development",0,Unknown,1.0,Software,9.81,Job,6.85,7.62,7.77,8.5,7.93,5.7,8.03,8.73,5,3
20.0,Male,EEE,6.61,0.0,71.33,"Robotics, Sports Club","Machine Learning, Python, Data Science, Java",0,Unknown,0.0,Unknown,0.0,Unknown,7.8,6.15,6.18,8.12,5.12,6.85,7.44,5.25,4,2
21.0,Female,CIVIL,7.18,0.0,72.84,"Literary Society, Entrepreneurship Cell, Sports Club","C++, SQL, Data Science, Java",1,Software,1.0,Core Engineering,10.13,Startup,10.0,5.45,6.86,5.76,6.75,9.48,6.18,6.98,4,3
23.0,Male,CSE,6.84,1.0,95.35,"Coding Club, Entrepreneurship Cell","Java, Python",0,Unknown,0.0,Unknown,0.0,Unknown,6.13,6.31,7.09,9.51,7.17,4.43,6.36,7.68,2,2
23.0,Female,ECE,7.36,1.0,85.39,Literary Society,"Python, C++, SQL, Java",1,Hardware,0.0,Unknown,0.0,Unknown,7.78,7.62,6.67,8.09,6.88,6.43,6.45,8.94,4,1
19.0,Male,ECE,7.56,1.0,70.26,"Cultural Club, Entrepreneurship Cell","Web Development, Data Science, C++, Python, Machine Learning",0,Unknown,0.0,Unknown,0.0,Unknown,7.99,7.93,8.85,7.11,8.85,6.06,6.79,6.88,5,2
22.0,Female,CSE,7.34,0.0,72.14,"Literary Society, Robotics, Coding Club","Machine Learning, Data Science, Python",0,Unknown,0.0,Unknown,0.0,Unknown,7.28,7.99,7.65,9.31,6.88,6.13,6.78,6.68,3,3
22.0,Male,CSE,7.14,0.0,86.81,"Sports Club, Literary Society","Python, Java, SQL",1,Consulting,0.0,Unknown,0.0,Unknown,5.61,8.62,6.59,8.47,8.19,4.15,7.48,8.0,3,2
19.0,Male,EEE,7.26,0.0,76.92,Sports Club,"SQL, Java",0,Unknown,1.0,Hardware,17.39,Higher Studies,5.69,6.46,8.05,8.01,7.26,6.55,7.83,8.24,2,1
18.0,Female,ECE,6.67,0.0,67.07,Entrepreneurship Cell,"Data Science, SQL, Web Development, C++",1,Higher Studies,1.0,Core Engineering,7.85,Startup,4.64,7.65,7.35,7.09,6.78,6.19,8.51,5.16,4,1
23.0,Male,MECH,6.89,1.0,94.94,"Robotics, Entrepreneurship Cell, Coding Club","Machine Learning, Web Development",0,Unknown,0.0,Unknown,0.0,Unknown,6.05,7.52,6.49,6.82,7.89,6.23,6.74,7.37,2,3
21.0,Male,MECH,6.45,1.0,60.05,"Literary Society, Robotics, Sports Club","C++, Java, Web Development",1,Consulting,0.0,Unknown,0.0,Unknown,7.31,5.71,6.26,7.36,7.18,5.98,6.3,5.51,3,3
20.0,Male,EEE,6.98,1.0,88.21,"Cultural Club, Robotics","Data Science, Java, Web Development, Python, C++",1,Research,1.0,Core Engineering,10.74,Startup,7.0,5.72,8.11,8.08,5.69,7.87,7.4,5.98,5,2
19.0,Female,CIVIL,7.31,0.0,88.73,"Robotics, Coding Club","Python, Java, SQL",0,Unknown,1.0,Consulting,4.89,Startup,8.12,7.43,8.91,5.96,6.97,8.16,6.43,6.51,3,2
21.0,Male,IT,6.69,1.0,61.47,"Robotics, Cultural Club","C++, Machine Learning, Python, Java",1,Hardware,0.0,Unknown,0.0,Unknown,7.61,7.76,6.47,6.42,6.72,4.7,5.48,8.37,4,2
18.0,Female,CIVIL,6.84,1.0,89.39,"Cultural Club, Sports Club, Robotics","Java, Python, C++, Data Science",1,Hardware,0.0,Unknown,0.0,Unknown,4.6,6.78,7.6,6.48,5.91,9.11,7.11,7.14,4,3
23.0,Male,MECH,6.42,0.0,83.75,"Entrepreneurship Cell, Robotics","Web Development, Python, Data Science, SQL",0,Unknown,1.0,Hardware,12.79,Higher Studies,7.4,6.17,6.0,6.72,8.37,5.83,4.37,6.48,4,2
21.0,Female,EEE,6.86,0.0,65.43,Robotics,"C++, Machine Learning, Java, Web Development",0,Unknown,0.0,Unknown,0.0,Unknown,6.55,6.51,7.87,5.32,6.68,6.76,7.58,7.61,4,1
22.0,Female,MECH,6.88,0.0,99.45,"Literary Society, Cultural Club","Java, Web Development, Machine Learning, Data Science, C++",0,Unknown,0.0,Unknown,0.0,Unknown,6.4,6.7,7.81,6.42,6.25,6.78,5.82,8.82,5,2
20.0,Male,CSE,6.69,2.0,65.62,Sports Club,"Web Development, SQL, Python, Java",1,Research,1.0,Core Engineering,11.26,Research,6.44,6.79,5.32,6.19,7.96,8.62,5.77,6.41,4,1
23.0,Female,ECE,6.88,1.0,60.96,"Literary Society, Robotics, Cultural Club","SQL, Java",0,Unknown,1.0,Higher Studies,8.7,Startup,7.32,7.13,6.67,5.99,6.21,7.1,5.89,8.77,2,3
21.0,Female,ECE,7.14,0.0,60.16,Literary Society,"Machine Learning, Web Development, Java",0,Unknown,1.0,Higher Studies,19.99,Startup,7.68,6.8,5.29,7.33,8.01,8.28,6.62,7.15,3,1
22.0,Female,IT,7.29,1.0,60.47,"Literary Society, Robotics, Sports Club","Python, C++, Machine Learning",1,Consulting,0.0,Unknown,0.0,Unknown,7.38,8.37,6.37,7.57,6.89,6.82,6.23,8.67,3,3
22.0,Male,CIVIL,7.02,1.0,60.38,Sports Club,"Java, Python, Machine Learning",0,Unknown,1.0,Hardware,4.28,Higher Studies,7.07,4.45,7.44,8.0,5.85,7.41,8.83,7.11,3,1
21.0,Male,EEE,6.6,1.0,60.39,"Literary Society, Coding Club","Data Science, Web Development, Java",1,Research,1.0,Research,7.05,Startup,8.19,7.67,5.9,6.51,5.62,8.14,5.01,5.72,3,2
22.0,Female,MECH,6.56,0.0,60.84,"Sports Club, Entrepreneurship Cell, Cultural Club","Web Development, Java, Data Science, Python, SQL",1,Research,0.0,Unknown,0.0,Unknown,5.56,7.26,7.5,6.74,5.24,7.02,5.71,7.43,5,3
18.0,Male,MECH,7.04,1.0,81.05,"Entrepreneurship Cell, Coding Club","Python, SQL",1,Consulting,0.0,Unknown,0.0,Unknown,6.59,5.62,6.3,7.58,7.68,7.41,8.3,6.81,2,2
20.0,Female,MECH,7.62,0.0,80.9,"Entrepreneurship Cell, Cultural Club","Java, Web Development",1,Core Engineering,0.0,Unknown,0.0,Unknown,7.84,9.07,6.33,8.68,6.42,8.41,6.45,7.77,2,2
22.0,Female,ECE,6.97,0.0,62.58,"Sports Club, Entrepreneurship Cell, Coding Club","Python, SQL, C++, Web Development, Java",0,Unknown,1.0,Higher Studies,12.76,Higher Studies,7.2,7.54,6.42,6.92,6.94,7.83,5.93,6.95,5,3
18.0,Female,MECH,6.96,1.0,82.97,"Literary Society, Coding Club, Robotics","Web Development, Java, C++, Python",1,Higher Studies,1.0,Higher Studies,17.16,Research,8.05,5.16,7.25,7.89,5.55,6.08,8.21,7.53,4,3
19.0,Male,CIVIL,6.99,2.0,72.21,"Cultural Club, Coding Club","Java, C++, Python, Machine Learning, Web Development",1,Higher Studies,0.0,Unknown,0.0,Unknown,6.99,6.44,7.7,7.4,6.81,7.49,6.62,6.47,5,2
18.0,Male,CIVIL,7.04,5.0,70.1,"Cultural Club, Robotics","SQL, Python, Java, Machine Learning",1,Research,1.0,Hardware,4.94,Research,7.52,7.33,5.48,7.48,7.69,6.66,8.04,6.15,4,2
22.0,Male,MECH,6.92,1.0,72.39,"Cultural Club, Coding Club, Sports Club","Python, SQL",0,Unknown,0.0,Unknown,0.0,Unknown,7.64,7.15,6.81,6.88,5.94,5.23,7.46,8.22,2,3
21.0,Male,EEE,6.4,1.0,62.07,"Cultural Club, Coding Club","Python, Web Development, Machine Learning, Data Science, Java",1,Higher Studies,1.0,Higher Studies,8.72,Job,7.28,4.26,6.54,6.69,5.48,7.8,5.86,7.27,5,2
20.0,Male,CSE,6.94,1.0,93.67,"Cultural Club, Robotics, Literary Society","Machine Learning, Python, C++, Java, Web Development",0,Unknown,0.0,Unknown,0.0,Unknown,6.71,6.35,6.87,6.44,7.26,5.68,7.32,8.91,5,3
21.0,Female,CSE,6.74,0.0,92.11,"Coding Club, Sports Club, Cultural Club","SQL, C++",1,Higher Studies,1.0,Consulting,16.75,Startup,5.76,7.33,6.2,7.6,7.12,6.01,6.84,7.07,2,3
19.0,Male,EEE,7.38,3.0,98.66,"Cultural Club, Entrepreneurship Cell","Data Science, Web Development, Python, Java, Machine Learning",0,Unknown,0.0,Unknown,0.0,Unknown,5.9,7.14,8.01,7.75,7.46,6.83,8.73,7.22,5,2
23.0,Male,CIVIL,6.92,0.0,67.02,"Coding Club, Robotics, Entrepreneurship Cell","Java, Web Development",0,Unknown,0.0,Unknown,0.0,Unknown,7.22,6.73,7.33,5.79,6.14,6.13,9.17,6.83,2,3
19.0,Male,IT,6.76,1.0,82.48,"Coding Club, Robotics, Literary Society","SQL, C++, Data Science, Python, Machine Learning",0,Unknown,1.0,Core Engineering,3.1,Job,6.23,5.87,7.31,5.73,6.59,6.0,7.55,8.8,5,3
19.0,Female,CIVIL,7.09,2.0,70.38,"Entrepreneurship Cell, Literary Society","Java, Data Science, SQL",0,Unknown,0.0,Unknown,0.0,Unknown,7.92,6.52,8.01,5.72,7.41,6.2,7.2,7.77,3,2
23.0,Male,ECE,6.8,3.0,93.37,"Robotics, Sports Club, Literary Society","Web Development, Machine Learning, Data Science",1,Higher Studies,1.0,Core Engineering,3.14,Research,6.74,6.88,6.21,7.18,6.75,7.11,6.84,6.65,3,3
18.0,Female,EEE,7.28,1.0,60.36,Entrepreneurship Cell,"Java, SQL, Web Development, C++, Machine Learning",1,Core Engineering,1.0,Consulting,14.02,Research,6.92,8.51,7.36,8.37,8.07,6.45,6.24,6.28,5,1
20.0,Female,ECE,6.71,0.0,83.11,"Cultural Club, Coding Club, Sports Club","SQL, Java, C++, Python, Web Development",1,Research,1.0,Consulting,4.11,Startup,7.31,6.59,6.89,6.65,7.12,6.15,6.39,6.59,5,3
18.0,Female,CIVIL,6.68,1.0,93.74,"Cultural Club, Robotics, Coding Club","Machine Learning, C++, Java, Python",1,Research,0.0,Unknown,0.0,Unknown,8.73,6.53,5.71,6.49,7.21,7.06,6.61,5.09,4,3
22.0,Male,ECE,6.78,0.0,72.29,"Entrepreneurship Cell, Coding Club, Literary Society","SQL, Data Science, Web Development",0,Unknown,1.0,Consulting,16.65,Startup,7.76,7.28,7.1,6.94,6.25,6.72,5.31,6.9,3,3
20.0,Male,MECH,7.03,1.0,93.22,Robotics,"C++, Python, SQL, Web Development, Java",0,Unknown,1.0,Core Engineering,4.17,Job,8.09,7.58,4.57,7.19,7.24,6.98,6.39,8.19,5,1
23.0,Male,EEE,7.13,0.0,80.0,Robotics,"Data Science, SQL, Machine Learning, Python",0,Unknown,1.0,Core Engineering,10.0,Higher Studies,7.11,7.45,4.91,8.41,8.34,4.67,8.09,8.06,4,1
22.0,Male,IT,6.7,2.0,65.67,Sports Club,"Machine Learning, SQL, Data Science, Web Development, C++",1,Core Engineering,1.0,Research,3.06,Research,6.63,7.23,6.01,5.43,5.94,7.38,6.84,8.11,5,1
21.0,Female,CIVIL,6.8,0.0,78.3,Cultural Club,"Machine Learning, Python, C++, SQL",0,Unknown,0.0,Unknown,0.0,Unknown,7.85,6.56,6.4,7.17,8.18,5.8,5.98,6.48,4,1
23.0,Male,EEE,7.18,0.0,90.18,"Coding Club, Literary Society, Sports Club","Java, Machine Learning, C++, Web Development, SQL",1,Core Engineering,1.0,Software,15.27,Startup,7.11,8.74,7.59,7.84,5.95,7.35,6.96,5.87,5,3
21.0,Male,CSE,7.43,0.0,60.11,"Robotics, Sports Club, Literary Society","Machine Learning, Python, Web Development, Data Science, C++",0,Unknown,1.0,Consulting,10.67,Research,7.22,8.67,7.57,7.63,7.7,6.08,6.43,8.12,5,3
18.0,Female,IT,7.05,1.0,71.47,"Robotics, Cultural Club","Java, Python",1,Software,0.0,Unknown,0.0,Unknown,7.57,6.62,8.32,6.71,6.05,6.99,6.18,7.94,2,2
18.0,Male,EEE,7.0,0.0,60.75,Cultural Club,"Web Development, Java",1,Research,1.0,Software,19.56,Startup,7.84,5.71,7.06,5.88,6.39,7.49,7.81,7.79,2,1
18.0,Male,ECE,7.36,1.0,93.56,Robotics,"SQL, Machine Learning, Web Development, Data Science, Python",1,Software,0.0,Unknown,0.0,Unknown,7.46,8.67,6.99,7.67,5.91,6.61,7.7,7.85,5,1
20.0,Female,EEE,7.23,0.0,67.37,"Entrepreneurship Cell, Coding Club, Robotics","Data Science, C++, Python, SQL, Web Development",0,Unknown,0.0,Unknown,0.0,Unknown,6.82,7.49,6.99,7.31,8.81,6.66,7.28,6.49,5,3
21.0,Male,IT,6.62,1.0,91.07,"Cultural Club, Sports Club","Machine Learning, Java",0,Unknown,0.0,Unknown,0.0,Unknown,7.35,7.12,6.02,6.11,7.36,6.78,6.16,6.08,2,2
23.0,Male,EEE,6.7,2.0,94.74,Sports Club,"Machine Learning, Data Science",1,Consulting,0.0,Unknown,0.0,Unknown,5.37,6.5,7.35,8.39,5.77,7.79,6.94,5.48,2,1
19.0,Female,CSE,6.64,0.0,85.13,"Literary Society, Sports Club, Coding Club","Data Science, C++",0,Unknown,0.0,Unknown,0.0,Unknown,6.61,5.98,5.97,6.63,7.64,7.93,6.5,5.85,2,3
23.0,Male,CSE,6.88,0.0,63.39,Robotics,"Java, Web Development, SQL, Python, C++",0,Unknown,1.0,Research,10.9,Startup,5.88,6.72,6.63,7.28,6.45,6.4,8.44,7.28,5,1
22.0,Male,ECE,7.01,0.0,78.0,Sports Club,"SQL, Java, C++, Web Development, Data Science",1,Higher Studies,1.0,Research,8.66,Higher Studies,6.92,8.66,5.36,7.97,6.89,6.71,6.45,7.15,5,1
23.0,Female,EEE,7.11,2.0,67.14,"Sports Club, Robotics, Entrepreneurship Cell","Python, C++",1,Higher Studies,1.0,Consulting,11.72,Research,8.16,6.56,8.26,5.34,5.38,8.28,7.01,7.92,2,3
19.0,Male,IT,7.45,0.0,64.08,Entrepreneurship Cell,"SQL, Web Development, Machine Learning",1,Software,0.0,Unknown,0.0,Unknown,6.62,8.6,7.75,8.41,7.35,7.41,6.88,6.56,3,1
22.0,Male,ECE,6.69,4.0,76.85,Sports Club,"Web Development, Java",0,Unknown,0.0,Unknown,0.0,Unknown,5.65,7.59,7.71,7.05,8.22,6.32,6.49,4.52,2,1
23.0,Female,MECH,7.23,1.0,60.58,Robotics,"Java, C++, Python, Web Development, Machine Learning",0,Unknown,1.0,Consulting,5.03,Higher Studies,6.64,7.19,6.97,8.33,7.32,8.1,7.61,5.68,5,1
20.0,Female,CSE,6.71,1.0,85.04,Entrepreneurship Cell,"Web Development, Java, C++",1,Research,0.0,Unknown,0.0,Unknown,5.59,7.5,5.96,8.28,6.74,7.13,7.41,5.07,3,1
18.0,Female,EEE,7.0,0.0,66.03,"Robotics, Entrepreneurship Cell","Data Science, SQL",0,Unknown,1.0,Consulting,13.55,Research,6.79,6.77,7.16,6.55,6.6,8.07,6.71,7.38,2,2
18.0,Male,CSE,7.15,1.0,75.19,Entrepreneurship Cell,"SQL, Data Science",1,Core Engineering,0.0,Unknown,0.0,Unknown,7.44,8.18,7.16,7.49,7.7,6.12,7.46,5.66,2,1
22.0,Female,CSE,7.06,2.0,63.61,"Sports Club, Robotics","Python, Web Development, C++, Java, Machine Learning",1,Higher Studies,0.0,Unknown,0.0,Unknown,7.34,6.99,7.77,5.85,6.22,7.77,6.2,8.38,5,2
18.0,Female,CSE,7.35,0.0,79.32,"Literary Society, Cultural Club, Entrepreneurship Cell","Web Development, SQL",1,Research,1.0,Higher Studies,18.08,Startup,8.6,7.56,8.77,5.78,8.07,8.01,5.32,6.7,2,3
18.0,Female,CSE,6.57,1.0,69.01,"Cultural Club, Sports Club","Data Science, SQL, Java",1,Core Engineering,1.0,Software,9.21,Research,4.99,8.07,7.71,6.71,5.58,7.6,4.92,6.98,3,2
22.0,Female,CIVIL,6.56,0.0,81.82,"Coding Club, Sports Club","Java, SQL, Python",1,Consulting,1.0,Consulting,4.8,Startup,5.71,5.77,6.26,6.63,7.31,6.2,7.28,7.36,3,2
22.0,Male,CIVIL,7.35,1.0,76.96,Coding Club,"SQL, Data Science",0,Unknown,1.0,Hardware,11.66,Startup,6.72,6.04,9.58,7.17,7.83,7.52,7.19,6.77,2,1
22.0,Female,IT,6.96,1.0,92.82,"Entrepreneurship Cell, Cultural Club, Sports Club","Data Science, C++, SQL, Web Development, Python",0,Unknown,0.0,Unknown,0.0,Unknown,8.99,6.17,6.45,6.85,7.84,7.21,5.71,6.47,5,3
20.0,Male,ECE,6.8,3.0,63.4,Robotics,"Python, SQL, Data Science",0,Unknown,1.0,Higher Studies,12.33,Higher Studies,8.54,6.34,6.62,7.28,5.7,6.24,7.02,6.7,3,1
19.0,Female,IT,6.52,1.0,85.36,"Entrepreneurship Cell, Coding Club","Web Development, Machine Learning",0,Unknown,1.0,Consulting,9.19,Higher Studies,7.78,5.88,7.05,5.43,7.34,7.68,5.38,5.66,2,2
18.0,Female,CSE,7.35,0.0,83.77,"Coding Club, Literary Society, Sports Club","SQL, C++",1,Hardware,0.0,Unknown,0.0,Unknown,8.29,7.06,9.05,5.37,6.44,7.03,8.14,7.4,2,3
20.0,Male,CSE,7.49,1.0,83.84,Coding Club,"Data Science, SQL, Machine Learning, Python",0,Unknown,1.0,Higher Studies,7.26,Research,6.51,5.89,7.76,8.22,7.92,9.49,6.54,7.6,4,1
20.0,Male,CIVIL,7.1,1.0,72.56,Sports Club,"Web Development, Java, C++",1,Research,0.0,Unknown,0.0,Unknown,5.25,8.01,7.75,7.23,7.04,5.22,7.77,8.49,3,1
19.0,Male,EEE,6.94,4.0,90.2,Cultural Club,"Python, Java",0,Unknown,0.0,Unknown,0.0,Unknown,7.58,7.15,6.52,6.67,7.21,6.84,5.66,7.91,2,1
23.0,Female,EEE,6.89,1.0,77.21,Literary Society,"C++, Data Science, Machine Learning, Java, SQL",1,Research,1.0,Consulting,5.9,Startup,5.34,8.26,8.14,4.98,6.44,6.4,8.64,6.9,5,1
21.0,Male,CSE,7.49,0.0,94.13,"Coding Club, Entrepreneurship Cell, Cultural Club","SQL, C++, Web Development",0,Unknown,1.0,Software,8.58,Higher Studies,6.64,9.5,7.78,7.08,7.31,7.41,7.44,6.76,3,3
20.0,Female,EEE,6.92,0.0,80.37,"Literary Society, Coding Club, Robotics","Web Development, Python, Data Science, Java, SQL",0,Unknown,1.0,Software,5.37,Startup,6.97,6.23,6.28,6.19,6.01,7.93,7.8,7.94,5,3
19.0,Female,IT,7.0,0.0,85.64,"Sports Club, Coding Club","Python, Java, Data Science, Machine Learning",1,Research,1.0,Software,11.89,Research,7.54,5.85,8.44,6.79,7.07,6.7,5.9,7.74,4,2
18.0,Male,CIVIL,6.9,2.0,69.61,"Cultural Club, Entrepreneurship Cell","Data Science, Web Development, Machine Learning, Python",1,Consulting,0.0,Unknown,0.0,Unknown,6.66,6.01,7.71,6.57,6.53,6.99,6.18,8.53,4,2
19.0,Male,CIVIL,6.99,0.0,94.96,Cultural Club,"SQL, Data Science",0,Unknown,1.0,Core Engineering,7.24,Higher Studies,6.28,6.77,8.18,7.19,6.47,7.48,5.9,7.68,2,1
23.0,Male,ECE,6.62,4.0,66.61,"Sports Club, Entrepreneurship Cell","Machine Learning, Web Development, Java, SQL, Data Science",0,Unknown,1.0,Research,18.9,Higher Studies,5.43,6.57,6.44,6.77,5.81,6.99,6.67,8.29,5,2
22.0,Female,CSE,6.86,0.0,90.34,"Cultural Club, Coding Club","C++, Java",0,Unknown,0.0,Unknown,0.0,Unknown,6.19,6.87,6.93,6.05,5.29,7.22,8.37,7.96,2,2
18.0,Female,CIVIL,7.65,0.0,67.22,"Coding Club, Cultural Club, Entrepreneurship Cell","Machine Learning, C++, Data Science, Java, Python",1,Software,1.0,Research,12.39,Higher Studies,8.42,6.59,7.51,8.61,7.25,8.27,6.14,8.42,5,3
18.0,Male,CIVIL,6.19,2.0,63.02,Literary Society,"Web Development, Machine Learning, Python",0,Unknown,1.0,Core Engineering,19.17,Startup,5.89,5.34,6.17,6.34,5.25,6.87,7.95,5.71,3,1
21.0,Female,CIVIL,6.23,1.0,79.13,Coding Club,"Machine Learning, Web Development, Data Science, C++",0,Unknown,1.0,Core Engineering,3.36,Job,6.36,6.18,6.23,7.01,4.57,5.49,6.89,7.12,4,1
21.0,Female,IT,6.77,3.0,95.63,"Coding Club, Robotics, Sports Club","C++, Web Development, Java, Python, Data Science",0,Unknown,0.0,Unknown,0.0,Unknown,7.2,5.95,7.78,6.37,7.2,6.54,7.35,5.8,5,3
19.0,Male,MECH,6.82,2.0,85.25,"Sports Club, Literary Society, Cultural Club","Java, Python",0,Unknown,0.0,Unknown,0.0,Unknown,7.19,8.0,4.3,7.68,6.35,5.17,7.51,8.37,2,3
20.0,Male,EEE,6.92,0.0,80.37,"Literary Society, Coding Club, Robotics","Web Development, Python, Data Science, Java, SQL",0,Unknown,1.0,Software,5.37,Startup,6.97,6.23,6.28,6.19,6.01,7.93,7.8,7.94,5,3
19.0,Female,ECE,6.78,0.0,74.8,"Entrepreneurship Cell, Coding Club, Literary Society","Java, Machine Learning, SQL",1,Higher Studies,1.0,Consulting,5.58,Research,5.52,6.79,8.64,6.96,5.17,7.18,7.82,6.2,3,3
23.0,Female,IT,6.88,2.0,80.41,Entrepreneurship Cell,"C++, Python, Web Development, Machine Learning, Java",1,Software,1.0,Consulting,14.35,Higher Studies,6.47,7.62,6.63,7.59,6.34,6.17,8.22,5.99,5,1
20.0,Male,CSE,6.74,1.0,93.84,"Entrepreneurship Cell, Cultural Club","Machine Learning, Web Development, SQL, Data Science",0,Unknown,0.0,Unknown,0.0,Unknown,8.1,4.99,5.13,6.08,6.1,8.4,6.83,8.25,4,2
20.0,Male,CIVIL,6.7,2.0,85.83,"Coding Club, Sports Club, Cultural Club","Python, Data Science",1,Research,0.0,Unknown,0.0,Unknown,7.03,5.84,6.53,8.03,5.97,6.79,7.29,6.08,2,3
19.0,Male,IT,7.03,1.0,78.15,Robotics,"Python, Machine Learning, Web Development, Data Science",0,Unknown,1.0,Software,13.11,Startup,6.98,6.98,6.04,7.92,6.95,6.19,7.59,7.61,4,1
19.0,Male,MECH,6.57,1.0,85.16,Entrepreneurship Cell,"Python, SQL",0,Unknown,1.0,Core Engineering,16.48,Job,5.85,7.0,7.62,5.81,5.89,6.75,6.63,6.98,2,1
18.0,Male,ECE,6.67,0.0,67.07,Entrepreneurship Cell,"Data Science, SQL, Web Development, C++",1,Higher Studies,1.0,Core Engineering,7.85,Startup,4.64,7.65,7.35,7.09,6.78,6.19,8.51,5.16,4,1
18.0,Female,EEE,6.84,1.0,70.99,Robotics,"Java, SQL, Machine Learning, Data Science",0,Unknown,0.0,Unknown,0.0,Unknown,7.33,7.62,5.91,6.84,7.04,7.58,7.0,5.37,4,1
20.0,Male,CSE,6.62,2.0,73.98,Entrepreneurship Cell,"SQL, Machine Learning, Data Science",1,Consulting,0.0,Unknown,0.0,Unknown,7.07,7.52,5.44,6.47,7.79,5.75,7.29,5.64,3,1
19.0,Male,EEE,7.27,2.0,70.69,"Literary Society, Coding Club","Web Development, SQL, Data Science, Machine Learning, Java",0,Unknown,0.0,Unknown,0.0,Unknown,8.43,7.37,7.17,6.95,5.85,6.78,8.97,6.62,5,2
23.0,Female,ECE,7.2,2.0,84.17,"Coding Club, Entrepreneurship Cell","C++, Data Science, SQL",1,Higher Studies,0.0,Unknown,0.0,Unknown,6.8,6.39,7.14,7.01,8.35,6.89,8.37,6.68,3,2
18.0,Male,ECE,6.95,1.0,84.69,"Sports Club, Literary Society, Coding Club","SQL, Data Science",0,Unknown,1.0,Core Engineering,15.02,Higher Studies,6.53,7.35,6.95,7.48,7.08,5.72,8.0,6.51,2,3
21.0,Unknown,Unknown,7.0,1.0,78.31,Unknown,Unknown,0,Unknown,,Unknown,3.46,Unknown,6.98,7.09,6.94,6.91,7.03,6.93,6.97,7.11,1,1
21.0,Female,CIVIL,6.99,0.0,64.83,Coding Club,"Java, SQL, Machine Learning, C++, Data Science",0,Unknown,0.0,Unknown,0.0,Unknown,7.75,6.71,9.06,6.68,6.55,6.52,6.18,6.44,5,1
23.0,Male,CSE,6.46,2.0,93.53,"Sports Club, Literary Society","C++, Machine Learning, Python, Web Development, Java",1,Consulting,0.0,Unknown,0.0,Unknown,5.3,7.53,7.75,6.11,6.34,7.15,5.8,5.73,5,2
23.0,Female,ECE,7.16,1.0,63.23,"Entrepreneurship Cell, Coding Club, Literary Society","SQL, Web Development, C++, Java",0,Unknown,1.0,Higher Studies,14.43,Higher Studies,6.73,8.06,7.31,6.11,7.25,7.81,6.92,7.07,4,3
19.0,Male,EEE,7.36,0.0,80.61,"Literary Society, Sports Club, Entrepreneurship Cell","Data Science, Java, Web Development, SQL",1,Core Engineering,1.0,Consulting,11.35,Research,6.58,6.9,7.52,8.19,7.1,5.5,7.63,9.45,4,3
22.0,Female,CSE,7.09,1.0,78.7,Cultural Club,"C++, SQL",1,Research,0.0,Unknown,0.0,Unknown,5.0,7.03,7.61,7.38,7.17,8.16,6.46,7.89,2,1
20.0,Female,EEE,6.34,1.0,67.05,"Robotics, Literary Society","Python, Data Science, Java, Machine Learning",0,Unknown,1.0,Hardware,13.32,Startup,5.81,5.99,5.06,6.45,8.33,6.88,5.66,6.51,4,2
21.0,Female,IT,7.14,0.0,67.17,"Robotics, Cultural Club","Data Science, Machine Learning",0,Unknown,0.0,Unknown,0.0,Unknown,8.23,7.46,7.25,7.81,6.74,6.23,6.4,7.0,2,2
19.0,Female,CSE,7.41,0.0,73.03,"Sports Club, Cultural Club, Entrepreneurship Cell","Machine Learning, Web Development, Data Science, C++, Python",0,Unknown,0.0,Unknown,0.0,Unknown,7.25,8.46,7.43,7.18,5.64,8.39,8.12,6.84,5,3
23.0,Male,CIVIL,7.08,2.0,60.04,Literary Society,"Data Science, SQL",0,Unknown,0.0,Unknown,0.0,Unknown,7.44,6.27,7.23,5.14,7.6,7.3,7.64,8.06,2,1
21.0,Male,ECE,7.3,2.0,95.12,Entrepreneurship Cell,"Data Science, SQL, Java, C++, Python",0,Unknown,1.0,Research,7.58,Startup,7.94,8.24,7.33,7.14,6.03,8.99,5.58,7.12,5,1
19.0,Male,MECH,6.68,1.0,62.4,"Coding Club, Entrepreneurship Cell, Sports Club","Web Development, Data Science, C++, Python",1,Consulting,0.0,Unknown,0.0,Unknown,5.06,5.04,5.99,6.34,9.17,7.7,7.79,6.36,4,3
21.0,Female,EEE,6.71,2.0,77.43,"Robotics, Entrepreneurship Cell","Web Development, C++",0,Unknown,1.0,Consulting,6.81,Research,5.31,5.68,6.72,5.72,8.37,7.49,6.2,8.17,2,2
20.0,Male,CIVIL,7.51,3.0,63.54,Coding Club,"Machine Learning, Data Science, Java",1,Consulting,0.0,Unknown,0.0,Unknown,7.95,7.51,7.73,7.52,6.36,7.43,7.8,7.75,3,1
23.0,Male,EEE,6.87,0.0,89.44,"Cultural Club, Literary Society","Web Development, C++",1,Consulting,1.0,Core Engineering,7.68,Startup,6.39,6.6,6.31,5.57,7.15,7.59,7.51,7.82,2,2
19.0,Female,CIVIL,6.72,1.0,81.92,"Cultural Club, Sports Club, Robotics","C++, SQL, Java, Python, Machine Learning",0,Unknown,1.0,Software,14.95,Research,4.94,7.75,7.24,6.0,5.57,7.12,8.41,6.77,5,3
23.0,Male,MECH,7.02,0.0,83.29,"Cultural Club, Sports Club","C++, SQL, Data Science",0,Unknown,0.0,Unknown,0.0,Unknown,7.42,6.83,7.4,6.96,7.11,6.06,7.04,7.38,3,2
21.0,Male,CIVIL,6.98,2.0,75.09,"Robotics, Entrepreneurship Cell","C++, Java, Data Science, Web Development, Machine Learning",1,Software,0.0,Unknown,0.0,Unknown,6.14,8.13,6.73,6.22,7.73,6.51,8.03,6.34,5,2
19.0,Female,EEE,6.94,0.0,88.94,Literary Society,"Java, SQL, Machine Learning, Web Development",1,Research,1.0,Consulting,12.11,Startup,4.32,7.26,6.95,6.24,9.03,7.96,5.9,7.84,4,1
19.0,Female,MECH,6.63,0.0,99.38,"Sports Club, Coding Club","Python, Java, Data Science, C++",0,Unknown,1.0,Research,14.33,Research,6.31,7.69,6.68,5.84,7.2,7.4,7.56,4.38,4,2
18.0,Female,CSE,7.31,1.0,83.37,"Cultural Club, Literary Society","Web Development, Machine Learning, C++, Python, SQL",0,Unknown,1.0,Research,18.32,Startup,7.22,7.01,7.1,6.23,7.02,7.5,8.45,7.96,5,2
20.0,Male,CIVIL,7.13,1.0,73.39,Literary Society,"Data Science, Machine Learning",0,Unknown,0.0,Unknown,0.0,Unknown,6.3,6.94,6.11,8.2,5.71,7.9,8.47,7.38,2,1
21.0,Male,ECE,7.32,0.0,95.24,"Coding Club, Entrepreneurship Cell, Sports Club","Java, Web Development, SQL, Python",0,Unknown,0.0,Unknown,0.0,Unknown,6.63,9.39,7.18,6.73,6.16,8.1,7.87,6.5,4,3
20.0,Male,CSE,7.08,0.0,73.04,"Coding Club, Literary Society, Robotics","SQL, Python",0,Unknown,1.0,Consulting,12.57,Research,8.04,6.39,7.23,5.56,6.5,5.94,8.22,8.74,2,3
18.0,Female,ECE,7.75,3.0,66.65,"Sports Club, Entrepreneurship Cell","C++, Machine Learning, Python, Web Development",1,Hardware,0.0,Unknown,0.0,Unknown,7.87,8.33,6.83,8.76,8.19,7.02,7.67,7.31,4,2
19.0,Male,IT,7.13,1.0,71.9,Literary Society,"Python, Machine Learning, SQL, Data Science",1,Consulting,0.0,Unknown,0.0,Unknown,5.22,8.5,7.78,6.52,8.24,6.75,6.54,7.48,4,1
20.0,Male,CSE,6.62,2.0,73.98,Entrepreneurship Cell,"SQL, Machine Learning, Data Science",1,Consulting,0.0,Unknown,0.0,Unknown,7.07,7.52,5.44,6.47,7.79,5.75,7.29,5.64,3,1
23.0,Female,ECE,6.8,3.0,93.37,"Robotics, Sports Club, Literary Society","Web Development, Machine Learning, Data Science",1,Higher Studies,1.0,Core Engineering,3.14,Research,6.74,6.88,6.21,7.18,6.75,7.11,6.84,6.65,3,3
19.0,Male,MECH,7.74,2.0,82.6,"Entrepreneurship Cell, Coding Club, Cultural Club","Data Science, Machine Learning, Web Development, Python, SQL",1,Research,0.0,Unknown,0.0,Unknown,5.76,8.25,7.73,7.54,7.72,9.39,9.19,6.31,5,3
21.0,Female,CIVIL,6.77,1.0,78.55,Entrepreneurship Cell,"Java, Python, Web Development, SQL",0,Unknown,0.0,Unknown,0.0,Unknown,7.56,5.91,6.56,7.62,7.43,5.01,7.59,6.45,4,1
18.0,Female,IT,6.97,1.0,90.61,"Robotics, Cultural Club, Coding Club","Java, SQL, Python",0,Unknown,1.0,Software,11.25,Startup,7.04,6.73,7.2,7.52,4.97,9.11,6.21,7.0,3,3
23.0,Male,CSE,6.51,1.0,80.2,Entrepreneurship Cell,"SQL, Web Development, Data Science, Machine Learning, Java",0,Unknown,0.0,Unknown,0.0,Unknown,7.72,5.23,6.28,6.31,7.41,7.53,7.1,4.52,5,1
23.0,Male,IT,6.48,0.0,71.19,"Coding Club, Sports Club, Robotics","Web Development, Python, Java, C++",0,Unknown,1.0,Higher Studies,8.64,Job,5.84,6.69,6.3,5.93,6.63,6.78,7.14,6.5,4,3
22.0,Female,EEE,6.82,2.0,71.29,"Robotics, Coding Club","Java, C++, Machine Learning, Python, Data Science",0,Unknown,1.0,Consulting,11.18,Job,7.81,6.87,8.63,6.67,5.46,6.81,6.67,5.66,5,2
21.0,Female,CSE,6.74,1.0,71.65,"Cultural Club, Robotics, Literary Society","Web Development, Python, Machine Learning",1,Research,0.0,Unknown,0.0,Unknown,5.89,7.32,7.28,8.01,6.42,6.47,6.43,6.08,3,3
23.0,Male,EEE,7.12,0.0,82.25,"Robotics, Literary Society","Java, C++, Machine Learning, SQL, Python",1,Core Engineering,1.0,Consulting,9.99,Research,7.28,9.04,7.57,7.6,6.73,6.02,6.47,6.29,5,2
22.0,Female,MECH,7.25,1.0,71.29,"Sports Club, Literary Society, Entrepreneurship Cell","Java, C++",0,Unknown,1.0,Research,8.07,Research,7.68,8.1,6.25,8.05,8.44,6.96,6.26,6.28,2,3
23.0,Male,IT,6.87,1.0,99.46,"Sports Club, Entrepreneurship Cell, Literary Society","C++, Data Science",0,Unknown,1.0,Research,10.33,Research,6.19,5.48,7.88,9.09,7.92,5.11,6.48,6.8,2,3
18.0,Male,MECH,6.95,2.0,77.59,"Literary Society, Coding Club","Web Development, Machine Learning, Java, SQL, Python",1,Higher Studies,1.0,Core Engineering,10.59,Higher Studies,8.05,6.85,6.6,6.97,6.86,5.45,8.08,6.77,5,2
19.0,Female,MECH,7.03,1.0,91.43,"Entrepreneurship Cell, Literary Society, Cultural Club","C++, Python, Data Science, Java",0,Unknown,0.0,Unknown,0.0,Unknown,8.04,6.98,5.49,6.33,8.31,6.06,7.89,7.12,4,3
18.0,Female,CSE,6.9,0.0,74.03,"Coding Club, Cultural Club","SQL, C++",0,Unknown,0.0,Unknown,0.0,Unknown,7.0,5.84,8.5,7.88,6.78,7.03,7.21,4.96,2,2
18.0,Male,IT,7.02,1.0,75.09,"Sports Club, Cultural Club","Data Science, Web Development, C++",0,Unknown,1.0,Consulting,3.04,Research,7.79,6.71,6.63,6.18,6.37,6.73,8.96,6.8,3,2
22.0,Female,CIVIL,6.56,0.0,81.82,"Coding Club, Sports Club","Java, SQL, Python",1,Consulting,1.0,Consulting,4.8,Startup,5.71,5.77,6.26,6.63,7.31,6.2,7.28,7.36,3,2
19.0,Female,ECE,7.27,2.0,75.31,Sports Club,"Data Science, Machine Learning, C++, Web Development",0,Unknown,1.0,Core Engineering,11.95,Job,6.6,6.79,7.44,6.21,8.04,7.75,7.02,8.32,4,1
19.0,Male,CIVIL,7.16,2.0,85.45,"Robotics, Literary Society","Java, Web Development, Python, C++, Machine Learning",1,Core Engineering,0.0,Unknown,0.0,Unknown,7.03,5.51,7.49,7.72,9.3,8.08,5.1,7.08,5,2
22.0,Male,ECE,7.31,1.0,96.95,"Literary Society, Coding Club, Robotics","Python, Data Science, Java, C++, SQL",1,Core Engineering,1.0,Core Engineering,13.87,Startup,5.11,5.68,8.38,7.06,8.18,7.18,9.46,7.44,5,3
22.0,Male,IT,7.49,1.0,85.02,Cultural Club,"Java, Web Development",1,Higher Studies,1.0,Software,11.42,Research,8.07,6.63,8.43,8.04,9.03,7.41,6.94,5.41,2,1
22.0,Female,IT,7.35,1.0,64.94,"Cultural Club, Coding Club","Python, Machine Learning, Data Science, Java",1,Research,1.0,Core Engineering,13.65,Job,6.78,8.85,8.13,7.75,7.13,6.59,7.7,5.87,4,2
23.0,Male,CIVIL,7.15,0.0,92.66,Cultural Club,"Data Science, Python, Web Development, SQL",0,Unknown,1.0,Software,14.14,Job,7.15,7.49,7.48,6.25,7.92,8.23,6.74,5.97,4,1
18.0,Male,CSE,6.47,0.0,89.79,Literary Society,"Web Development, SQL, Data Science, Machine Learning, Java",0,Unknown,1.0,Software,10.01,Higher Studies,5.89,7.57,5.94,6.29,6.82,5.33,7.05,6.89,5,1
21.0,Female,EEE,6.71,0.0,83.42,"Entrepreneurship Cell, Literary Society","Data Science, C++, Java, Python",1,Hardware,1.0,Core Engineering,13.05,Research,6.67,8.04,7.46,6.81,5.72,5.4,7.31,6.28,4,2
21.0,Male,CIVIL,7.26,2.0,65.55,"Entrepreneurship Cell, Sports Club","C++, Java, SQL, Data Science, Machine Learning",0,Unknown,0.0,Unknown,0.0,Unknown,7.92,7.11,5.33,6.1,6.47,8.51,8.33,8.33,5,2
22.0,Female,IT,6.9,1.0,76.9,"Cultural Club, Sports Club, Robotics","Java, Data Science, Machine Learning, SQL, Web Development",0,Unknown,1.0,Higher Studies,16.37,Job,6.56,5.77,6.89,7.67,6.19,7.11,6.63,8.38,5,3
20.0,Male,MECH,6.88,2.0,72.73,"Coding Club, Sports Club","Machine Learning, Data Science",1,Software,0.0,Unknown,0.0,Unknown,6.2,6.62,6.44,6.93,7.63,7.29,7.2,6.76,2,2
23.0,Female,EEE,6.76,0.0,79.06,"Coding Club, Entrepreneurship Cell, Sports Club","Machine Learning, C++, Web Development, SQL, Python",0,Unknown,1.0,Core Engineering,8.41,Higher Studies,6.46,5.65,5.87,6.94,6.93,7.33,6.91,7.98,5,3
19.0,Female,ECE,7.27,2.0,75.31,Sports Club,"Data Science, Machine Learning, C++, Web Development",0,Unknown,1.0,Core Engineering,11.95,Job,6.6,6.79,7.44,6.21,8.04,7.75,7.02,8.32,4,1
20.0,Female,ECE,7.32,0.0,97.41,"Cultural Club, Entrepreneurship Cell","Java, Python, Data Science, SQL, Machine Learning",0,Unknown,0.0,Unknown,0.0,Unknown,7.19,7.23,8.05,8.49,7.97,6.44,6.22,7.0,5,2
23.0,Female,CSE,6.36,2.0,65.54,Sports Club,"Java, Machine Learning",1,Research,0.0,Unknown,0.0,Unknown,5.97,8.11,7.04,5.89,5.25,5.47,6.33,6.83,2,1
20.0,Female,CIVIL,7.53,3.0,93.61,Entrepreneurship Cell,"C++, Java, SQL",1,Consulting,0.0,Unknown,0.0,Unknown,6.37,6.8,8.7,8.99,4.84,7.11,9.92,7.48,3,1
18.0,Male,IT,6.58,3.0,60.53,"Sports Club, Robotics, Coding Club","Java, SQL",0,Unknown,0.0,Unknown,0.0,Unknown,7.94,6.03,7.14,6.58,5.99,6.27,4.95,7.75,2,3
21.0,Male,IT,7.28,1.0,61.25,Robotics,"Python, Java, Data Science, C++",0,Unknown,1.0,Software,19.45,Job,5.09,8.41,7.46,6.93,6.37,8.59,7.9,7.49,4,1
19.0,Female,CIVIL,7.12,1.0,89.12,"Sports Club, Coding Club, Cultural Club","Java, Web Development, C++",0,Unknown,0.0,Unknown,0.0,Unknown,8.86,7.22,6.65,5.39,6.74,6.66,7.96,7.46,3,3
23.0,Male,EEE,7.26,1.0,76.78,"Cultural Club, Sports Club","Python, C++, Java, SQL, Data Science",1,Hardware,1.0,Software,11.25,Startup,5.62,8.7,8.08,5.84,7.47,7.84,7.16,7.33,5,2
23.0,Male,MECH,7.24,2.0,71.52,"Coding Club, Entrepreneurship Cell, Literary Society","Data Science, SQL, Python, Java, Machine Learning",1,Higher Studies,1.0,Core Engineering,5.04,Job,6.63,7.5,7.52,8.34,6.92,7.31,6.56,7.18,5,3
23.0,Male,ECE,6.33,0.0,68.03,"Entrepreneurship Cell, Sports Club, Cultural Club","Web Development, Python, Java",0,Unknown,1.0,Consulting,16.16,Research,5.74,6.6,5.95,6.54,6.84,6.59,5.57,6.81,3,3
21.0,Male,ECE,6.87,0.0,90.77,Sports Club,"Data Science, Machine Learning, SQL, Python",1,Software,0.0,Unknown,0.0,Unknown,6.54,7.23,8.7,5.86,5.69,6.14,7.7,7.13,4,1
19.0,Male,CIVIL,6.91,0.0,96.23,"Entrepreneurship Cell, Cultural Club","Machine Learning, Web Development, Data Science, SQL, Java",0,Unknown,1.0,Consulting,17.26,Higher Studies,8.14,7.18,4.97,5.81,6.02,6.75,9.08,7.36,5,2
20.0,Male,IT,7.37,0.0,64.15,"Coding Club, Robotics","Java, C++, Web Development",0,Unknown,0.0,Unknown,0.0,Unknown,7.18,6.19,5.52,8.81,6.37,6.9,8.01,10.0,3,2
23.0,Male,CSE,6.36,2.0,65.54,Sports Club,"Java, Machine Learning",1,Research,0.0,Unknown,0.0,Unknown,5.97,8.11,7.04,5.89,5.25,5.47,6.33,6.83,2,1
22.0,Male,MECH,6.13,5.0,62.36,"Entrepreneurship Cell, Coding Club","C++, Web Development, Java",0,Unknown,0.0,Unknown,0.0,Unknown,6.48,6.68,4.35,8.35,7.91,5.27,4.94,5.05,3,2
22.0,Male,CSE,7.14,0.0,86.81,"Sports Club, Literary Society","Python, Java, SQL",1,Consulting,0.0,Unknown,0.0,Unknown,5.61,8.62,6.59,8.47,8.19,4.15,7.48,8.0,3,2
23.0,Male,EEE,6.69,0.0,74.86,"Sports Club, Entrepreneurship Cell","C++, Java, SQL, Machine Learning, Web Development",0,Unknown,1.0,Higher Studies,4.06,Research,7.46,6.18,7.55,6.51,4.7,7.37,7.36,6.42,5,2
20.0,Female,ECE,7.3,1.0,64.62,"Sports Club, Coding Club","Web Development, C++, SQL, Python, Data Science",1,Core Engineering,0.0,Unknown,0.0,Unknown,7.57,6.96,7.63,7.27,7.93,7.9,6.78,6.34,5,2
23.0,Female,CIVIL,7.5,1.0,99.1,"Coding Club, Robotics, Sports Club","Java, Python, Web Development, Data Science, C++",0,Unknown,1.0,Research,17.51,Job,6.68,7.02,6.66,5.36,8.09,7.9,8.99,9.28,5,3
23.0,Male,CIVIL,7.08,2.0,60.04,Literary Society,"Data Science, SQL",0,Unknown,0.0,Unknown,0.0,Unknown,7.44,6.27,7.23,5.14,7.6,7.3,7.64,8.06,2,1
21.0,Female,EEE,6.59,1.0,93.1,Robotics,"C++, Machine Learning, Web Development, SQL, Data Science",0,Unknown,0.0,Unknown,0.0,Unknown,6.99,7.3,7.25,5.37,7.29,6.44,5.58,6.48,5,1
20.0,Male,CIVIL,7.57,0.0,84.53,"Robotics, Sports Club, Entrepreneurship Cell","C++, SQL",1,Higher Studies,0.0,Unknown,0.0,Unknown,6.61,8.07,7.69,7.05,8.1,8.36,7.45,7.23,2,3
19.0,Female,MECH,7.24,0.0,60.43,"Robotics, Entrepreneurship Cell","Machine Learning, Python, Data Science, SQL, C++",1,Higher Studies,0.0,Unknown,0.0,Unknown,7.35,9.07,6.76,6.82,6.13,7.48,6.33,8.02,5,2
20.0,Male,ECE,6.87,1.0,89.07,"Literary Society, Sports Club, Cultural Club","Python, Web Development",0,Unknown,1.0,Hardware,16.16,Startup,6.57,7.09,5.62,8.39,7.68,6.63,6.1,6.91,2,3
20.0,Male,CSE,7.03,0.0,78.56,"Entrepreneurship Cell, Robotics, Literary Society","Python, Data Science, Machine Learning, C++, Java",0,Unknown,1.0,Research,10.65,Higher Studies,6.15,5.39,5.93,8.03,7.46,8.31,5.68,9.32,5,3
23.0,Male,MECH,6.74,0.0,94.48,"Literary Society, Robotics, Cultural Club","C++, Data Science",1,Higher Studies,1.0,Software,10.21,Startup,6.77,6.82,6.52,7.69,6.37,6.64,5.74,7.38,2,3
21.0,Male,CIVIL,6.84,1.0,64.56,Cultural Club,"Web Development, SQL",1,Hardware,1.0,Hardware,14.49,Research,7.69,6.56,6.15,6.36,7.7,6.37,6.88,7.02,2,1
23.0,Female,IT,6.97,0.0,67.53,Coding Club,"SQL, Machine Learning, Python",0,Unknown,0.0,Unknown,0.0,Unknown,7.55,7.68,5.06,6.24,6.12,7.1,7.48,8.5,3,1
20.0,Female,CIVIL,7.33,0.0,68.95,"Literary Society, Robotics, Coding Club","Data Science, Machine Learning",1,Research,1.0,Higher Studies,8.79,Higher Studies,8.53,8.21,6.37,6.28,7.67,7.26,6.6,7.72,2,3
22.0,Female,EEE,7.24,0.0,70.77,Coding Club,"C++, Python, Java",0,Unknown,1.0,Hardware,16.61,Job,6.03,8.6,7.66,7.16,6.56,6.63,7.43,7.85,3,1
19.0,Male,ECE,7.0,1.0,61.45,Cultural Club,"Web Development, Machine Learning, C++, Python",1,Hardware,0.0,Unknown,0.0,Unknown,7.59,7.55,6.4,6.3,7.14,7.17,6.15,7.7,4,1
21.0,Male,MECH,7.62,1.0,98.72,Coding Club,"SQL, C++, Java, Data Science",0,Unknown,0.0,Unknown,0.0,Unknown,7.8,7.15,8.8,6.93,7.57,7.83,5.25,9.62,4,1
23.0,Male,EEE,7.18,0.0,90.18,"Coding Club, Literary Society, Sports Club","Java, Machine Learning, C++, Web Development, SQL",1,Core Engineering,1.0,Software,15.27,Startup,7.11,8.74,7.59,7.84,5.95,7.35,6.96,5.87,5,3
23.0,Male,CSE,6.58,1.0,78.05,"Entrepreneurship Cell, Cultural Club","Web Development, Data Science",1,Higher Studies,0.0,Unknown,0.0,Unknown,6.91,7.13,5.71,7.11,6.86,5.74,6.33,6.87,2,2
23.0,Male,MECH,6.83,1.0,62.07,Sports Club,"Java, SQL",1,Core Engineering,0.0,Unknown,0.0,Unknown,7.69,5.39,6.53,8.09,7.06,5.92,6.28,7.68,2,1
18.0,Male,CIVIL,6.63,3.0,92.64,Entrepreneurship Cell,"Web Development, Python",1,Higher Studies,1.0,Core Engineering,3.32,Research,5.41,8.48,6.59,7.79,5.97,6.09,7.66,5.07,2,1
20.0,Male,EEE,7.32,1.0,82.41,"Robotics, Entrepreneurship Cell, Literary Society","Java, C++",1,Software,1.0,Core Engineering,10.3,Job,6.81,7.46,6.83,7.56,7.77,8.61,6.49,6.99,2,3
22.0,Female,CSE,6.96,4.0,93.75,Entrepreneurship Cell,"Java, Data Science",1,Consulting,1.0,Higher Studies,7.44,Job,6.69,7.26,6.2,6.2,6.77,7.29,6.8,8.47,2,1
23.0,Male,IT,6.88,2.0,80.41,Entrepreneurship Cell,"C++, Python, Web Development, Machine Learning, Java",1,Software,1.0,Consulting,14.35,Higher Studies,6.47,7.62,6.63,7.59,6.34,6.17,8.22,5.99,5,1
18.0,Female,ECE,7.34,0.0,83.29,"Coding Club, Cultural Club","C++, SQL",0,Unknown,0.0,Unknown,0.0,Unknown,8.0,6.33,8.39,6.75,7.29,7.26,6.87,7.81,2,2
19.0,Female,ECE,7.3,2.0,99.85,Robotics,"Python, Web Development",0,Unknown,1.0,Research,19.41,Higher Studies,7.48,7.93,6.16,7.68,8.87,7.4,6.37,6.48,2,1
21.0,Female,EEE,7.02,0.0,84.85,Coding Club,"Machine Learning, C++, Web Development, Python",1,Hardware,0.0,Unknown,0.0,Unknown,6.4,6.24,6.93,8.2,5.68,7.01,7.73,7.93,4,1
19.0,Male,CSE,6.94,1.0,82.15,"Sports Club, Robotics","Python, Data Science, C++, Web Development",0,Unknown,0.0,Unknown,0.0,Unknown,7.7,6.67,8.17,7.37,6.89,7.45,5.43,5.87,4,2
19.0,Male,IT,7.58,1.0,64.9,"Literary Society, Coding Club, Entrepreneurship Cell","Data Science, SQL, Python, Machine Learning, C++",1,Research,1.0,Research,18.77,Job,7.87,9.43,7.48,6.72,6.84,7.71,6.74,7.87,5,3
21.0,Female,ECE,6.84,2.0,95.25,Cultural Club,"Web Development, SQL, Data Science, Python",1,Core Engineering,1.0,Higher Studies,8.58,Research,8.23,6.82,5.99,6.02,6.7,6.7,7.91,6.33,4,1
22.0,Male,ECE,6.82,0.0,77.71,"Cultural Club, Coding Club, Literary Society","Data Science, Machine Learning, SQL",0,Unknown,0.0,Unknown,0.0,Unknown,7.33,7.53,6.04,6.02,7.99,8.04,5.91,5.72,3,3
18.0,Male,CIVIL,6.19,2.0,63.02,Literary Society,"Web Development, Machine Learning, Python",0,Unknown,1.0,Core Engineering,19.17,Startup,5.89,5.34,6.17,6.34,5.25,6.87,7.95,5.71,3,1
19.0,Female,CSE,6.79,1.0,95.93,"Coding Club, Cultural Club","Machine Learning, Web Development",1,Software,1.0,Higher Studies,17.1,Research,6.57,6.46,7.09,7.55,7.12,7.71,5.03,6.78,2,2
22.0,Male,CSE,7.63,0.0,63.36,"Coding Club, Robotics","Web Development, Java",0,Unknown,0.0,Unknown,0.0,Unknown,8.51,8.12,5.58,7.22,7.74,7.62,6.37,9.91,2,2
21.0,Male,MECH,7.21,2.0,87.63,Literary Society,"SQL, C++, Python, Machine Learning",1,Research,1.0,Consulting,12.08,Higher Studies,4.95,6.62,6.97,6.48,8.39,8.32,8.93,7.05,4,1
19.0,Female,ECE,7.15,1.0,60.77,"Literary Society, Robotics, Entrepreneurship Cell","SQL, Python",1,Research,0.0,Unknown,0.0,Unknown,8.43,6.39,7.33,6.55,7.75,5.88,7.74,7.11,2,3
23.0,Female,IT,7.32,2.0,97.22,"Literary Society, Cultural Club","Web Development, Java, SQL, Data Science",0,Unknown,1.0,Research,10.28,Research,7.8,7.83,8.38,7.04,5.97,6.83,7.59,7.08,4,2
21.0,Male,IT,7.03,1.0,72.15,"Cultural Club, Literary Society","SQL, Java",0,Unknown,1.0,Software,12.19,Higher Studies,7.44,8.94,6.4,7.38,8.3,5.2,7.27,5.32,2,2
18.0,Male,EEE,6.96,1.0,90.11,"Literary Society, Robotics","SQL, C++",0,Unknown,0.0,Unknown,0.0,Unknown,8.26,7.88,6.32,7.76,6.83,5.07,7.16,6.38,2,2
18.0,Female,ECE,7.51,1.0,94.11,"Sports Club, Cultural Club, Entrepreneurship Cell","Web Development, C++",0,Unknown,0.0,Unknown,0.0,Unknown,7.36,7.05,7.51,6.14,8.69,8.67,7.43,7.2,2,3
22.0,Male,CSE,7.05,1.0,67.75,"Robotics, Literary Society","Machine Learning, SQL, Java, Python",0,Unknown,1.0,Higher Studies,6.37,Job,4.72,8.47,6.14,5.91,7.36,6.63,8.78,8.36,4,2
19.0,Male,ECE,6.94,3.0,69.49,"Sports Club, Literary Society, Cultural Club","Machine Learning, Data Science, Java, Python",0,Unknown,0.0,Unknown,0.0,Unknown,6.54,6.97,7.27,6.4,8.07,6.79,6.21,7.23,4,3
22.0,Female,MECH,6.95,0.0,75.25,"Literary Society, Robotics, Sports Club","SQL, Data Science, Python, C++",1,Software,1.0,Hardware,10.0,Startup,7.72,7.45,6.84,6.08,7.09,5.44,7.14,7.87,4,3
22.0,Female,CSE,7.08,0.0,90.32,"Cultural Club, Sports Club, Robotics","Web Development, Data Science, Python",0,Unknown,0.0,Unknown,0.0,Unknown,6.03,8.01,7.34,6.77,6.18,6.28,9.05,7.0,3,3
18.0,Female,IT,6.88,1.0,89.14,Robotics,"Web Development, C++, Machine Learning",0,Unknown,0.0,Unknown,0.0,Unknown,7.25,6.1,6.43,7.85,7.75,6.32,6.84,6.46,3,1
19.0,Female,IT,7.01,2.0,97.65,"Sports Club, Cultural Club, Coding Club","Java, Machine Learning, Data Science",0,Unknown,1.0,Software,17.44,Startup,6.85,8.03,7.57,6.69,6.84,7.17,4.95,7.95,3,3
18.0,Female,CSE,7.1,0.0,95.78,"Robotics, Sports Club, Entrepreneurship Cell","SQL, C++",0,Unknown,0.0,Unknown,0.0,Unknown,7.51,6.8,6.09,7.97,6.76,7.1,7.55,7.04,2,3
22.0,Female,ECE,6.79,1.0,98.01,"Sports Club, Cultural Club, Entrepreneurship Cell","Python, C++, Web Development, Machine Learning",0,Unknown,0.0,Unknown,0.0,Unknown,6.61,4.79,8.39,5.65,6.0,6.67,8.42,7.77,4,3
19.0,Male,CSE,6.86,1.0,84.41,"Entrepreneurship Cell, Sports Club, Cultural Club","Python, Java, Machine Learning",0,Unknown,1.0,Hardware,5.3,Job,7.51,6.47,5.83,4.13,6.97,8.77,8.66,6.54,3,3
22.0,Male,CIVIL,7.45,1.0,95.82,"Cultural Club, Entrepreneurship Cell, Robotics","SQL, Java",0,Unknown,1.0,Consulting,5.76,Higher Studies,7.81,8.13,6.97,5.58,6.88,8.46,8.54,7.21,2,3
22.0,Male,CIVIL,6.71,3.0,86.48,"Literary Society, Entrepreneurship Cell","SQL, Web Development, Java",0,Unknown,1.0,Hardware,10.9,Job,6.4,8.17,5.33,5.51,7.14,7.03,6.28,7.81,3,2
18.0,Female,CIVIL,7.08,0.0,96.55,"Sports Club, Coding Club","Java, C++, Python",1,Research,1.0,Consulting,19.2,Startup,5.91,6.17,9.95,8.24,5.65,5.68,7.48,7.55,3,2
18.0,Female,CSE,7.03,0.0,99.06,"Literary Society, Robotics","Machine Learning, SQL, Web Development, Data Science",1,Higher Studies,1.0,Consulting,7.78,Research,6.58,6.87,6.8,7.17,7.47,7.26,7.28,6.82,4,2
23.0,Male,ECE,7.2,1.0,68.27,"Robotics, Entrepreneurship Cell","Machine Learning, C++, Web Development",1,Higher Studies,0.0,Unknown,0.0,Unknown,7.48,7.27,7.38,8.34,7.27,6.35,7.88,5.63,3,2
18.0,Female,EEE,6.73,0.0,64.75,"Coding Club, Entrepreneurship Cell","C++, SQL",0,Unknown,0.0,Unknown,0.0,Unknown,5.79,6.82,6.73,7.22,6.8,6.93,7.64,5.89,2,2
18.0,Female,CIVIL,6.99,1.0,71.87,Literary Society,"Web Development, Python, SQL, C++",0,Unknown,1.0,Consulting,14.03,Startup,6.74,6.49,7.3,6.21,7.9,6.86,6.64,7.75,4,1
18.0,Female,EEE,6.96,1.0,90.11,"Literary Society, Robotics","SQL, C++",0,Unknown,0.0,Unknown,0.0,Unknown,8.26,7.88,6.32,7.76,6.83,5.07,7.16,6.38,2,2
23.0,Female,CIVIL,7.19,2.0,66.73,"Entrepreneurship Cell, Coding Club","Data Science, C++, Java, Python",0,Unknown,0.0,Unknown,0.0,Unknown,8.03,7.87,5.86,7.82,6.94,7.07,7.07,6.85,4,2
18.0,Female,ECE,7.06,0.0,78.54,"Coding Club, Cultural Club","Python, Web Development",0,Unknown,1.0,Consulting,18.09,Job,8.03,7.68,6.61,7.32,8.26,6.8,6.69,5.11,2,2
18.0,Male,CSE,6.76,0.0,89.37,"Coding Club, Cultural Club","C++, Data Science, SQL",0,Unknown,1.0,Higher Studies,6.55,Job,6.92,5.8,8.45,8.81,5.32,5.98,6.72,6.04,3,2
19.0,Female,CIVIL,6.77,1.0,61.59,"Literary Society, Sports Club","Web Development, Machine Learning, Java",1,Software,0.0,Unknown,0.0,Unknown,7.03,5.03,7.65,7.81,6.01,7.42,6.14,7.1,3,2
19.0,Female,CSE,7.72,0.0,70.44,"Cultural Club, Entrepreneurship Cell","Data Science, Python, SQL, Web Development, Java",0,Unknown,1.0,Software,17.89,Startup,6.33,7.89,7.87,7.34,8.94,8.29,8.07,7.07,5,2
20.0,Male,CSE,6.96,0.0,87.87,"Robotics, Literary Society, Cultural Club","C++, Python, Java",0,Unknown,0.0,Unknown,0.0,Unknown,6.85,7.59,7.28,6.38,6.79,6.51,6.41,7.85,3,3
19.0,Male,IT,7.58,1.0,64.9,"Literary Society, Coding Club, Entrepreneurship Cell","Data Science, SQL, Python, Machine Learning, C++",1,Research,1.0,Research,18.77,Job,7.87,9.43,7.48,6.72,6.84,7.71,6.74,7.87,5,3
18.0,Female,MECH,6.95,2.0,77.59,"Literary Society, Coding Club","Web Development, Machine Learning, Java, SQL, Python",1,Higher Studies,1.0,Core Engineering,10.59,Higher Studies,8.05,6.85,6.6,6.97,6.86,5.45,8.08,6.77,5,2
21.0,Female,IT,6.77,0.0,74.06,"Coding Club, Literary Society, Sports Club","SQL, C++, Machine Learning",1,Higher Studies,0.0,Unknown,0.0,Unknown,6.19,7.27,6.23,7.24,7.26,6.53,6.94,6.47,3,3
22.0,Female,EEE,6.98,0.0,74.63,"Sports Club, Literary Society","C++, Data Science, Web Development, SQL",0,Unknown,1.0,Higher Studies,6.83,Research,6.26,6.2,8.67,6.89,6.3,6.96,7.54,7.05,4,2
21.0,Female,MECH,7.48,4.0,72.12,Robotics,"Python, SQL, Machine Learning, Data Science",0,Unknown,0.0,Unknown,0.0,Unknown,9.15,7.89,7.97,7.47,6.63,6.72,6.82,7.19,4,1
20.0,Male,IT,6.09,0.0,62.09,"Coding Club, Entrepreneurship Cell","Data Science, Web Development, C++",0,Unknown,0.0,Unknown,0.0,Unknown,7.57,6.14,5.58,5.33,6.78,5.98,4.67,6.64,3,2
23.0,Male,ECE,7.57,1.0,70.79,"Cultural Club, Sports Club","Python, Java, C++, Data Science",1,Research,0.0,Unknown,0.0,Unknown,7.09,7.75,6.39,8.08,6.86,9.59,5.39,9.43,4,2
19.0,Male,MECH,7.29,1.0,66.87,Entrepreneurship Cell,"C++, Machine Learning, Python, Web Development",1,Consulting,1.0,Hardware,9.09,Research,8.24,6.74,8.28,6.9,6.14,7.68,6.7,7.62,4,1
18.0,Male,CSE,7.35,0.0,79.32,"Literary Society, Cultural Club, Entrepreneurship Cell","Web Development, SQL",1,Research,1.0,Higher Studies,18.08,Startup,8.6,7.56,8.77,5.78,8.07,8.01,5.32,6.7,2,3
23.0,Female,CIVIL,6.96,1.0,79.86,"Cultural Club, Entrepreneurship Cell","Machine Learning, Java",0,Unknown,0.0,Unknown,0.0,Unknown,7.24,8.34,7.01,7.67,6.7,7.82,5.76,5.16,2,2
21.0,Male,IT,7.33,2.0,67.73,Entrepreneurship Cell,"Machine Learning, Data Science, C++",1,Consulting,0.0,Unknown,0.0,Unknown,5.43,7.32,7.46,6.93,7.78,8.92,7.14,7.69,3,1
18.0,Male,CSE,7.1,0.0,95.78,"Robotics, Sports Club, Entrepreneurship Cell","SQL, C++",0,Unknown,0.0,Unknown,0.0,Unknown,7.51,6.8,6.09,7.97,6.76,7.1,7.55,7.04,2,3
21.0,Female,ECE,6.17,0.0,97.57,"Literary Society, Sports Club, Coding Club","Python, SQL, Web Development, Java, Machine Learning",0,Unknown,1.0,Software,6.17,Research,7.64,6.29,6.56,5.52,4.71,5.89,5.43,7.34,5,3
18.0,Female,EEE,7.11,0.0,65.48,"Entrepreneurship Cell, Sports Club, Literary Society","Python, C++, SQL",1,Consulting,1.0,Software,17.43,Job,6.49,7.14,7.87,5.56,9.0,8.18,5.29,7.37,3,3
19.0,Male,EEE,7.18,1.0,98.45,"Literary Society, Cultural Club","Web Development, SQL",1,Core Engineering,1.0,Research,17.36,Startup,6.54,7.07,6.82,8.2,7.7,6.83,6.09,8.19,2,2
21.0,Female,EEE,7.64,0.0,99.81,"Coding Club, Entrepreneurship Cell, Literary Society","Machine Learning, Java, C++, SQL, Web Development",0,Unknown,1.0,Software,9.81,Job,6.85,7.62,7.77,8.5,7.93,5.7,8.03,8.73,5,3
19.0,Female,EEE,7.09,2.0,99.17,Cultural Club,"Java, Machine Learning, SQL, Data Science, Python",1,Software,1.0,Software,19.32,Higher Studies,6.83,7.42,6.37,7.23,7.78,6.27,7.78,7.05,5,1
20.0,Male,CSE,6.98,1.0,77.16,"Cultural Club, Coding Club, Robotics","Web Development, Machine Learning",0,Unknown,0.0,Unknown,0.0,Unknown,8.6,7.83,6.99,6.11,7.9,6.05,5.65,6.69,2,3
18.0,Male,CIVIL,7.04,0.0,76.21,Cultural Club,"C++, Web Development, SQL",0,Unknown,1.0,Software,7.58,Research,7.53,8.62,7.02,5.54,6.31,5.22,8.29,7.76,3,1
18.0,Female,EEE,7.05,1.0,88.53,"Entrepreneurship Cell, Cultural Club","C++, Data Science, Java",0,Unknown,1.0,Research,15.93,Higher Studies,5.49,8.1,6.82,6.59,8.18,6.1,7.83,7.3,3,2
19.0,Male,IT,7.25,1.0,72.04,Entrepreneurship Cell,"Machine Learning, Java, Data Science",1,Consulting,0.0,Unknown,0.0,Unknown,5.66,7.69,6.39,8.72,8.99,6.23,6.45,7.86,3,1
19.0,Male,MECH,6.68,1.0,73.34,Cultural Club,"Data Science, Machine Learning, Web Development",0,Unknown,0.0,Unknown,0.0,Unknown,7.15,6.75,4.97,8.42,6.89,8.83,5.24,5.23,3,1
22.0,Male,MECH,7.21,0.0,96.97,"Literary Society, Entrepreneurship Cell, Cultural Club","Machine Learning, C++, Python, Java, SQL",1,Software,0.0,Unknown,0.0,Unknown,8.09,6.43,7.04,7.96,6.52,6.95,6.98,7.68,5,3
23.0,Female,EEE,7.13,0.0,80.0,Robotics,"Data Science, SQL, Machine Learning, Python",0,Unknown,1.0,Core Engineering,10.0,Higher Studies,7.11,7.45,4.91,8.41,8.34,4.67,8.09,8.06,4,1
19.0,Male,IT,6.61,1.0,87.91,"Sports Club, Entrepreneurship Cell, Literary Society","Java, Web Development, Python",1,Core Engineering,1.0,Hardware,6.06,Research,7.13,6.52,5.85,6.4,5.18,7.91,4.83,9.03,3,3
20.0,Male,IT,7.28,1.0,60.26,"Robotics, Cultural Club","Web Development, Data Science, Python, Machine Learning, Java",0,Unknown,1.0,Consulting,11.15,Research,7.21,7.97,6.89,5.93,7.9,5.99,8.81,7.56,5,2
18.0,Male,CSE,6.8,1.0,87.1,"Cultural Club, Coding Club, Sports Club","SQL, Python, Java",0,Unknown,1.0,Higher Studies,9.34,Job,7.5,5.6,7.37,4.9,7.63,7.89,6.41,7.12,3,3
21.0,Female,CSE,6.48,1.0,70.83,"Cultural Club, Literary Society","C++, Web Development, Java, Machine Learning, Data Science",0,Unknown,1.0,Hardware,17.52,Startup,6.7,6.2,6.57,5.89,5.31,6.3,7.63,7.23,5,2
18.0,Male,IT,6.88,0.0,68.51,"Literary Society, Entrepreneurship Cell, Cultural Club","Data Science, Java",0,Unknown,1.0,Consulting,11.76,Higher Studies,6.56,7.08,6.81,7.31,5.81,7.28,6.28,7.91,2,3
21.0,Male,CIVIL,7.41,0.0,84.97,Coding Club,"Java, Machine Learning, SQL, Data Science",0,Unknown,1.0,Higher Studies,17.1,Higher Studies,8.67,8.76,6.86,6.65,5.49,7.0,8.95,6.87,4,1
19.0,Male,MECH,7.74,2.0,82.6,"Entrepreneurship Cell, Coding Club, Cultural Club","Data Science, Machine Learning, Web Development, Python, SQL",1,Research,0.0,Unknown,0.0,Unknown,5.76,8.25,7.73,7.54,7.72,9.39,9.19,6.31,5,3
19.0,Male,ECE,7.01,1.0,94.04,Coding Club,"Java, Data Science, SQL, Web Development, C++",0,Unknown,0.0,Unknown,0.0,Unknown,5.33,9.09,7.02,5.04,8.2,6.25,8.04,7.12,5,1
22.0,Male,MECH,6.86,0.0,72.22,Literary Society,"SQL, Python, C++",1,Core Engineering,1.0,Research,5.68,Higher Studies,7.62,5.32,7.66,6.86,8.51,5.87,6.44,6.63,3,1
20.0,Male,EEE,7.37,1.0,68.19,"Robotics, Coding Club, Cultural Club","Web Development, Machine Learning",1,Core Engineering,1.0,Core Engineering,9.31,Research,5.16,7.29,8.25,8.38,8.86,5.23,8.63,7.18,2,3
20.0,Male,CIVIL,7.1,1.0,72.56,Sports Club,"Web Development, Java, C++",1,Research,0.0,Unknown,0.0,Unknown,5.25,8.01,7.75,7.23,7.04,5.22,7.77,8.49,3,1
20.0,Male,ECE,6.93,1.0,85.35,"Sports Club, Entrepreneurship Cell, Coding Club","Python, SQL",1,Core Engineering,1.0,Core Engineering,7.87,Job,6.5,7.13,7.17,7.2,5.77,8.26,7.13,6.28,2,3
21.0,Male,MECH,7.07,1.0,77.21,Sports Club,"Python, Web Development, Machine Learning, Java, C++",1,Research,1.0,Core Engineering,12.97,Research,8.04,6.19,8.75,5.03,6.45,7.62,8.18,6.32,5,1
22.0,Female,CSE,7.22,0.0,60.26,"Literary Society, Robotics","Web Development, Python",1,Hardware,0.0,Unknown,0.0,Unknown,7.69,8.47,5.89,6.96,6.47,5.43,7.35,9.51,2,2
22.0,Male,CIVIL,7.45,1.0,95.82,"Cultural Club, Entrepreneurship Cell, Robotics","SQL, Java",0,Unknown,1.0,Consulting,5.76,Higher Studies,7.81,8.13,6.97,5.58,6.88,8.46,8.54,7.21,2,3
18.0,Male,MECH,6.94,3.0,93.73,Sports Club,"Data Science, Machine Learning",1,Consulting,0.0,Unknown,0.0,Unknown,7.56,5.46,5.93,6.21,7.54,6.7,8.36,7.8,2,1
23.0,Female,ECE,7.1,0.0,70.97,"Robotics, Literary Society, Cultural Club","Web Development, SQL, C++, Java",1,Research,1.0,Core Engineering,8.44,Startup,7.11,7.18,6.9,6.2,7.44,7.11,7.29,7.59,4,3
22.0,Female,ECE,6.95,2.0,99.12,"Coding Club, Cultural Club","SQL, Web Development, Machine Learning, C++",1,Core Engineering,0.0,Unknown,0.0,Unknown,7.94,7.78,7.03,6.1,6.35,6.45,6.68,7.27,4,2
21.0,Female,CSE,7.23,2.0,88.92,"Coding Club, Sports Club","Java, Web Development",0,Unknown,0.0,Unknown,0.0,Unknown,6.7,6.68,7.28,6.54,8.3,7.09,8.02,7.21,2,2
18.0,Male,EEE,7.07,1.0,85.5,Robotics,"Java, Data Science, Machine Learning, C++",1,Research,1.0,Research,15.18,Higher Studies,5.43,6.73,7.46,7.55,7.55,7.8,6.55,7.5,4,1
23.0,Female,IT,6.64,0.0,83.93,Entrepreneurship Cell,"C++, SQL",1,Research,0.0,Unknown,0.0,Unknown,6.84,5.81,6.63,7.02,6.35,7.94,6.84,5.66,2,1
19.0,Female,IT,6.63,1.0,90.23,"Literary Society, Entrepreneurship Cell, Robotics","Web Development, Data Science, C++, Python",1,Core Engineering,1.0,Core Engineering,10.67,Startup,7.15,6.7,7.93,7.06,7.7,5.23,4.0,7.28,4,3
23.0,Male,ECE,6.6,0.0,75.64,"Entrepreneurship Cell, Robotics","SQL, Machine Learning, Java, Data Science, Web Development",1,Core Engineering,1.0,Research,6.98,Higher Studies,6.72,7.42,6.22,6.71,7.11,5.47,5.58,7.6,5,2
19.0,Female,MECH,6.69,1.0,96.39,"Cultural Club, Sports Club, Robotics","Java, Python, C++, Web Development, SQL",0,Unknown,1.0,Research,17.8,Job,7.3,6.54,6.91,6.31,6.94,5.64,5.58,8.3,5,3
21.0,Male,MECH,7.05,3.0,60.09,"Coding Club, Sports Club, Cultural Club","C++, Data Science, Machine Learning, Web Development",0,Unknown,1.0,Core Engineering,19.73,Job,6.33,6.36,6.18,7.84,7.17,7.92,8.03,6.54,4,3
23.0,Male,ECE,6.33,0.0,68.03,"Entrepreneurship Cell, Sports Club, Cultural Club","Web Development, Python, Java",0,Unknown,1.0,Consulting,16.16,Research,5.74,6.6,5.95,6.54,6.84,6.59,5.57,6.81,3,3
23.0,Male,CIVIL,6.64,0.0,82.66,Sports Club,"Machine Learning, C++, Python, Data Science",1,Higher Studies,1.0,Higher Studies,11.09,Startup,6.65,7.2,5.57,7.58,5.48,6.2,8.34,6.12,4,1
19.0,Male,IT,7.69,2.0,92.45,"Cultural Club, Robotics, Entrepreneurship Cell","Java, Web Development, C++, SQL, Data Science",1,Software,0.0,Unknown,0.0,Unknown,7.0,7.76,8.93,7.41,7.57,7.15,8.17,7.53,5,3
22.0,Male,IT,7.39,1.0,91.45,"Entrepreneurship Cell, Cultural Club","Machine Learning, Data Science",0,Unknown,0.0,Unknown,0.0,Unknown,6.55,9.01,8.77,5.97,6.29,7.07,8.4,7.06,2,2
18.0,Male,MECH,7.12,1.0,65.82,"Robotics, Sports Club","Web Development, C++, Data Science",1,Consulting,1.0,Software,9.9,Job,6.9,8.23,7.11,6.63,6.37,7.27,6.15,8.28,3,2
20.0,Female,MECH,7.41,1.0,73.42,Literary Society,"Web Development, Python, C++, Data Science, Java",0,Unknown,0.0,Unknown,0.0,Unknown,8.72,7.54,6.87,8.22,7.15,8.6,6.33,5.85,5,1
22.0,Female,IT,7.11,2.0,75.59,"Literary Society, Robotics, Coding Club","Java, Machine Learning, Web Development, SQL, Python",1,Software,1.0,Hardware,15.41,Job,7.85,6.42,8.04,7.09,6.56,7.07,6.71,7.11,5,3
23.0,Male,IT,6.64,0.0,83.93,Entrepreneurship Cell,"C++, SQL",1,Research,0.0,Unknown,0.0,Unknown,6.84,5.81,6.63,7.02,6.35,7.94,6.84,5.66,2,1
19.0,Female,EEE,7.06,2.0,65.6,"Coding Club, Cultural Club","SQL, Java, Data Science, Machine Learning, Web Development",0,Unknown,1.0,Core Engineering,8.92,Job,7.62,5.89,6.81,7.8,7.59,5.84,7.37,7.56,5,2
21.0,Female,MECH,7.0,2.0,93.33,"Literary Society, Sports Club","C++, Web Development, Data Science, Machine Learning",1,Consulting,0.0,Unknown,0.0,Unknown,6.68,7.21,8.01,6.55,6.12,5.56,7.48,8.38,4,2
22.0,Male,CIVIL,6.16,2.0,60.33,Robotics,"Data Science, Python, Machine Learning",0,Unknown,0.0,Unknown,0.0,Unknown,5.12,7.62,6.36,5.81,6.38,6.82,6.4,4.79,3,1
23.0,Male,CIVIL,7.08,2.0,60.04,Literary Society,"Data Science, SQL",0,Unknown,0.0,Unknown,0.0,Unknown,7.44,6.27,7.23,5.14,7.6,7.3,7.64,8.06,2,1
23.0,Female,MECH,6.74,0.0,94.48,"Literary Society, Robotics, Cultural Club","C++, Data Science",1,Higher Studies,1.0,Software,10.21,Startup,6.77,6.82,6.52,7.69,6.37,6.64,5.74,7.38,2,3
23.0,Female,ECE,7.16,1.0,63.23,"Entrepreneurship Cell, Coding Club, Literary Society","SQL, Web Development, C++, Java",0,Unknown,1.0,Higher Studies,14.43,Higher Studies,6.73,8.06,7.31,6.11,7.25,7.81,6.92,7.07,4,3
21.0,Male,CSE,6.89,1.0,65.21,"Robotics, Entrepreneurship Cell","C++, Data Science, Java, Web Development, Machine Learning",0,Unknown,0.0,Unknown,0.0,Unknown,6.84,8.62,7.56,5.68,6.91,6.75,5.83,6.9,5,2
22.0,Male,ECE,6.4,2.0,64.46,Coding Club,"Data Science, Web Development, Python, SQL",1,Software,0.0,Unknown,0.0,Unknown,6.79,5.92,5.19,5.36,6.87,9.11,4.28,7.7,4,1
20.0,Female,EEE,6.77,5.0,93.69,Coding Club,"Java, SQL, Machine Learning",0,Unknown,1.0,Higher Studies,16.99,Research,8.69,6.31,7.77,7.71,4.36,6.17,5.71,7.45,3,1
23.0,Male,IT,7.11,0.0,98.47,Literary Society,"SQL, Machine Learning",0,Unknown,1.0,Consulting,11.69,Research,7.88,6.27,8.98,7.64,6.79,4.98,5.62,8.7,2,1
23.0,Female,EEE,7.26,1.0,76.78,"Cultural Club, Sports Club","Python, C++, Java, SQL, Data Science",1,Hardware,1.0,Software,11.25,Startup,5.62,8.7,8.08,5.84,7.47,7.84,7.16,7.33,5,2
20.0,Female,IT,7.06,1.0,79.27,"Coding Club, Robotics, Entrepreneurship Cell","Python, SQL, Data Science, C++",1,Consulting,1.0,Research,8.4,Higher Studies,7.0,7.05,6.68,7.55,8.05,7.58,6.79,5.78,4,3
21.0,Female,CIVIL,6.93,1.0,76.28,"Robotics, Entrepreneurship Cell","Machine Learning, Python, Web Development, Data Science, SQL",0,Unknown,0.0,Unknown,0.0,Unknown,7.58,8.2,6.19,7.39,7.73,6.33,6.79,5.25,5,2
22.0,Female,CSE,7.63,0.0,63.36,"Coding Club, Robotics","Web Development, Java",0,Unknown,0.0,Unknown,0.0,Unknown,8.51,8.12,5.58,7.22,7.74,7.62,6.37,9.91,2,2
22.0,Male,CIVIL,6.83,1.0,84.05,Coding Club,"C++, Data Science, Web Development, Machine Learning",0,Unknown,1.0,Hardware,12.56,Higher Studies,8.73,7.67,6.75,6.76,4.78,6.15,6.65,7.18,4,1
23.0,Female,IT,6.5,2.0,69.42,"Coding Club, Entrepreneurship Cell, Literary Society","Data Science, Machine Learning",0,Unknown,1.0,Software,8.28,Startup,6.09,7.29,6.37,4.11,8.93,5.93,7.56,5.75,2,3
18.0,Female,CSE,7.1,0.0,95.78,"Robotics, Sports Club, Entrepreneurship Cell","SQL, C++",0,Unknown,0.0,Unknown,0.0,Unknown,7.51,6.8,6.09,7.97,6.76,7.1,7.55,7.04,2,3
22.0,Male,IT,6.43,0.0,64.0,"Robotics, Cultural Club","C++, Python, Web Development, SQL, Java",1,Software,0.0,Unknown,0.0,Unknown,7.76,5.89,6.14,7.79,7.63,4.75,4.54,6.92,5,2
20.0,Male,MECH,7.63,1.0,72.86,"Cultural Club, Robotics, Coding Club","C++, Machine Learning, Java, Web Development, Python",0,Unknown,1.0,Research,3.33,Research,8.85,7.6,8.62,7.49,8.52,7.37,7.73,4.87,5,3
20.0,Male,CSE,6.24,1.0,86.03,"Literary Society, Entrepreneurship Cell","Python, Java, SQL",0,Unknown,0.0,Unknown,0.0,Unknown,5.61,6.52,6.86,5.31,7.71,6.77,5.61,5.55,3,2
19.0,Female,IT,6.76,1.0,82.48,"Coding Club, Robotics, Literary Society","SQL, C++, Data Science, Python, Machine Learning",0,Unknown,1.0,Core Engineering,3.1,Job,6.23,5.87,7.31,5.73,6.59,6.0,7.55,8.8,5,3
22.0,Female,IT,7.36,2.0,96.83,"Cultural Club, Sports Club, Entrepreneurship Cell","Web Development, Machine Learning, C++, Data Science, SQL",0,Unknown,0.0,Unknown,0.0,Unknown,6.21,7.47,8.88,8.35,8.59,6.49,6.01,6.87,5,3
19.0,Female,IT,7.45,0.0,64.08,Entrepreneurship Cell,"SQL, Web Development, Machine Learning",1,Software,0.0,Unknown,0.0,Unknown,6.62,8.6,7.75,8.41,7.35,7.41,6.88,6.56,3,1
19.0,Male,EEE,7.09,1.0,69.07,"Sports Club, Literary Society, Coding Club","SQL, Java",1,Research,1.0,Hardware,12.64,Startup,8.54,5.42,6.86,8.41,7.4,6.51,5.45,8.15,2,3
22.0,Female,MECH,7.02,0.0,94.42,Sports Club,"Machine Learning, SQL",1,Core Engineering,1.0,Consulting,11.05,Research,7.27,6.38,8.81,7.4,6.4,7.57,7.09,5.28,2,1
21.0,Male,EEE,6.96,0.0,73.54,Coding Club,"SQL, Web Development",0,Unknown,0.0,Unknown,0.0,Unknown,5.83,6.62,6.53,7.8,7.07,9.55,4.99,7.31,2,1
20.0,Female,EEE,7.12,2.0,64.88,Robotics,"Java, Web Development, SQL, Machine Learning",0,Unknown,1.0,Consulting,9.06,Higher Studies,8.62,7.82,7.29,7.9,6.39,6.68,5.52,6.77,4,1
21.0,Male,ECE,6.5,1.0,64.68,"Entrepreneurship Cell, Sports Club","C++, Web Development",1,Software,1.0,Consulting,8.09,Job,6.18,4.9,8.04,6.43,7.84,7.29,5.17,6.19,2,2
22.0,Female,MECH,7.02,0.0,74.2,"Entrepreneurship Cell, Coding Club","Machine Learning, Web Development, C++, Python",1,Research,0.0,Unknown,0.0,Unknown,7.34,7.91,6.75,5.8,8.0,6.1,7.26,6.98,4,2
22.0,Male,MECH,6.92,3.0,83.69,Entrepreneurship Cell,"Data Science, SQL",0,Unknown,1.0,Core Engineering,14.92,Job,6.82,5.9,5.52,6.91,6.66,7.0,7.09,9.49,2,1
21.0,Female,EEE,6.4,1.0,62.07,"Cultural Club, Coding Club","Python, Web Development, Machine Learning, Data Science, Java",1,Higher Studies,1.0,Higher Studies,8.72,Job,7.28,4.26,6.54,6.69,5.48,7.8,5.86,7.27,5,2
22.0,Male,ECE,6.87,0.0,65.77,"Literary Society, Entrepreneurship Cell, Cultural Club","C++, Data Science, Machine Learning, Python, Java",1,Higher Studies,1.0,Software,15.9,Higher Studies,7.08,6.54,7.52,6.18,6.47,6.35,7.86,6.99,5,3
20.0,Female,CIVIL,6.99,0.0,71.81,"Coding Club, Entrepreneurship Cell, Robotics","Data Science, Machine Learning, Python",1,Consulting,0.0,Unknown,0.0,Unknown,6.17,7.16,6.28,8.56,5.94,7.06,7.33,7.39,3,3
20.0,Female,ECE,7.66,0.0,64.33,"Literary Society, Sports Club, Coding Club","Web Development, C++",0,Unknown,1.0,Higher Studies,17.32,Higher Studies,8.91,6.93,6.75,8.09,7.4,6.82,6.36,10.0,2,3
18.0,Male,CIVIL,7.94,1.0,90.57,"Entrepreneurship Cell, Robotics, Coding Club","Python, Machine Learning, Data Science",0,Unknown,1.0,Higher Studies,12.9,Research,9.38,6.88,8.67,7.31,7.31,8.84,7.78,7.37,3,3
21.0,Male,CIVIL,7.28,0.0,68.69,"Cultural Club, Coding Club","Python, Web Development",0,Unknown,1.0,Software,10.89,Higher Studies,5.24,6.71,8.04,7.5,6.84,8.31,7.74,7.82,2,2
18.0,Female,EEE,7.33,0.0,76.73,"Cultural Club, Sports Club","C++, Data Science, Machine Learning",1,Core Engineering,0.0,Unknown,0.0,Unknown,5.88,8.24,6.84,6.45,7.16,7.5,8.12,8.45,3,2
19.0,Male,IT,7.25,1.0,72.04,Entrepreneurship Cell,"Machine Learning, Java, Data Science",1,Consulting,0.0,Unknown,0.0,Unknown,5.66,7.69,6.39,8.72,8.99,6.23,6.45,7.86,3,1
21.0,Female,CSE,7.23,2.0,88.92,"Coding Club, Sports Club","Java, Web Development",0,Unknown,0.0,Unknown,0.0,Unknown,6.7,6.68,7.28,6.54,8.3,7.09,8.02,7.21,2,2
19.0,Female,CSE,6.7,1.0,72.26,"Entrepreneurship Cell, Cultural Club, Robotics","Web Development, SQL, Java, Data Science, Machine Learning",0,Unknown,0.0,Unknown,0.0,Unknown,7.14,6.45,7.13,6.49,7.25,6.83,5.47,6.86,5,3
22.0,Male,MECH,6.99,0.0,85.72,Cultural Club,"C++, Web Development, Data Science",0,Unknown,0.0,Unknown,0.0,Unknown,5.82,8.19,6.54,7.2,7.28,6.74,7.59,6.53,3,1
23.0,Female,EEE,7.13,0.0,80.0,Robotics,"Data Science, SQL, Machine Learning, Python",0,Unknown,1.0,Core Engineering,10.0,Higher Studies,7.11,7.45,4.91,8.41,8.34,4.67,8.09,8.06,4,1
20.0,Male,MECH,6.6,2.0,75.89,Entrepreneurship Cell,"Machine Learning, Java, SQL, Web Development",1,Hardware,1.0,Higher Studies,8.73,Research,6.11,6.61,6.82,4.1,8.67,6.1,7.51,6.91,4,1
18.0,Male,IT,6.53,0.0,65.37,"Literary Society, Sports Club, Robotics","Python, Data Science, Java",0,Unknown,1.0,Core Engineering,13.96,Job,5.62,6.82,6.84,7.22,6.25,6.07,7.33,6.1,3,3
23.0,Female,CSE,6.88,1.0,77.34,"Coding Club, Robotics","Data Science, Web Development, Machine Learning",0,Unknown,0.0,Unknown,0.0,Unknown,8.24,6.54,6.96,7.06,7.85,4.75,6.39,7.21,3,2
19.0,Female,ECE,6.18,1.0,65.28,"Robotics, Literary Society, Cultural Club","Java, C++, SQL, Machine Learning, Web Development",0,Unknown,0.0,Unknown,0.0,Unknown,6.34,5.96,7.34,5.45,5.88,6.33,5.2,6.97,5,3
19.0,Male,EEE,7.18,1.0,98.45,"Literary Society, Cultural Club","Web Development, SQL",1,Core Engineering,1.0,Research,17.36,Startup,6.54,7.07,6.82,8.2,7.7,6.83,6.09,8.19,2,2
18.0,Male,MECH,7.17,1.0,60.05,"Cultural Club, Literary Society","Python, Data Science, Web Development, Java, Machine Learning",1,Core Engineering,1.0,Software,5.04,Higher Studies,7.69,4.85,7.45,6.36,8.65,7.62,7.24,7.49,5,2
23.0,Female,CIVIL,7.05,1.0,88.84,"Robotics, Literary Society","Machine Learning, Java, SQL",0,Unknown,1.0,Consulting,9.0,Higher Studies,8.87,8.01,6.54,7.78,6.6,5.89,6.1,6.64,3,2
23.0,Female,MECH,6.96,2.0,69.32,"Literary Society, Coding Club","Machine Learning, C++, Python, Web Development, SQL",0,Unknown,0.0,Unknown,0.0,Unknown,6.83,5.81,8.68,6.18,7.73,5.7,6.78,7.99,5,2
22.0,Female,ECE,6.66,1.0,61.42,Sports Club,"Data Science, Machine Learning, SQL, Python, Java",0,Unknown,0.0,Unknown,0.0,Unknown,7.32,7.17,6.0,6.82,4.82,7.18,8.43,5.53,5,1
19.0,Female,EEE,7.54,1.0,89.69,"Entrepreneurship Cell, Sports Club","SQL, Python",0,Unknown,1.0,Core Engineering,13.93,Higher Studies,6.72,6.8,6.65,9.63,9.06,7.3,7.42,6.76,2,2
19.0,Female,ECE,6.96,0.0,64.05,"Entrepreneurship Cell, Robotics","Java, Machine Learning, Python, C++, Web Development",1,Research,1.0,Core Engineering,3.19,Research,6.92,5.12,8.54,6.64,7.63,6.89,6.73,7.19,5,2
20.0,Female,CSE,7.03,0.0,64.16,"Entrepreneurship Cell, Coding Club, Robotics","Data Science, Machine Learning, C++",1,Hardware,1.0,Research,16.6,Research,5.59,6.22,5.89,8.75,7.94,8.27,7.72,5.87,3,3
19.0,Female,MECH,7.75,0.0,72.05,"Sports Club, Coding Club","C++, Machine Learning",1,Research,1.0,Consulting,7.23,Job,7.53,7.15,8.18,9.34,7.87,7.95,7.13,6.86,2,2
18.0,Female,CSE,6.45,2.0,85.15,"Cultural Club, Robotics, Sports Club","Java, C++, Python, Web Development, SQL",0,Unknown,1.0,Core Engineering,15.5,Startup,6.16,6.99,5.63,6.53,5.66,6.63,6.66,7.35,5,3
19.0,Female,CSE,6.8,1.0,86.53,"Cultural Club, Robotics","Data Science, Web Development, SQL",1,Software,0.0,Unknown,0.0,Unknown,5.82,5.85,9.11,6.14,6.68,6.63,6.58,7.62,3,2
22.0,Female,MECH,7.45,0.0,96.43,Cultural Club,"Java, Web Development, Python",0,Unknown,0.0,Unknown,0.0,Unknown,7.36,7.52,6.88,8.77,7.5,8.84,6.35,6.37,3,1
19.0,Male,ECE,7.12,0.0,88.33,Robotics,"Python, Java, C++, SQL, Machine Learning",1,Consulting,1.0,Higher Studies,11.19,Job,5.42,7.08,8.06,7.24,6.68,7.46,7.19,7.83,5,1
18.0,Male,CIVIL,6.48,0.0,90.07,"Entrepreneurship Cell, Literary Society","C++, Web Development",1,Consulting,1.0,Hardware,18.41,Research,6.83,6.14,5.76,7.17,6.82,6.56,7.08,5.48,2,2
20.0,Male,CIVIL,6.52,0.0,69.78,"Cultural Club, Literary Society","Java, Machine Learning, Web Development, SQL",0,Unknown,0.0,Unknown,0.0,Unknown,8.25,5.4,5.48,6.09,6.52,5.6,7.37,7.43,4,2
22.0,Female,ECE,7.07,0.0,78.76,"Coding Club, Sports Club, Robotics","Web Development, SQL, Python, C++",0,Unknown,1.0,Higher Studies,11.58,Research,7.35,5.76,8.63,7.41,6.74,7.22,7.93,5.53,4,3
19.0,Female,CIVIL,6.9,1.0,93.99,"Coding Club, Robotics","Java, Machine Learning, Python, Web Development",1,Research,1.0,Consulting,10.44,Higher Studies,6.62,7.9,7.72,6.71,6.86,6.57,6.83,6.03,4,2
21.0,Female,EEE,6.72,3.0,89.49,Sports Club,"Machine Learning, Python",1,Higher Studies,1.0,Higher Studies,3.62,Job,7.55,6.45,8.92,6.23,5.31,6.53,5.02,7.75,2,1
22.0,Male,CIVIL,7.83,0.0,63.18,"Entrepreneurship Cell, Cultural Club, Coding Club","Data Science, Web Development, Python, SQL, Machine Learning",0,Unknown,1.0,Consulting,4.46,Research,6.91,9.58,6.2,8.64,8.68,6.45,7.57,8.63,5,3
21.0,Male,IT,6.69,1.0,61.47,"Robotics, Cultural Club","C++, Machine Learning, Python, Java",1,Hardware,0.0,Unknown,0.0,Unknown,7.61,7.76,6.47,6.42,6.72,4.7,5.48,8.37,4,2
23.0,Female,CIVIL,7.51,0.0,63.39,Entrepreneurship Cell,"C++, Python",1,Consulting,0.0,Unknown,0.0,Unknown,8.3,8.56,7.03,6.25,7.46,6.32,9.01,7.14,2,1
19.0,Male,ECE,6.96,1.0,62.45,"Robotics, Sports Club, Coding Club","Java, Machine Learning, Data Science, SQL",0,Unknown,0.0,Unknown,0.0,Unknown,7.06,8.31,6.4,6.95,7.37,6.82,7.95,4.79,4,3
23.0,Female,CIVIL,7.38,0.0,81.46,"Sports Club, Entrepreneurship Cell, Literary Society","C++, Java, Python, Data Science",0,Unknown,1.0,Core Engineering,9.44,Research,7.83,8.01,6.5,7.39,7.66,6.09,8.64,6.96,4,3
19.0,Male,EEE,7.21,2.0,60.58,Literary Society,"Web Development, SQL",1,Higher Studies,1.0,Consulting,4.38,Startup,6.06,4.91,8.32,6.77,7.05,8.0,8.88,7.72,2,1
18.0,Female,EEE,7.1,1.0,63.66,"Entrepreneurship Cell, Coding Club","C++, SQL, Web Development",0,Unknown,0.0,Unknown,0.0,Unknown,8.98,6.95,5.44,6.6,7.5,7.53,5.91,7.93,3,2
22.0,Male,EEE,7.24,0.0,79.22,"Cultural Club, Entrepreneurship Cell","SQL, Python",1,Hardware,0.0,Unknown,0.0,Unknown,6.83,6.31,9.47,6.5,8.02,5.91,7.37,7.48,2,2
20.0,Male,IT,7.06,1.0,79.27,"Coding Club, Robotics, Entrepreneurship Cell","Python, SQL, Data Science, C++",1,Consulting,1.0,Research,8.4,Higher Studies,7.0,7.05,6.68,7.55,8.05,7.58,6.79,5.78,4,3
19.0,Male,ECE,7.14,2.0,73.61,"Sports Club, Literary Society, Robotics","Data Science, Python, Web Development",0,Unknown,0.0,Unknown,0.0,Unknown,6.04,7.94,6.13,6.79,7.56,6.38,7.69,8.6,3,3
21.0,Male,MECH,7.29,1.0,83.51,"Robotics, Literary Society, Cultural Club","Python, Data Science, C++, Machine Learning",0,Unknown,0.0,Unknown,0.0,Unknown,7.19,7.58,8.86,5.92,6.65,7.26,8.15,6.7,4,3
20.0,Male,CIVIL,6.23,2.0,68.32,"Entrepreneurship Cell, Sports Club","Machine Learning, Data Science",1,Research,0.0,Unknown,0.0,Unknown,5.83,6.85,5.27,6.61,7.03,6.15,6.54,5.59,2,2
18.0,Male,MECH,6.99,0.0,82.63,"Literary Society, Robotics, Sports Club","Machine Learning, Web Development, Data Science, Python, Java",1,Research,1.0,Higher Studies,8.32,Job,6.85,7.35,6.01,6.85,6.8,7.18,7.33,7.56,5,3
22.0,Male,IT,6.96,1.0,74.22,"Cultural Club, Entrepreneurship Cell","C++, Python",0,Unknown,1.0,Higher Studies,16.32,Job,6.86,5.78,6.79,6.15,6.42,7.59,8.67,7.39,2,2
21.0,Female,MECH,6.85,1.0,92.75,Robotics,"Machine Learning, Web Development, Java, Data Science, Python",1,Research,0.0,Unknown,0.0,Unknown,8.57,7.34,6.22,6.38,6.75,6.41,6.01,7.15,5,1
22.0,Male,ECE,6.69,4.0,77.85,"Entrepreneurship Cell, Robotics","Web Development, Data Science, SQL",0,Unknown,1.0,Higher Studies,16.7,Higher Studies,6.53,6.97,6.32,6.1,7.74,6.84,7.04,6.0,3,2
22.0,Female,MECH,6.74,1.0,89.77,"Cultural Club, Entrepreneurship Cell, Literary Society","SQL, Python, Machine Learning, C++",0,Unknown,1.0,Core Engineering,16.01,Startup,6.78,9.52,7.62,6.25,6.23,5.54,5.65,6.34,4,3
21.0,Female,ECE,7.32,0.0,95.24,"Coding Club, Entrepreneurship Cell, Sports Club","Java, Web Development, SQL, Python",0,Unknown,0.0,Unknown,0.0,Unknown,6.63,9.39,7.18,6.73,6.16,8.1,7.87,6.5,4,3
22.0,Female,CIVIL,6.43,0.0,63.39,"Sports Club, Cultural Club, Robotics","SQL, Data Science, Java, Machine Learning, Python",1,Software,0.0,Unknown,0.0,Unknown,6.27,5.34,6.67,6.06,6.35,7.61,6.95,6.17,5,3
22.0,Male,ECE,7.2,4.0,90.22,"Cultural Club, Literary Society","Java, Web Development",0,Unknown,1.0,Software,17.96,Higher Studies,8.56,5.96,5.6,7.45,6.97,8.21,6.65,8.21,2,2
18.0,Female,ECE,6.96,0.0,79.44,Cultural Club,"Java, C++, Web Development, Data Science",0,Unknown,0.0,Unknown,0.0,Unknown,7.95,7.29,6.39,7.36,5.86,7.11,6.97,6.79,4,1
20.0,Male,CIVIL,6.76,0.0,79.14,Coding Club,"Java, Python, Web Development, SQL",0,Unknown,0.0,Unknown,0.0,Unknown,6.59,6.52,5.74,7.59,5.59,5.7,7.85,8.5,4,1
22.0,Female,CIVIL,7.16,3.0,80.73,"Robotics, Coding Club, Sports Club","C++, Java",1,Consulting,1.0,Higher Studies,3.64,Startup,6.02,6.17,8.34,8.29,6.69,8.23,6.83,6.67,2,3
21.0,Male,CIVIL,7.22,0.0,91.71,Literary Society,"Python, C++",0,Unknown,0.0,Unknown,0.0,Unknown,6.82,10.0,7.3,6.25,6.57,8.15,7.11,5.56,2,1
21.0,Female,ECE,7.02,0.0,75.63,"Sports Club, Coding Club, Robotics","Data Science, SQL, Python, C++, Java",0,Unknown,0.0,Unknown,0.0,Unknown,6.41,8.27,6.89,6.62,6.08,7.27,7.19,7.39,5,3
18.0,Female,IT,7.48,1.0,66.15,"Robotics, Sports Club, Literary Society","Python, Data Science, Java",1,Research,0.0,Unknown,0.0,Unknown,6.66,7.34,8.55,7.85,7.41,7.46,7.04,7.56,3,3
23.0,Male,IT,7.62,0.0,70.79,"Literary Society, Cultural Club, Sports Club","Python, SQL",0,Unknown,0.0,Unknown,0.0,Unknown,7.85,8.22,8.21,6.91,7.36,8.3,6.7,7.38,2,3
20.0,Male,ECE,6.87,1.0,89.07,"Literary Society, Sports Club, Cultural Club","Python, Web Development",0,Unknown,1.0,Hardware,16.16,Startup,6.57,7.09,5.62,8.39,7.68,6.63,6.1,6.91,2,3
22.0,Female,CIVIL,7.14,0.0,61.4,"Coding Club, Literary Society","C++, Python, Machine Learning",0,Unknown,0.0,Unknown,0.0,Unknown,5.52,8.06,6.47,6.61,5.88,7.38,9.46,7.78,3,2
22.0,Female,EEE,7.23,1.0,74.76,"Robotics, Sports Club","SQL, Machine Learning, Web Development",0,Unknown,1.0,Higher Studies,5.06,Higher Studies,7.77,8.53,7.92,6.46,7.14,6.39,6.29,7.34,3,2
18.0,Male,CIVIL,6.99,1.0,71.87,Literary Society,"Web Development, Python, SQL, C++",0,Unknown,1.0,Consulting,14.03,Startup,6.74,6.49,7.3,6.21,7.9,6.86,6.64,7.75,4,1
22.0,Female,ECE,6.58,0.0,95.42,Cultural Club,"Data Science, Web Development",0,Unknown,1.0,Software,3.17,Job,5.59,6.76,8.93,7.86,6.62,5.13,6.17,5.59,2,1
22.0,Female,EEE,7.16,1.0,69.23,"Cultural Club, Coding Club, Entrepreneurship Cell","Data Science, Machine Learning, Web Development, SQL",1,Core Engineering,0.0,Unknown,0.0,Unknown,7.98,6.79,6.95,7.67,5.88,7.38,7.17,7.49,4,3
20.0,Male,MECH,7.14,2.0,95.54,Cultural Club,"Machine Learning, Web Development, Java, Python",1,Higher Studies,0.0,Unknown,0.0,Unknown,8.4,7.37,7.04,6.66,6.92,8.15,5.86,6.72,4,1
20.0,Male,CIVIL,7.5,1.0,60.72,"Sports Club, Robotics, Literary Society","C++, Machine Learning, Data Science, SQL",0,Unknown,1.0,Research,18.86,Job,7.73,8.44,6.39,7.78,6.29,9.12,6.59,7.64,4,3
22.0,Male,EEE,6.85,1.0,81.7,"Cultural Club, Entrepreneurship Cell, Sports Club","C++, Data Science, Java, Python, Web Development",0,Unknown,1.0,Core Engineering,19.3,Research,5.69,8.57,6.49,6.4,6.11,7.06,8.98,5.46,5,3
18.0,Female,MECH,7.11,1.0,96.22,"Sports Club, Literary Society","SQL, Web Development, Data Science",0,Unknown,0.0,Unknown,0.0,Unknown,6.41,6.93,4.98,7.55,9.35,6.45,7.37,7.85,3,2
20.0,Male,IT,6.52,0.0,60.28,Robotics,"Web Development, Python, Machine Learning, Java, SQL",0,Unknown,0.0,Unknown,0.0,Unknown,5.96,7.67,6.2,6.05,5.56,6.52,6.92,7.24,5,1
18.0,Male,MECH,7.17,1.0,60.05,"Cultural Club, Literary Society","Python, Data Science, Web Development, Java, Machine Learning",1,Core Engineering,1.0,Software,5.04,Higher Studies,7.69,4.85,7.45,6.36,8.65,7.62,7.24,7.49,5,2
18.0,Female,IT,6.87,2.0,79.01,Cultural Club,"Machine Learning, Web Development, SQL, Data Science, C++",1,Software,0.0,Unknown,0.0,Unknown,7.08,8.18,6.56,6.69,5.67,6.26,7.53,7.01,5,1
23.0,Male,MECH,7.71,1.0,65.63,Entrepreneurship Cell,"C++, Java, Web Development, Python, Data Science",1,Software,0.0,Unknown,0.0,Unknown,7.66,8.81,8.33,6.03,5.06,9.36,9.27,7.19,5,1
18.0,Male,CIVIL,6.58,0.0,87.67,"Cultural Club, Coding Club","Machine Learning, Data Science, C++, SQL",0,Unknown,0.0,Unknown,0.0,Unknown,8.72,4.51,7.1,6.68,6.88,6.2,7.4,5.19,4,2
20.0,Male,ECE,7.38,2.0,95.57,"Cultural Club, Robotics, Sports Club","Java, Machine Learning, C++, SQL, Data Science",0,Unknown,1.0,Higher Studies,12.84,Job,8.07,8.53,6.28,7.53,7.15,6.88,7.36,7.22,5,3
19.0,Male,ECE,7.2,1.0,65.57,"Sports Club, Cultural Club, Coding Club","SQL, Data Science, Python",0,Unknown,0.0,Unknown,0.0,Unknown,7.93,6.78,8.07,8.45,6.08,6.16,6.86,7.31,3,3
23.0,Male,CIVIL,7.0,0.0,74.5,"Cultural Club, Coding Club, Literary Society","Java, Web Development",0,Unknown,1.0,Software,16.7,Startup,7.56,5.66,7.49,5.45,8.08,6.53,6.91,8.33,2,3
20.0,Female,CSE,6.3,2.0,79.84,Entrepreneurship Cell,"Web Development, SQL, Python, Machine Learning, Java",1,Consulting,0.0,Unknown,0.0,Unknown,5.12,7.32,6.22,5.48,8.13,6.96,4.92,6.22,5,1
19.0,Male,CSE,6.79,1.0,95.93,"Coding Club, Cultural Club","Machine Learning, Web Development",1,Software,1.0,Higher Studies,17.1,Research,6.57,6.46,7.09,7.55,7.12,7.71,5.03,6.78,2,2
18.0,Female,IT,7.52,1.0,61.61,Coding Club,"Machine Learning, Data Science, SQL",0,Unknown,0.0,Unknown,0.0,Unknown,7.65,5.82,8.14,8.14,8.22,6.19,7.72,8.24,3,1
23.0,Male,EEE,6.87,0.0,70.09,Robotics,"SQL, Web Development, Java, Python",0,Unknown,1.0,Software,5.66,Job,8.18,6.79,5.03,6.89,7.65,5.99,8.33,6.08,4,1
19.0,Female,IT,6.38,1.0,76.74,"Coding Club, Literary Society","C++, Python, Data Science",1,Research,1.0,Hardware,10.79,Startup,5.83,7.02,5.57,7.78,6.15,6.98,5.11,6.61,3,2
21.0,Male,IT,6.77,0.0,74.06,"Coding Club, Literary Society, Sports Club","SQL, C++, Machine Learning",1,Higher Studies,0.0,Unknown,0.0,Unknown,6.19,7.27,6.23,7.24,7.26,6.53,6.94,6.47,3,3
22.0,Male,ECE,7.63,2.0,78.97,Coding Club,"Web Development, Machine Learning, Python, Data Science",1,Software,0.0,Unknown,0.0,Unknown,7.54,7.85,9.57,6.38,7.02,7.08,7.7,7.88,4,1
21.0,Male,ECE,7.13,1.0,76.52,"Robotics, Literary Society","C++, Java",1,Research,0.0,Unknown,0.0,Unknown,6.33,4.72,6.51,7.62,6.52,8.39,8.66,8.28,2,2
18.0,Male,CSE,6.46,0.0,74.41,"Sports Club, Cultural Club, Literary Society","Machine Learning, Data Science, Python, SQL, C++",1,Consulting,1.0,Higher Studies,7.42,Research,6.86,6.4,6.69,6.26,7.46,5.96,5.65,6.44,5,3
18.0,Male,ECE,6.67,1.0,98.74,Robotics,"Web Development, Data Science, Python",0,Unknown,1.0,Higher Studies,18.08,Higher Studies,7.27,6.46,5.61,6.95,6.96,6.74,7.78,5.62,3,1
18.0,Male,MECH,6.86,0.0,80.8,"Cultural Club, Coding Club, Robotics","C++, Data Science, Java, Machine Learning, SQL",1,Software,0.0,Unknown,0.0,Unknown,6.4,6.71,6.4,8.85,6.99,5.94,7.82,5.78,5,3
19.0,Male,MECH,7.74,2.0,82.6,"Entrepreneurship Cell, Coding Club, Cultural Club","Data Science, Machine Learning, Web Development, Python, SQL",1,Research,0.0,Unknown,0.0,Unknown,5.76,8.25,7.73,7.54,7.72,9.39,9.19,6.31,5,3
22.0,Male,EEE,6.7,0.0,66.39,Literary Society,"C++, Web Development, Python",0,Unknown,0.0,Unknown,0.0,Unknown,7.18,7.35,6.28,7.63,7.13,5.42,6.47,6.1,3,1
20.0,Female,MECH,7.08,0.0,73.64,"Coding Club, Entrepreneurship Cell, Literary Society","Data Science, Python, Machine Learning, Web Development",1,Hardware,1.0,Core Engineering,9.94,Startup,6.57,7.23,6.07,8.29,6.37,8.13,6.77,7.2,4,3
19.0,Male,MECH,6.8,0.0,93.24,"Sports Club, Entrepreneurship Cell","Web Development, Python, C++, SQL, Java",0,Unknown,0.0,Unknown,0.0,Unknown,6.27,7.51,7.6,6.19,6.54,6.41,6.9,6.97,5,2
21.0,Male,CSE,6.74,1.0,71.65,"Cultural Club, Robotics, Literary Society","Web Development, Python, Machine Learning",1,Research,0.0,Unknown,0.0,Unknown,5.89,7.32,7.28,8.01,6.42,6.47,6.43,6.08,3,3
21.0,Male,IT,6.98,3.0,79.78,"Robotics, Sports Club","Machine Learning, Python, Web Development, Data Science, C++",1,Research,1.0,Consulting,3.98,Higher Studies,6.73,6.39,8.91,8.07,5.21,6.55,8.2,5.8,5,2
21.0,Male,MECH,7.22,1.0,87.92,"Sports Club, Literary Society, Entrepreneurship Cell","Python, Web Development, SQL, Data Science",0,Unknown,0.0,Unknown,0.0,Unknown,6.08,6.5,6.31,8.39,9.25,6.54,6.83,7.84,4,3
19.0,Male,CIVIL,6.9,1.0,91.7,"Coding Club, Literary Society, Entrepreneurship Cell","Data Science, Web Development",1,Software,0.0,Unknown,0.0,Unknown,6.57,7.59,5.4,7.46,9.02,5.64,7.19,6.34,2,3
18.0,Male,CIVIL,6.9,2.0,69.61,"Cultural Club, Entrepreneurship Cell","Data Science, Web Development, Machine Learning, Python",1,Consulting,0.0,Unknown,0.0,Unknown,6.66,6.01,7.71,6.57,6.53,6.99,6.18,8.53,4,2
23.0,Female,CIVIL,7.29,0.0,99.88,"Entrepreneurship Cell, Sports Club","SQL, C++, Java, Data Science",0,Unknown,1.0,Hardware,10.25,Research,8.2,5.48,6.44,7.38,8.57,6.93,6.44,8.88,4,2
20.0,Male,EEE,6.6,2.0,72.17,"Entrepreneurship Cell, Sports Club","Web Development, Java, Python, Data Science, C++",1,Hardware,1.0,Core Engineering,5.37,Research,8.1,8.42,8.46,5.16,6.77,5.06,6.23,4.6,5,2
20.0,Female,CSE,7.03,1.0,83.81,"Coding Club, Sports Club","Python, C++, Machine Learning",1,Hardware,1.0,Consulting,17.83,Research,7.4,7.17,6.15,7.61,6.24,6.9,8.45,6.34,3,2
23.0,Female,IT,7.65,2.0,81.2,"Cultural Club, Coding Club","C++, Machine Learning, Web Development",1,Consulting,0.0,Unknown,0.0,Unknown,8.0,9.37,7.28,8.44,6.6,7.54,6.5,7.48,3,2
22.0,Male,CSE,7.08,0.0,90.32,"Cultural Club, Sports Club, Robotics","Web Development, Data Science, Python",0,Unknown,0.0,Unknown,0.0,Unknown,6.03,8.01,7.34,6.77,6.18,6.28,9.05,7.0,3,3
19.0,Female,MECH,6.78,1.0,89.77,"Cultural Club, Robotics","Python, SQL, Data Science",0,Unknown,0.0,Unknown,0.0,Unknown,6.52,8.05,5.72,6.2,5.66,7.2,8.18,6.67,3,2
20.0,Male,IT,6.6,1.0,95.58,"Sports Club, Coding Club","Python, SQL",1,Hardware,0.0,Unknown,0.0,Unknown,6.84,5.23,6.21,7.66,6.03,5.69,7.65,7.46,2,2
18.0,Female,EEE,7.1,1.0,63.66,"Entrepreneurship Cell, Coding Club","C++, SQL, Web Development",0,Unknown,0.0,Unknown,0.0,Unknown,8.98,6.95,5.44,6.6,7.5,7.53,5.91,7.93,3,2
22.0,Female,EEE,7.12,1.0,68.6,"Coding Club, Entrepreneurship Cell","Web Development, Machine Learning",1,Consulting,0.0,Unknown,0.0,Unknown,7.67,8.07,7.94,6.94,5.75,6.0,7.27,7.34,2,2
18.0,Male,CIVIL,7.15,0.0,70.7,"Sports Club, Cultural Club, Coding Club","Machine Learning, Python, Web Development, C++",1,Hardware,1.0,Software,11.83,Higher Studies,5.93,9.38,7.55,7.96,7.46,6.55,5.69,6.7,4,3
22.0,Female,EEE,7.61,0.0,78.22,"Cultural Club, Entrepreneurship Cell, Sports Club","SQL, C++, Machine Learning, Data Science",0,Unknown,1.0,Hardware,18.15,Job,6.51,8.07,7.5,9.08,8.18,8.14,5.61,7.76,4,3
21.0,Female,CIVIL,7.26,2.0,65.55,"Entrepreneurship Cell, Sports Club","C++, Java, SQL, Data Science, Machine Learning",0,Unknown,0.0,Unknown,0.0,Unknown,7.92,7.11,5.33,6.1,6.47,8.51,8.33,8.33,5,2
19.0,Female,CIVIL,7.08,0.0,84.79,Literary Society,"Data Science, SQL, Machine Learning",1,Research,0.0,Unknown,0.0,Unknown,5.79,8.82,7.03,6.92,7.67,6.01,7.75,6.62,3,1
20.0,Male,IT,7.31,0.0,75.09,Coding Club,"SQL, C++, Machine Learning, Data Science, Java",1,Hardware,0.0,Unknown,0.0,Unknown,7.58,7.31,10.0,8.12,6.87,6.04,5.39,7.2,5,1
23.0,Female,CSE,7.07,2.0,80.85,Cultural Club,"C++, Data Science, Python, Java",1,Research,0.0,Unknown,0.0,Unknown,8.27,7.7,10.0,7.03,5.37,7.17,4.58,6.47,4,1
21.0,Female,EEE,6.88,0.0,80.7,Entrepreneurship Cell,"SQL, C++, Machine Learning, Python, Web Development",1,Software,0.0,Unknown,0.0,Unknown,5.71,5.38,7.37,7.17,8.54,7.24,6.6,7.0,5,1
21.0,Male,ECE,6.5,1.0,64.68,"Entrepreneurship Cell, Sports Club","C++, Web Development",1,Software,1.0,Consulting,8.09,Job,6.18,4.9,8.04,6.43,7.84,7.29,5.17,6.19,2,2
19.0,Female,EEE,7.26,0.0,76.92,Sports Club,"SQL, Java",0,Unknown,1.0,Hardware,17.39,Higher Studies,5.69,6.46,8.05,8.01,7.26,6.55,7.83,8.24,2,1
22.0,Female,IT,6.62,1.0,77.45,Robotics,"Java, Machine Learning, Python",1,Software,0.0,Unknown,0.0,Unknown,5.33,8.76,5.76,6.18,8.32,5.25,7.76,5.59,3,1
23.0,Male,IT,6.98,0.0,99.52,"Robotics, Entrepreneurship Cell, Cultural Club","Data Science, Java, C++, Machine Learning, Web Development",0,Unknown,1.0,Higher Studies,14.29,Research,8.15,5.43,7.41,7.58,4.94,7.8,7.88,6.69,5,3
23.0,Female,EEE,6.87,0.0,89.44,"Cultural Club, Literary Society","Web Development, C++",1,Consulting,1.0,Core Engineering,7.68,Startup,6.39,6.6,6.31,5.57,7.15,7.59,7.51,7.82,2,2
22.0,Female,ECE,6.69,4.0,77.85,"Entrepreneurship Cell, Robotics","Web Development, Data Science, SQL",0,Unknown,1.0,Higher Studies,16.7,Higher Studies,6.53,6.97,6.32,6.1,7.74,6.84,7.04,6.0,3,2
22.0,Male,IT,6.82,2.0,62.61,"Entrepreneurship Cell, Robotics, Cultural Club","Python, Java, Web Development",1,Core Engineering,1.0,Consulting,10.89,Startup,6.52,6.05,7.12,8.62,7.32,6.75,6.71,5.44,3,3
18.0,Female,ECE,7.19,0.0,93.96,Sports Club,"C++, Machine Learning",0,Unknown,1.0,Software,11.87,Job,9.22,7.06,8.07,7.22,6.18,6.96,5.09,7.69,2,1
19.0,Male,ECE,6.75,3.0,92.82,"Robotics, Literary Society","Machine Learning, Data Science, Python, C++, Web Development",1,Core Engineering,0.0,Unknown,0.0,Unknown,7.68,6.98,7.07,6.37,6.69,7.51,4.99,6.68,5,2
19.0,Male,ECE,7.74,0.0,92.89,Sports Club,"Java, C++, Web Development, Python",1,Research,0.0,Unknown,0.0,Unknown,6.16,8.1,6.53,7.68,6.2,9.65,7.7,9.88,4,1
18.0,Female,MECH,6.66,2.0,84.86,"Cultural Club, Literary Society, Robotics","Web Development, Data Science, Python",0,Unknown,1.0,Research,3.66,Research,6.52,7.84,5.95,4.47,6.77,6.86,7.14,7.73,3,3
22.0,Male,MECH,7.05,1.0,78.8,Coding Club,"Machine Learning, Python, Data Science",0,Unknown,0.0,Unknown,0.0,Unknown,7.17,5.62,7.32,7.75,8.52,8.41,6.3,5.33,3,1
21.0,Male,ECE,7.14,0.0,60.16,Literary Society,"Machine Learning, Web Development, Java",0,Unknown,1.0,Higher Studies,19.99,Startup,7.68,6.8,5.29,7.33,8.01,8.28,6.62,7.15,3,1
19.0,Male,CIVIL,7.16,1.0,84.92,"Sports Club, Coding Club, Entrepreneurship Cell","Python, Data Science",1,Core Engineering,0.0,Unknown,0.0,Unknown,7.42,6.5,6.15,6.68,8.21,6.66,8.05,7.65,2,3
20.0,Female,MECH,6.88,2.0,72.73,"Coding Club, Sports Club","Machine Learning, Data Science",1,Software,0.0,Unknown,0.0,Unknown,6.2,6.62,6.44,6.93,7.63,7.29,7.2,6.76,2,2
18.0,Female,CIVIL,6.89,0.0,85.37,Sports Club,"Machine Learning, SQL, Data Science, C++, Web Development",1,Higher Studies,1.0,Higher Studies,14.57,Startup,6.34,6.85,6.15,6.18,8.09,8.0,6.56,6.92,5,1
23.0,Male,CSE,7.33,2.0,91.85,Literary Society,"C++, SQL, Web Development, Java",1,Consulting,0.0,Unknown,0.0,Unknown,8.31,7.86,6.03,7.36,8.96,5.18,6.81,8.16,4,1
18.0,Female,IT,7.13,0.0,79.47,"Sports Club, Cultural Club","Web Development, Machine Learning, Python, Java, Data Science",1,Core Engineering,1.0,Core Engineering,19.64,Higher Studies,8.3,6.1,6.54,8.45,7.03,6.86,5.66,8.07,5,2
20.0,Female,EEE,6.94,1.0,99.98,"Robotics, Entrepreneurship Cell","Machine Learning, Web Development",0,Unknown,1.0,Consulting,16.08,Higher Studies,6.34,6.27,6.93,7.89,8.59,6.79,6.96,5.79,2,2
21.0,Female,CSE,7.23,2.0,88.92,"Coding Club, Sports Club","Java, Web Development",0,Unknown,0.0,Unknown,0.0,Unknown,6.7,6.68,7.28,6.54,8.3,7.09,8.02,7.21,2,2
19.0,Male,EEE,7.54,1.0,89.69,"Entrepreneurship Cell, Sports Club","SQL, Python",0,Unknown,1.0,Core Engineering,13.93,Higher Studies,6.72,6.8,6.65,9.63,9.06,7.3,7.42,6.76,2,2
23.0,Female,ECE,6.88,0.0,62.61,"Cultural Club, Literary Society, Sports Club","Python, Web Development, Data Science, Java, Machine Learning",1,Software,1.0,Software,10.54,Startup,7.33,6.08,6.23,7.5,6.5,7.15,7.45,6.78,5,3
20.0,Female,CIVIL,7.53,3.0,93.61,Entrepreneurship Cell,"C++, Java, SQL",1,Consulting,0.0,Unknown,0.0,Unknown,6.37,6.8,8.7,8.99,4.84,7.11,9.92,7.48,3,1
22.0,Female,IT,6.96,1.0,92.82,"Entrepreneurship Cell, Cultural Club, Sports Club","Data Science, C++, SQL, Web Development, Python",0,Unknown,0.0,Unknown,0.0,Unknown,8.99,6.17,6.45,6.85,7.84,7.21,5.71,6.47,5,3
22.0,Female,MECH,6.49,0.0,71.11,Cultural Club,"Web Development, Python, SQL, C++",1,Research,0.0,Unknown,0.0,Unknown,8.16,7.12,6.52,7.78,4.62,5.56,6.51,5.66,4,1
20.0,Female,EEE,6.61,0.0,71.33,"Robotics, Sports Club","Machine Learning, Python, Data Science, Java",0,Unknown,0.0,Unknown,0.0,Unknown,7.8,6.15,6.18,8.12,5.12,6.85,7.44,5.25,4,2
18.0,Male,ECE,7.31,1.0,70.19,Robotics,"SQL, Python, Java, Data Science, Machine Learning",0,Unknown,1.0,Software,16.13,Startup,6.66,8.16,7.65,7.37,7.62,6.43,6.29,8.27,5,1
19.0,Female,ECE,6.75,3.0,92.82,"Robotics, Literary Society","Machine Learning, Data Science, Python, C++, Web Development",1,Core Engineering,0.0,Unknown,0.0,Unknown,7.68,6.98,7.07,6.37,6.69,7.51,4.99,6.68,5,2
23.0,Female,CIVIL,7.08,1.0,71.6,Entrepreneurship Cell,"Java, Data Science, Web Development, Machine Learning",1,Software,1.0,Consulting,3.25,Higher Studies,5.72,7.75,7.05,8.26,7.21,5.93,8.73,6.01,4,1
23.0,Female,EEE,6.54,0.0,99.09,Coding Club,"Data Science, Machine Learning, SQL, Web Development",1,Core Engineering,0.0,Unknown,0.0,Unknown,6.03,6.26,8.0,7.88,4.0,6.92,7.15,6.04,4,1
20.0,Female,CIVIL,7.98,0.0,84.96,Literary Society,"Java, SQL",1,Higher Studies,0.0,Unknown,0.0,Unknown,7.32,7.2,8.3,9.6,7.67,8.18,9.54,5.99,2,1
18.0,Female,CIVIL,7.94,1.0,90.57,"Entrepreneurship Cell, Robotics, Coding Club","Python, Machine Learning, Data Science",0,Unknown,1.0,Higher Studies,12.9,Research,9.38,6.88,8.67,7.31,7.31,8.84,7.78,7.37,3,3
18.0,Male,ECE,7.03,0.0,81.33,"Sports Club, Coding Club","Data Science, Web Development",1,Core Engineering,0.0,Unknown,0.0,Unknown,6.45,8.69,7.47,6.98,7.02,6.05,6.93,6.65,2,2
21.0,Male,MECH,6.45,1.0,60.05,"Literary Society, Robotics, Sports Club","C++, Java, Web Development",1,Consulting,0.0,Unknown,0.0,Unknown,7.31,5.71,6.26,7.36,7.18,5.98,6.3,5.51,3,3
19.0,Male,CSE,6.72,3.0,76.73,"Coding Club, Cultural Club, Robotics","C++, Java, Web Development, Python, Data Science",1,Core Engineering,1.0,Higher Studies,12.51,Job,7.61,5.44,5.92,7.34,7.62,7.64,6.21,6.02,5,3
20.0,Male,CIVIL,7.58,2.0,74.3,Literary Society,"SQL, Python",1,Core Engineering,1.0,Core Engineering,7.72,Research,7.59,7.73,7.83,7.97,6.72,9.05,6.65,7.11,2,1
23.0,Male,CSE,7.33,2.0,91.85,Literary Society,"C++, SQL, Web Development, Java",1,Consulting,0.0,Unknown,0.0,Unknown,8.31,7.86,6.03,7.36,8.96,5.18,6.81,8.16,4,1
21.0,Female,CIVIL,6.97,0.0,77.36,"Cultural Club, Entrepreneurship Cell, Robotics","SQL, C++, Machine Learning",0,Unknown,0.0,Unknown,0.0,Unknown,7.64,6.73,7.22,6.18,7.7,6.92,6.72,6.64,3,3
22.0,Female,IT,7.92,3.0,62.14,Sports Club,"Java, Python, Machine Learning, Web Development, C++",0,Unknown,1.0,Hardware,18.94,Startup,7.75,7.39,8.18,6.31,8.0,7.16,8.77,9.79,5,1
20.0,Male,IT,7.61,2.0,78.01,Robotics,"Java, Web Development, C++, SQL",0,Unknown,1.0,Hardware,6.39,Startup,6.23,8.37,8.97,6.96,8.25,5.94,8.08,8.05,4,1
22.0,Male,IT,7.35,1.0,64.94,"Cultural Club, Coding Club","Python, Machine Learning, Data Science, Java",1,Research,1.0,Core Engineering,13.65,Job,6.78,8.85,8.13,7.75,7.13,6.59,7.7,5.87,4,2
22.0,Male,CSE,7.07,0.0,87.41,"Literary Society, Entrepreneurship Cell","Web Development, Machine Learning",1,Higher Studies,1.0,Consulting,4.56,Research,5.71,7.23,6.85,6.64,6.17,7.91,8.73,7.3,2,2
22.0,Male,CIVIL,7.1,2.0,80.39,Entrepreneurship Cell,"Python, Java, Data Science, Web Development, C++",1,Hardware,1.0,Research,18.45,Higher Studies,7.68,6.87,5.2,6.63,6.03,7.15,8.23,8.97,5,1
19.0,Male,CSE,7.15,4.0,64.24,"Sports Club, Literary Society","Machine Learning, SQL, C++, Web Development",0,Unknown,1.0,Hardware,4.91,Research,6.9,8.73,4.75,7.2,8.92,6.65,6.77,7.3,4,2
19.0,Male,ECE,6.82,0.0,68.2,"Robotics, Coding Club, Entrepreneurship Cell","Data Science, SQL, Python, Machine Learning, C++",0,Unknown,1.0,Software,14.66,Job,5.04,6.76,7.99,6.07,7.96,6.0,8.34,6.43,5,3
23.0,Male,CIVIL,7.11,1.0,86.15,"Robotics, Coding Club, Literary Society","Machine Learning, Data Science",0,Unknown,1.0,Consulting,8.95,Higher Studies,8.48,6.21,7.67,7.07,6.58,6.74,8.58,5.55,2,3
18.0,Male,CIVIL,7.54,0.0,64.11,"Robotics, Coding Club, Cultural Club","Python, Web Development, C++, Data Science",1,Consulting,1.0,Software,15.82,Research,7.52,7.16,5.86,7.12,9.78,7.8,6.26,8.85,4,3
19.0,Female,CSE,6.81,0.0,91.28,Robotics,"Web Development, Java, Python",0,Unknown,1.0,Software,16.81,Job,6.63,7.28,6.78,6.72,7.21,6.27,6.8,6.79,3,1
22.0,Male,ECE,7.23,1.0,94.12,Coding Club,"C++, Java, Python, SQL",0,Unknown,1.0,Core Engineering,16.7,Higher Studies,7.72,10.0,7.46,7.02,5.9,5.11,8.17,6.45,4,1
18.0,Male,ECE,7.51,1.0,94.11,"Sports Club, Cultural Club, Entrepreneurship Cell","Web Development, C++",0,Unknown,0.0,Unknown,0.0,Unknown,7.36,7.05,7.51,6.14,8.69,8.67,7.43,7.2,2,3
23.0,Male,EEE,7.6,0.0,76.52,Literary Society,"Python, Machine Learning",1,Consulting,0.0,Unknown,0.0,Unknown,7.7,9.7,7.38,9.12,6.31,6.38,6.75,7.43,2,1
23.0,Male,MECH,6.58,1.0,70.52,Cultural Club,"SQL, C++, Web Development",0,Unknown,1.0,Software,9.38,Higher Studies,7.36,5.28,6.64,5.78,8.18,6.42,5.91,7.03,3,1
19.0,Female,CSE,6.94,0.0,92.43,"Coding Club, Sports Club","Web Development, SQL, C++, Data Science, Python",1,Higher Studies,0.0,Unknown,0.0,Unknown,5.04,5.52,7.0,6.46,8.99,8.83,6.13,7.56,5,2
21.0,Female,CSE,7.07,2.0,71.43,"Robotics, Entrepreneurship Cell","C++, Data Science, Java, Machine Learning, Python",1,Core Engineering,0.0,Unknown,0.0,Unknown,4.96,8.57,6.7,7.0,6.32,6.95,8.27,7.77,5,2
23.0,Female,ECE,6.33,0.0,68.03,"Entrepreneurship Cell, Sports Club, Cultural Club","Web Development, Python, Java",0,Unknown,1.0,Consulting,16.16,Research,5.74,6.6,5.95,6.54,6.84,6.59,5.57,6.81,3,3
23.0,Female,CSE,7.33,2.0,91.85,Literary Society,"C++, SQL, Web Development, Java",1,Consulting,0.0,Unknown,0.0,Unknown,8.31,7.86,6.03,7.36,8.96,5.18,6.81,8.16,4,1
18.0,Female,IT,6.98,0.0,60.72,"Sports Club, Coding Club, Robotics","Machine Learning, SQL, Data Science",0,Unknown,1.0,Research,4.74,Research,7.05,8.49,6.19,6.54,6.17,5.55,7.25,8.6,3,3
23.0,Female,IT,7.39,0.0,76.12,"Literary Society, Sports Club, Cultural Club","C++, Java, Machine Learning, Python",0,Unknown,1.0,Software,14.04,Research,6.58,5.87,7.22,7.77,7.68,6.86,9.0,8.14,4,3
19.0,Male,EEE,7.21,2.0,60.58,Literary Society,"Web Development, SQL",1,Higher Studies,1.0,Consulting,4.38,Startup,6.06,4.91,8.32,6.77,7.05,8.0,8.88,7.72,2,1
23.0,Male,CIVIL,7.38,0.0,81.46,"Sports Club, Entrepreneurship Cell, Literary Society","C++, Java, Python, Data Science",0,Unknown,1.0,Core Engineering,9.44,Research,7.83,8.01,6.5,7.39,7.66,6.09,8.64,6.96,4,3
19.0,Male,ECE,6.52,0.0,84.13,Cultural Club,"Java, Python, Data Science",0,Unknown,0.0,Unknown,0.0,Unknown,5.81,6.61,6.63,5.22,6.02,6.23,8.43,7.19,3,1
21.0,Female,CSE,7.7,0.0,89.74,"Entrepreneurship Cell, Coding Club, Sports Club","Web Development, C++, Python",1,Consulting,1.0,Consulting,5.73,Startup,7.82,7.51,8.07,8.17,8.38,7.65,6.83,7.15,3,3
18.0,Male,EEE,6.5,1.0,90.15,Entrepreneurship Cell,"Data Science, SQL, Web Development, Java",0,Unknown,0.0,Unknown,0.0,Unknown,6.15,6.08,6.64,6.18,7.71,6.25,5.83,7.14,4,1
22.0,Female,EEE,7.12,1.0,68.6,"Coding Club, Entrepreneurship Cell","Web Development, Machine Learning",1,Consulting,0.0,Unknown,0.0,Unknown,7.67,8.07,7.94,6.94,5.75,6.0,7.27,7.34,2,2
19.0,Female,MECH,7.09,0.0,65.17,"Robotics, Literary Society, Sports Club","Python, Data Science, C++",1,Hardware,0.0,Unknown,0.0,Unknown,5.32,4.94,8.54,8.11,9.23,7.01,6.94,6.62,3,3
21.0,Male,ECE,6.95,0.0,68.42,"Literary Society, Sports Club, Coding Club","SQL, Machine Learning, Python, Data Science",1,Consulting,0.0,Unknown,0.0,Unknown,6.54,5.94,6.55,6.44,8.63,8.0,6.31,7.17,4,3
23.0,Male,EEE,7.12,0.0,82.25,"Robotics, Literary Society","Java, C++, Machine Learning, SQL, Python",1,Core Engineering,1.0,Consulting,9.99,Research,7.28,9.04,7.57,7.6,6.73,6.02,6.47,6.29,5,2
18.0,Female,IT,6.88,0.0,68.51,"Literary Society, Entrepreneurship Cell, Cultural Club","Data Science, Java",0,Unknown,1.0,Consulting,11.76,Higher Studies,6.56,7.08,6.81,7.31,5.81,7.28,6.28,7.91,2,3
21.0,Female,ECE,7.61,1.0,64.99,Cultural Club,"Data Science, Web Development, Java, SQL",0,Unknown,1.0,Hardware,9.55,Job,8.2,7.08,7.31,7.32,7.77,8.12,7.63,7.48,4,1
22.0,Male,EEE,7.12,1.0,68.6,"Coding Club, Entrepreneurship Cell","Web Development, Machine Learning",1,Consulting,0.0,Unknown,0.0,Unknown,7.67,8.07,7.94,6.94,5.75,6.0,7.27,7.34,2,2
18.0,Male,ECE,6.82,2.0,86.08,"Entrepreneurship Cell, Robotics, Literary Society","SQL, Data Science, C++",0,Unknown,1.0,Research,3.66,Research,7.95,5.81,6.79,7.58,7.77,5.16,7.74,5.76,3,3
22.0,Male,ECE,7.23,1.0,94.12,Coding Club,"C++, Java, Python, SQL",0,Unknown,1.0,Core Engineering,16.7,Higher Studies,7.72,10.0,7.46,7.02,5.9,5.11,8.17,6.45,4,1
22.0,Female,EEE,6.84,2.0,71.7,Entrepreneurship Cell,"Web Development, Java, SQL, C++",0,Unknown,1.0,Higher Studies,8.48,Job,7.61,6.23,6.07,7.67,6.75,5.07,8.79,6.57,4,1
21.0,Female,CIVIL,8.07,0.0,63.35,"Coding Club, Cultural Club, Entrepreneurship Cell","C++, Web Development, Machine Learning, Java, Python",1,Higher Studies,0.0,Unknown,0.0,Unknown,7.59,8.42,8.46,8.34,7.87,9.09,7.44,7.33,5,3
20.0,Male,EEE,6.67,1.0,67.03,"Coding Club, Robotics","Data Science, C++",0,Unknown,1.0,Research,5.46,Startup,6.47,8.13,6.41,9.06,5.36,6.04,6.84,5.02,2,2
18.0,Female,IT,7.05,1.0,71.47,"Robotics, Cultural Club","Java, Python",1,Software,0.0,Unknown,0.0,Unknown,7.57,6.62,8.32,6.71,6.05,6.99,6.18,7.94,2,2
18.0,Male,IT,7.03,1.0,92.22,"Entrepreneurship Cell, Cultural Club, Sports Club","Python, Web Development, C++, Java",1,Research,1.0,Research,8.09,Higher Studies,6.66,6.75,6.6,9.52,6.92,6.7,7.08,6.03,4,3
21.0,Female,IT,6.28,0.0,78.56,"Sports Club, Literary Society","Machine Learning, Python, Web Development",1,Research,0.0,Unknown,0.0,Unknown,6.35,7.03,6.95,5.42,6.06,6.44,4.96,7.05,3,2
19.0,Female,MECH,6.53,2.0,97.96,Coding Club,"Web Development, SQL, Java",0,Unknown,0.0,Unknown,0.0,Unknown,7.41,7.92,5.07,6.18,6.57,6.19,5.45,7.42,3,1
19.0,Female,EEE,7.11,0.0,71.71,Sports Club,"Machine Learning, Data Science",1,Consulting,1.0,Software,5.96,Research,7.05,7.08,9.01,6.79,7.28,5.37,6.97,7.33,2,1
21.0,Male,MECH,7.07,1.0,77.21,Sports Club,"Python, Web Development, Machine Learning, Java, C++",1,Research,1.0,Core Engineering,12.97,Research,8.04,6.19,8.75,5.03,6.45,7.62,8.18,6.32,5,1
21.0,Male,CIVIL,7.08,3.0,73.41,"Literary Society, Robotics, Sports Club","Web Development, Python, Java, SQL",0,Unknown,1.0,Hardware,4.14,Research,5.87,7.62,7.63,6.2,7.9,6.37,7.25,7.82,4,3
21.0,Male,ECE,6.84,2.0,95.25,Cultural Club,"Web Development, SQL, Data Science, Python",1,Core Engineering,1.0,Higher Studies,8.58,Research,8.23,6.82,5.99,6.02,6.7,6.7,7.91,6.33,4,1
18.0,Female,CSE,6.57,1.0,69.01,"Cultural Club, Sports Club","Data Science, SQL, Java",1,Core Engineering,1.0,Software,9.21,Research,4.99,8.07,7.71,6.71,5.58,7.6,4.92,6.98,3,2
23.0,Female,EEE,7.26,1.0,76.78,"Cultural Club, Sports Club","Python, C++, Java, SQL, Data Science",1,Hardware,1.0,Software,11.25,Startup,5.62,8.7,8.08,5.84,7.47,7.84,7.16,7.33,5,2
22.0,Female,CIVIL,7.51,0.0,98.08,"Entrepreneurship Cell, Literary Society, Robotics","Java, Machine Learning, C++, Python, Data Science",0,Unknown,0.0,Unknown,0.0,Unknown,8.55,9.41,6.53,6.57,6.75,7.6,8.33,6.35,5,3
20.0,Female,IT,6.69,1.0,88.78,"Cultural Club, Robotics","Data Science, Machine Learning, SQL",1,Hardware,0.0,Unknown,0.0,Unknown,8.02,8.44,5.95,6.03,6.55,6.24,7.22,5.05,3,2
19.0,Female,IT,6.94,1.0,93.23,"Literary Society, Sports Club, Robotics","C++, Java, Python, Data Science, Machine Learning",0,Unknown,0.0,Unknown,0.0,Unknown,6.48,6.32,6.57,8.02,7.54,7.85,7.03,5.68,5,3
19.0,Female,EEE,7.18,1.0,98.45,"Literary Society, Cultural Club","Web Development, SQL",1,Core Engineering,1.0,Research,17.36,Startup,6.54,7.07,6.82,8.2,7.7,6.83,6.09,8.19,2,2
19.0,Male,ECE,6.88,2.0,97.06,Coding Club,"Java, SQL",1,Core Engineering,0.0,Unknown,0.0,Unknown,5.82,4.96,6.73,7.72,8.5,7.07,8.63,5.62,2,1
21.0,Female,EEE,7.18,1.0,65.02,"Entrepreneurship Cell, Cultural Club, Robotics","Data Science, Web Development, Machine Learning",0,Unknown,1.0,Consulting,10.11,Startup,5.56,6.56,7.31,6.79,7.2,8.23,6.48,9.34,3,3
19.0,Male,ECE,8.04,1.0,66.56,Coding Club,"SQL, Python, Web Development, Java",1,Core Engineering,0.0,Unknown,0.0,Unknown,8.27,7.56,6.66,9.41,7.65,8.98,8.35,7.46,4,1
19.0,Male,MECH,6.63,0.0,99.38,"Sports Club, Coding Club","Python, Java, Data Science, C++",0,Unknown,1.0,Research,14.33,Research,6.31,7.69,6.68,5.84,7.2,7.4,7.56,4.38,4,2
19.0,Male,ECE,7.15,1.0,60.77,"Literary Society, Robotics, Entrepreneurship Cell","SQL, Python",1,Research,0.0,Unknown,0.0,Unknown,8.43,6.39,7.33,6.55,7.75,5.88,7.74,7.11,2,3
23.0,Male,CSE,6.09,2.0,94.9,Robotics,"Data Science, Machine Learning, Web Development, C++",0,Unknown,1.0,Research,13.77,Research,5.36,6.79,6.83,6.25,5.59,6.23,6.05,5.61,4,1
19.0,Male,MECH,7.24,0.0,60.43,"Robotics, Entrepreneurship Cell","Machine Learning, Python, Data Science, SQL, C++",1,Higher Studies,0.0,Unknown,0.0,Unknown,7.35,9.07,6.76,6.82,6.13,7.48,6.33,8.02,5,2
22.0,Female,CIVIL,6.83,1.0,84.05,Coding Club,"C++, Data Science, Web Development, Machine Learning",0,Unknown,1.0,Hardware,12.56,Higher Studies,8.73,7.67,6.75,6.76,4.78,6.15,6.65,7.18,4,1
18.0,Male,MECH,7.04,1.0,81.05,"Entrepreneurship Cell, Coding Club","Python, SQL",1,Consulting,0.0,Unknown,0.0,Unknown,6.59,5.62,6.3,7.58,7.68,7.41,8.3,6.81,2,2
23.0,Female,EEE,6.71,0.0,84.81,"Robotics, Coding Club","Web Development, Machine Learning, SQL, Java",0,Unknown,1.0,Consulting,8.0,Job,6.17,7.96,7.12,5.49,7.45,6.07,6.23,7.2,4,2
21.0,Female,CSE,7.09,0.0,62.32,"Entrepreneurship Cell, Sports Club","Web Development, SQL, Data Science, Java",0,Unknown,0.0,Unknown,0.0,Unknown,6.13,8.13,5.81,8.64,6.1,7.64,6.67,7.6,4,2
18.0,Male,CIVIL,6.7,0.0,71.32,Robotics,"C++, Machine Learning, Data Science",0,Unknown,1.0,Higher Studies,11.66,Research,6.95,7.18,7.22,6.75,6.61,5.68,5.87,7.33,3,1
19.0,Female,MECH,7.24,0.0,60.43,"Robotics, Entrepreneurship Cell","Machine Learning, Python, Data Science, SQL, C++",1,Higher Studies,0.0,Unknown,0.0,Unknown,7.35,9.07,6.76,6.82,6.13,7.48,6.33,8.02,5,2
19.0,Female,CIVIL,7.09,1.0,79.11,"Sports Club, Literary Society","C++, SQL, Data Science",0,Unknown,0.0,Unknown,0.0,Unknown,6.32,6.18,7.8,7.45,7.35,6.35,8.29,7.01,3,2
20.0,Female,IT,7.53,2.0,67.41,"Entrepreneurship Cell, Cultural Club, Robotics","Machine Learning, SQL",1,Higher Studies,1.0,Hardware,19.39,Job,8.52,7.56,8.81,7.08,6.97,8.43,6.84,6.01,2,3
21.0,Male,IT,6.98,3.0,79.78,"Robotics, Sports Club","Machine Learning, Python, Web Development, Data Science, C++",1,Research,1.0,Consulting,3.98,Higher Studies,6.73,6.39,8.91,8.07,5.21,6.55,8.2,5.8,5,2
22.0,Female,CSE,6.78,0.0,99.03,"Literary Society, Cultural Club, Entrepreneurship Cell","SQL, Python, Web Development, C++",0,Unknown,1.0,Core Engineering,7.87,Startup,6.19,7.18,5.75,6.73,7.03,7.27,5.89,8.2,4,3
20.0,Female,ECE,7.27,1.0,66.62,Cultural Club,"Data Science, Web Development",1,Software,0.0,Unknown,0.0,Unknown,6.1,7.57,8.49,7.72,7.92,6.48,5.4,8.49,2,1
20.0,Male,ECE,7.14,0.0,76.59,Entrepreneurship Cell,"Web Development, Machine Learning, C++, Python",1,Hardware,0.0,Unknown,0.0,Unknown,6.81,5.56,6.74,7.63,7.59,7.0,7.9,7.85,4,1
20.0,Female,CSE,7.46,1.0,85.88,"Coding Club, Robotics, Cultural Club","Python, SQL",1,Software,0.0,Unknown,0.0,Unknown,6.92,7.66,8.27,8.09,8.35,6.55,5.98,7.82,2,3
20.0,Male,CSE,6.69,2.0,65.62,Sports Club,"Web Development, SQL, Python, Java",1,Research,1.0,Core Engineering,11.26,Research,6.44,6.79,5.32,6.19,7.96,8.62,5.77,6.41,4,1
18.0,Female,ECE,6.95,1.0,84.69,"Sports Club, Literary Society, Coding Club","SQL, Data Science",0,Unknown,1.0,Core Engineering,15.02,Higher Studies,6.53,7.35,6.95,7.48,7.08,5.72,8.0,6.51,2,3
23.0,Female,IT,6.67,0.0,97.72,"Literary Society, Cultural Club, Sports Club","C++, Java, Web Development, SQL, Python",1,Software,1.0,Higher Studies,8.49,Higher Studies,6.74,6.63,8.27,6.71,4.34,7.35,6.6,6.71,5,3
22.0,Male,MECH,6.95,0.0,75.25,"Literary Society, Robotics, Sports Club","SQL, Data Science, Python, C++",1,Software,1.0,Hardware,10.0,Startup,7.72,7.45,6.84,6.08,7.09,5.44,7.14,7.87,4,3
22.0,Male,MECH,7.25,1.0,71.29,"Sports Club, Literary Society, Entrepreneurship Cell","Java, C++",0,Unknown,1.0,Research,8.07,Research,7.68,8.1,6.25,8.05,8.44,6.96,6.26,6.28,2,3
19.0,Male,CSE,6.38,1.0,85.38,"Sports Club, Entrepreneurship Cell, Cultural Club","Java, C++",1,Hardware,1.0,Research,17.07,Startup,6.41,6.25,6.0,5.61,6.12,6.83,7.1,6.73,2,3
18.0,Female,MECH,6.66,2.0,84.86,"Cultural Club, Literary Society, Robotics","Web Development, Data Science, Python",0,Unknown,1.0,Research,3.66,Research,6.52,7.84,5.95,4.47,6.77,6.86,7.14,7.73,3,3
18.0,Male,CSE,7.17,2.0,84.51,"Robotics, Coding Club, Literary Society","Java, SQL",1,Consulting,1.0,Consulting,14.7,Startup,7.82,6.52,5.99,9.23,6.92,4.4,8.25,8.25,2,3
18.0,Male,ECE,7.75,3.0,66.65,"Sports Club, Entrepreneurship Cell","C++, Machine Learning, Python, Web Development",1,Hardware,0.0,Unknown,0.0,Unknown,7.87,8.33,6.83,8.76,8.19,7.02,7.67,7.31,4,2
18.0,Male,IT,6.81,1.0,81.6,"Sports Club, Entrepreneurship Cell","SQL, Data Science",0,Unknown,1.0,Software,6.36,Startup,8.54,6.47,6.57,7.82,5.38,5.79,8.1,5.83,2,2
18.0,Female,CIVIL,6.66,0.0,86.52,"Literary Society, Cultural Club","C++, Python, Web Development, Machine Learning",1,Consulting,0.0,Unknown,0.0,Unknown,7.51,8.55,5.86,6.61,7.4,5.55,7.52,4.32,4,2
19.0,Male,ECE,7.56,1.0,70.26,"Cultural Club, Entrepreneurship Cell","Web Development, Data Science, C++, Python, Machine Learning",0,Unknown,0.0,Unknown,0.0,Unknown,7.99,7.93,8.85,7.11,8.85,6.06,6.79,6.88,5,2
18.0,Male,CIVIL,6.68,1.0,93.74,"Cultural Club, Robotics, Coding Club","Machine Learning, C++, Java, Python",1,Research,0.0,Unknown,0.0,Unknown,8.73,6.53,5.71,6.49,7.21,7.06,6.61,5.09,4,3
20.0,Male,EEE,6.93,1.0,87.1,"Cultural Club, Entrepreneurship Cell, Literary Society","Java, SQL",1,Consulting,1.0,Higher Studies,15.89,Higher Studies,7.32,7.31,8.45,5.61,7.1,6.42,8.44,4.79,2,3
20.0,Female,IT,6.6,1.0,95.58,"Sports Club, Coding Club","Python, SQL",1,Hardware,0.0,Unknown,0.0,Unknown,6.84,5.23,6.21,7.66,6.03,5.69,7.65,7.46,2,2
18.0,Male,CSE,7.15,1.0,75.19,Entrepreneurship Cell,"SQL, Data Science",1,Core Engineering,0.0,Unknown,0.0,Unknown,7.44,8.18,7.16,7.49,7.7,6.12,7.46,5.66,2,1
21.0,Female,MECH,7.23,0.0,75.04,"Robotics, Sports Club, Literary Society","Python, Data Science",0,Unknown,1.0,Hardware,12.35,Research,5.99,6.93,7.83,6.97,9.36,7.42,7.23,6.09,2,3
19.0,Male,ECE,7.14,2.0,73.61,"Sports Club, Literary Society, Robotics","Data Science, Python, Web Development",0,Unknown,0.0,Unknown,0.0,Unknown,6.04,7.94,6.13,6.79,7.56,6.38,7.69,8.6,3,3
22.0,Male,MECH,7.21,0.0,96.97,"Literary Society, Entrepreneurship Cell, Cultural Club","Machine Learning, C++, Python, Java, SQL",1,Software,0.0,Unknown,0.0,Unknown,8.09,6.43,7.04,7.96,6.52,6.95,6.98,7.68,5,3
20.0,Male,CIVIL,6.73,0.0,60.62,Sports Club,"C++, SQL, Python",1,Higher Studies,0.0,Unknown,0.0,Unknown,5.4,5.68,6.08,8.55,8.0,6.54,7.3,6.32,3,1
18.0,Male,ECE,7.19,0.0,93.96,Sports Club,"C++, Machine Learning",0,Unknown,1.0,Software,11.87,Job,9.22,7.06,8.07,7.22,6.18,6.96,5.09,7.69,2,1
18.0,Female,IT,6.81,1.0,81.6,"Sports Club, Entrepreneurship Cell","SQL, Data Science",0,Unknown,1.0,Software,6.36,Startup,8.54,6.47,6.57,7.82,5.38,5.79,8.1,5.83,2,2
23.0,Male,CSE,7.16,2.0,61.73,"Coding Club, Cultural Club, Robotics","SQL, Data Science, Python, Java, C++",0,Unknown,0.0,Unknown,0.0,Unknown,7.69,6.74,6.56,6.97,7.04,7.89,7.59,6.84,5,3
18.0,Male,MECH,6.96,1.0,82.97,"Literary Society, Coding Club, Robotics","Web Development, Java, C++, Python",1,Higher Studies,1.0,Higher Studies,17.16,Research,8.05,5.16,7.25,7.89,5.55,6.08,8.21,7.53,4,3
19.0,Male,EEE,6.73,3.0,65.99,"Entrepreneurship Cell, Literary Society, Sports Club","Python, Java, SQL, Data Science",1,Hardware,0.0,Unknown,0.0,Unknown,6.54,5.92,7.18,7.27,5.38,7.38,8.07,6.09,4,3
22.0,Male,CIVIL,6.71,3.0,86.48,"Literary Society, Entrepreneurship Cell","SQL, Web Development, Java",0,Unknown,1.0,Hardware,10.9,Job,6.4,8.17,5.33,5.51,7.14,7.03,6.28,7.81,3,2
21.0,Female,EEE,7.41,2.0,67.64,"Sports Club, Cultural Club","Python, Java, Web Development",1,Hardware,1.0,Core Engineering,10.49,Research,6.74,6.81,8.12,8.27,6.83,8.1,7.36,7.06,3,2
23.0,Female,ECE,7.2,2.0,84.17,"Coding Club, Entrepreneurship Cell","C++, Data Science, SQL",1,Higher Studies,0.0,Unknown,0.0,Unknown,6.8,6.39,7.14,7.01,8.35,6.89,8.37,6.68,3,2
23.0,Male,EEE,7.14,1.0,61.39,Cultural Club,"Web Development, C++, Data Science, Python, Machine Learning",1,Higher Studies,1.0,Higher Studies,9.96,Higher Studies,8.2,7.01,7.06,6.73,7.68,6.58,7.98,5.87,5,1
22.0,Female,EEE,7.45,0.0,68.71,Cultural Club,"Python, C++",1,Higher Studies,0.0,Unknown,0.0,Unknown,7.87,8.0,7.09,6.33,7.28,7.57,7.26,8.23,2,1
20.0,Female,CIVIL,7.31,1.0,61.79,Literary Society,"Machine Learning, SQL",0,Unknown,1.0,Software,7.56,Startup,8.22,8.03,6.83,6.6,6.98,7.15,6.7,8.0,2,1
19.0,Male,IT,7.04,0.0,62.57,Cultural Club,"Java, Data Science, Web Development",0,Unknown,1.0,Software,13.08,Job,7.04,8.05,5.35,7.26,7.76,7.81,5.64,7.42,3,1
19.0,Female,IT,6.87,1.0,79.11,"Sports Club, Literary Society, Coding Club","Data Science, SQL",0,Unknown,0.0,Unknown,0.0,Unknown,6.9,6.37,7.78,6.94,5.61,8.04,6.25,7.04,2,3
21.0,Male,EEE,6.95,2.0,95.19,Entrepreneurship Cell,"Python, C++, Machine Learning",1,Hardware,0.0,Unknown,0.0,Unknown,6.9,7.39,6.26,7.18,7.46,7.19,5.98,7.21,3,1
23.0,Male,CIVIL,7.35,1.0,89.45,"Robotics, Entrepreneurship Cell","Data Science, Web Development, Java, SQL",1,Research,0.0,Unknown,0.0,Unknown,7.23,8.48,7.3,6.37,7.29,6.82,7.5,7.81,4,2
21.0,Female,CIVIL,7.18,0.0,69.79,"Literary Society, Coding Club, Robotics","Python, Java, Machine Learning, Data Science",1,Research,1.0,Hardware,17.54,Startup,6.64,6.63,6.51,7.78,7.54,8.7,7.78,5.9,4,3
18.0,Female,IT,7.12,1.0,61.13,"Coding Club, Cultural Club, Sports Club","Machine Learning, Java",1,Research,0.0,Unknown,0.0,Unknown,6.68,6.2,7.57,8.39,7.47,7.1,6.01,7.52,2,3
18.0,Male,IT,7.12,1.0,61.13,"Coding Club, Cultural Club, Sports Club","Machine Learning, Java",1,Research,0.0,Unknown,0.0,Unknown,6.68,6.2,7.57,8.39,7.47,7.1,6.01,7.52,2,3
20.0,Male,CSE,6.79,0.0,83.26,"Literary Society, Coding Club","C++, Machine Learning, Java, Web Development",0,Unknown,0.0,Unknown,0.0,Unknown,7.56,7.14,5.44,7.73,6.65,7.77,5.99,6.07,4,2
18.0,Female,ECE,7.75,3.0,66.65,"Sports Club, Entrepreneurship Cell","C++, Machine Learning, Python, Web Development",1,Hardware,0.0,Unknown,0.0,Unknown,7.87,8.33,6.83,8.76,8.19,7.02,7.67,7.31,4,2
22.0,Male,IT,7.22,1.0,81.13,Cultural Club,"SQL, C++, Data Science, Web Development, Python",1,Software,1.0,Hardware,5.16,Job,6.23,7.07,8.03,7.5,7.25,7.08,7.4,7.2,5,1
19.0,Female,EEE,6.66,4.0,86.28,Coding Club,"Data Science, Web Development, C++",1,Hardware,0.0,Unknown,0.0,Unknown,7.78,5.38,5.79,6.76,7.12,5.99,6.72,7.72,3,1
19.0,Female,EEE,7.36,0.0,80.61,"Literary Society, Sports Club, Entrepreneurship Cell","Data Science, Java, Web Development, SQL",1,Core Engineering,1.0,Consulting,11.35,Research,6.58,6.9,7.52,8.19,7.1,5.5,7.63,9.45,4,3
22.0,Female,ECE,6.66,1.0,61.42,Sports Club,"Data Science, Machine Learning, SQL, Python, Java",0,Unknown,0.0,Unknown,0.0,Unknown,7.32,7.17,6.0,6.82,4.82,7.18,8.43,5.53,5,1
21.0,Male,MECH,6.67,2.0,63.07,Robotics,"Web Development, C++, Java",1,Software,1.0,Hardware,10.25,Higher Studies,8.76,6.88,5.89,5.71,7.27,5.65,6.44,6.75,3,1
22.0,Female,CIVIL,6.59,1.0,82.02,Literary Society,"SQL, Web Development, Java, Data Science",1,Higher Studies,0.0,Unknown,0.0,Unknown,5.22,4.77,7.23,6.44,6.45,7.7,8.17,6.73,4,1
20.0,Male,MECH,7.13,3.0,64.37,"Literary Society, Cultural Club, Coding Club","C++, Machine Learning, Java, Web Development",1,Core Engineering,1.0,Core Engineering,17.52,Startup,7.64,6.27,7.24,4.58,9.72,6.73,8.19,6.66,4,3
19.0,Male,CIVIL,6.99,0.0,94.96,Cultural Club,"SQL, Data Science",0,Unknown,1.0,Core Engineering,7.24,Higher Studies,6.28,6.77,8.18,7.19,6.47,7.48,5.9,7.68,2,1
23.0,Female,EEE,6.99,0.0,67.38,"Cultural Club, Entrepreneurship Cell, Literary Society","Java, Data Science, Machine Learning, Web Development",1,Research,0.0,Unknown,0.0,Unknown,7.15,6.39,7.14,8.59,7.7,5.86,6.89,6.2,4,3
18.0,Female,IT,6.88,1.0,89.14,Robotics,"Web Development, C++, Machine Learning",0,Unknown,0.0,Unknown,0.0,Unknown,7.25,6.1,6.43,7.85,7.75,6.32,6.84,6.46,3,1
18.0,Male,ECE,7.06,0.0,78.54,"Coding Club, Cultural Club","Python, Web Development",0,Unknown,1.0,Consulting,18.09,Job,8.03,7.68,6.61,7.32,8.26,6.8,6.69,5.11,2,2
21.0,Female,CIVIL,7.54,0.0,74.41,"Sports Club, Literary Society, Robotics","Web Development, Data Science",1,Research,0.0,Unknown,0.0,Unknown,5.92,6.78,9.13,8.06,7.21,7.55,8.02,7.68,2,3
20.0,Male,CIVIL,7.01,0.0,85.33,"Sports Club, Entrepreneurship Cell","Data Science, Machine Learning, SQL, C++",1,Research,1.0,Hardware,15.51,Higher Studies,7.14,7.98,7.86,7.62,7.01,7.06,5.31,6.1,4,2
22.0,Female,ECE,6.78,0.0,72.29,"Entrepreneurship Cell, Coding Club, Literary Society","SQL, Data Science, Web Development",0,Unknown,1.0,Consulting,16.65,Startup,7.76,7.28,7.1,6.94,6.25,6.72,5.31,6.9,3,3
22.0,Male,MECH,7.32,1.0,68.08,"Literary Society, Entrepreneurship Cell, Coding Club","Machine Learning, Data Science, Python, C++, Java",1,Hardware,0.0,Unknown,0.0,Unknown,7.56,8.16,6.65,8.44,5.28,8.08,8.15,6.23,5,3
22.0,Male,EEE,7.61,0.0,78.22,"Cultural Club, Entrepreneurship Cell, Sports Club","SQL, C++, Machine Learning, Data Science",0,Unknown,1.0,Hardware,18.15,Job,6.51,8.07,7.5,9.08,8.18,8.14,5.61,7.76,4,3
22.0,Female,EEE,6.82,2.0,71.29,"Robotics, Coding Club","Java, C++, Machine Learning, Python, Data Science",0,Unknown,1.0,Consulting,11.18,Job,7.81,6.87,8.63,6.67,5.46,6.81,6.67,5.66,5,2
19.0,Female,ECE,6.84,2.0,88.38,Entrepreneurship Cell,"Web Development, Machine Learning",0,Unknown,1.0,Hardware,7.62,Startup,5.09,8.32,7.07,6.59,6.91,6.96,5.27,8.49,2,1
19.0,Female,CIVIL,6.9,1.0,64.54,Cultural Club,"Java, SQL, Machine Learning, C++",0,Unknown,0.0,Unknown,0.0,Unknown,6.55,7.62,5.93,6.86,7.12,7.51,7.71,5.88,4,1
23.0,Female,IT,6.49,1.0,78.09,Cultural Club,"C++, Java",1,Research,0.0,Unknown,0.0,Unknown,7.14,7.71,4.77,8.88,7.06,5.38,6.09,4.87,2,1
23.0,Female,IT,6.74,0.0,76.29,"Sports Club, Literary Society, Entrepreneurship Cell","Machine Learning, SQL, Web Development, Data Science",0,Unknown,0.0,Unknown,0.0,Unknown,6.98,6.75,6.57,6.99,5.87,8.03,5.21,7.54,4,3
18.0,Male,EEE,7.59,0.0,61.91,"Coding Club, Robotics, Sports Club","C++, Python, Data Science, Web Development, Java",0,Unknown,1.0,Core Engineering,7.19,Research,7.94,7.2,8.67,6.82,7.62,7.8,6.9,7.78,5,3
23.0,Male,EEE,7.04,0.0,81.53,"Literary Society, Coding Club","Web Development, Machine Learning, Python",0,Unknown,1.0,Research,18.52,Higher Studies,6.59,8.47,6.64,7.05,6.94,6.49,7.08,7.07,3,2
18.0,Male,IT,7.52,1.0,61.61,Coding Club,"Machine Learning, Data Science, SQL",0,Unknown,0.0,Unknown,0.0,Unknown,7.65,5.82,8.14,8.14,8.22,6.19,7.72,8.24,3,1
19.0,Female,CIVIL,6.95,3.0,98.01,"Sports Club, Coding Club","Web Development, Java, Python, C++, SQL",1,Consulting,1.0,Higher Studies,12.11,Research,7.26,8.02,6.8,5.97,7.5,6.16,6.6,7.27,5,2
18.0,Male,EEE,7.26,1.0,87.94,Entrepreneurship Cell,"Data Science, Web Development, SQL, Python",0,Unknown,1.0,Research,16.26,Research,6.28,7.05,7.77,7.94,7.31,7.86,6.94,6.9,4,1
22.0,Male,EEE,6.41,0.0,85.67,"Entrepreneurship Cell, Literary Society","Data Science, Python",1,Research,1.0,Core Engineering,12.7,Higher Studies,6.81,6.31,5.87,6.53,5.11,6.27,8.24,6.18,2,2
20.0,Female,EEE,6.89,1.0,82.96,Coding Club,"Web Development, Java, SQL, Data Science, C++",0,Unknown,1.0,Consulting,3.46,Research,7.56,7.26,4.73,7.03,7.18,6.84,7.71,6.82,5,1
22.0,Male,CIVIL,6.43,0.0,63.39,"Sports Club, Cultural Club, Robotics","SQL, Data Science, Java, Machine Learning, Python",1,Software,0.0,Unknown,0.0,Unknown,6.27,5.34,6.67,6.06,6.35,7.61,6.95,6.17,5,3
19.0,Male,CIVIL,7.07,1.0,77.98,"Robotics, Sports Club, Literary Society","C++, Python",0,Unknown,0.0,Unknown,0.0,Unknown,8.48,7.1,6.94,5.44,8.06,6.54,7.03,6.97,2,3
21.0,Female,MECH,7.0,2.0,93.33,"Literary Society, Sports Club","C++, Web Development, Data Science, Machine Learning",1,Consulting,0.0,Unknown,0.0,Unknown,6.68,7.21,8.01,6.55,6.12,5.56,7.48,8.38,4,2
21.0,Female,ECE,6.95,0.0,68.42,"Literary Society, Sports Club, Coding Club","SQL, Machine Learning, Python, Data Science",1,Consulting,0.0,Unknown,0.0,Unknown,6.54,5.94,6.55,6.44,8.63,8.0,6.31,7.17,4,3
21.0,Male,EEE,7.41,2.0,67.64,"Sports Club, Cultural Club","Python, Java, Web Development",1,Hardware,1.0,Core Engineering,10.49,Research,6.74,6.81,8.12,8.27,6.83,8.1,7.36,7.06,3,2
23.0,Female,EEE,7.11,2.0,67.14,"Sports Club, Robotics, Entrepreneurship Cell","Python, C++",1,Higher Studies,1.0,Consulting,11.72,Research,8.16,6.56,8.26,5.34,5.38,8.28,7.01,7.92,2,3
21.0,Female,ECE,7.3,2.0,95.12,Entrepreneurship Cell,"Data Science, SQL, Java, C++, Python",0,Unknown,1.0,Research,7.58,Startup,7.94,8.24,7.33,7.14,6.03,8.99,5.58,7.12,5,1
22.0,Female,IT,7.35,1.0,64.94,"Cultural Club, Coding Club","Python, Machine Learning, Data Science, Java",1,Research,1.0,Core Engineering,13.65,Job,6.78,8.85,8.13,7.75,7.13,6.59,7.7,5.87,4,2
21.0,Female,IT,6.75,1.0,65.1,"Literary Society, Entrepreneurship Cell, Robotics","Java, C++, Web Development, Data Science, Machine Learning",0,Unknown,1.0,Core Engineering,12.27,Higher Studies,6.33,7.34,5.43,7.41,8.95,6.01,6.24,6.29,5,3
19.0,Female,EEE,6.99,0.0,78.62,Robotics,"Python, Data Science, Machine Learning, Web Development",1,Research,0.0,Unknown,0.0,Unknown,6.79,8.12,6.47,6.48,6.24,7.88,6.29,7.64,4,1
23.0,Male,IT,7.22,1.0,89.29,"Entrepreneurship Cell, Sports Club","Python, Data Science, Machine Learning, Web Development",1,Consulting,1.0,Core Engineering,4.49,Startup,7.73,6.28,6.1,6.59,6.57,7.81,7.8,8.91,4,2
18.0,Male,IT,7.21,1.0,72.13,"Sports Club, Literary Society","Web Development, Machine Learning, Data Science, C++, SQL",0,Unknown,1.0,Core Engineering,7.47,Job,7.08,8.23,6.25,7.23,6.47,7.36,7.5,7.58,5,2
18.0,Male,ECE,7.03,0.0,81.33,"Sports Club, Coding Club","Data Science, Web Development",1,Core Engineering,0.0,Unknown,0.0,Unknown,6.45,8.69,7.47,6.98,7.02,6.05,6.93,6.65,2,2
23.0,Female,CIVIL,7.51,0.0,63.39,Entrepreneurship Cell,"C++, Python",1,Consulting,0.0,Unknown,0.0,Unknown,8.3,8.56,7.03,6.25,7.46,6.32,9.01,7.14,2,1
21.0,Female,ECE,6.75,0.0,84.72,Cultural Club,"C++, SQL, Data Science, Web Development",0,Unknown,1.0,Hardware,10.82,Startup,5.33,6.19,5.95,5.9,7.34,7.59,8.07,7.61,4,1
23.0,Male,EEE,7.14,1.0,61.39,Cultural Club,"Web Development, C++, Data Science, Python, Machine Learning",1,Higher Studies,1.0,Higher Studies,9.96,Higher Studies,8.2,7.01,7.06,6.73,7.68,6.58,7.98,5.87,5,1
23.0,Male,MECH,6.9,2.0,60.62,"Sports Club, Literary Society, Entrepreneurship Cell","Machine Learning, Python, C++, Web Development, SQL",1,Higher Studies,0.0,Unknown,0.0,Unknown,5.88,6.08,8.02,7.27,7.55,7.34,7.39,5.67,5,3
18.0,Female,CSE,7.48,1.0,97.41,"Robotics, Sports Club, Coding Club","Machine Learning, Java, Python, SQL",0,Unknown,0.0,Unknown,0.0,Unknown,6.53,8.08,7.63,6.02,7.35,7.13,8.7,8.38,4,3
19.0,Male,IT,7.03,1.0,78.15,Robotics,"Python, Machine Learning, Web Development, Data Science",0,Unknown,1.0,Software,13.11,Startup,6.98,6.98,6.04,7.92,6.95,6.19,7.59,7.61,4,1
23.0,Female,ECE,7.1,0.0,70.97,"Robotics, Literary Society, Cultural Club","Web Development, SQL, C++, Java",1,Research,1.0,Core Engineering,8.44,Startup,7.11,7.18,6.9,6.2,7.44,7.11,7.29,7.59,4,3
21.0,Male,CSE,7.05,2.0,65.26,"Literary Society, Entrepreneurship Cell","C++, Java, Python, Machine Learning, Data Science",1,Research,1.0,Core Engineering,7.46,Higher Studies,8.22,7.05,7.23,6.54,7.86,7.36,6.69,5.42,5,2
18.0,Male,CIVIL,7.03,0.0,89.99,Sports Club,"Data Science, SQL, C++",0,Unknown,0.0,Unknown,0.0,Unknown,6.82,6.9,8.08,6.58,8.19,6.1,7.27,6.31,3,1
20.0,Female,ECE,6.96,0.0,62.68,Robotics,"Data Science, SQL, Machine Learning, Web Development, C++",1,Core Engineering,0.0,Unknown,0.0,Unknown,6.25,7.38,8.12,5.26,7.41,6.72,7.11,7.46,5,1
23.0,Male,CSE,6.36,2.0,65.54,Sports Club,"Java, Machine Learning",1,Research,0.0,Unknown,0.0,Unknown,5.97,8.11,7.04,5.89,5.25,5.47,6.33,6.83,2,1
20.0,Male,CIVIL,6.23,2.0,68.32,"Entrepreneurship Cell, Sports Club","Machine Learning, Data Science",1,Research,0.0,Unknown,0.0,Unknown,5.83,6.85,5.27,6.61,7.03,6.15,6.54,5.59,2,2
18.0,Male,ECE,6.97,0.0,63.85,"Robotics, Literary Society","Machine Learning, C++",0,Unknown,1.0,Software,18.99,Startup,7.03,5.8,7.79,7.43,5.9,6.32,7.89,7.61,2,2
23.0,Female,IT,6.97,0.0,67.53,Coding Club,"SQL, Machine Learning, Python",0,Unknown,0.0,Unknown,0.0,Unknown,7.55,7.68,5.06,6.24,6.12,7.1,7.48,8.5,3,1
19.0,Male,MECH,7.09,0.0,65.17,"Robotics, Literary Society, Sports Club","Python, Data Science, C++",1,Hardware,0.0,Unknown,0.0,Unknown,5.32,4.94,8.54,8.11,9.23,7.01,6.94,6.62,3,3
22.0,Female,MECH,6.49,0.0,71.11,Cultural Club,"Web Development, Python, SQL, C++",1,Research,0.0,Unknown,0.0,Unknown,8.16,7.12,6.52,7.78,4.62,5.56,6.51,5.66,4,1
18.0,Male,CIVIL,6.77,1.0,85.79,"Literary Society, Sports Club","Python, Java, Data Science, C++",0,Unknown,0.0,Unknown,0.0,Unknown,6.96,7.13,8.62,6.73,6.35,7.71,4.0,6.68,4,2
22.0,Male,ECE,6.69,4.0,76.85,Sports Club,"Web Development, Java",0,Unknown,0.0,Unknown,0.0,Unknown,5.65,7.59,7.71,7.05,8.22,6.32,6.49,4.52,2,1
18.0,Male,ECE,7.4,1.0,74.12,Robotics,"C++, Python, Web Development, Machine Learning",0,Unknown,0.0,Unknown,0.0,Unknown,7.68,7.83,6.0,7.09,6.47,7.7,7.8,8.63,4,1
23.0,Female,ECE,6.92,2.0,62.26,"Coding Club, Entrepreneurship Cell","Python, SQL, Java",0,Unknown,1.0,Core Engineering,5.89,Research,7.9,4.26,8.19,7.52,8.32,6.8,4.94,7.43,3,2
19.0,Female,ECE,6.18,1.0,65.28,"Robotics, Literary Society, Cultural Club","Java, C++, SQL, Machine Learning, Web Development",0,Unknown,0.0,Unknown,0.0,Unknown,6.34,5.96,7.34,5.45,5.88,6.33,5.2,6.97,5,3
19.0,Female,CIVIL,6.99,2.0,72.21,"Cultural Club, Coding Club","Java, C++, Python, Machine Learning, Web Development",1,Higher Studies,0.0,Unknown,0.0,Unknown,6.99,6.44,7.7,7.4,6.81,7.49,6.62,6.47,5,2
18.0,Female,CIVIL,7.1,3.0,97.86,Cultural Club,"Java, Web Development, SQL",1,Higher Studies,1.0,Higher Studies,7.19,Higher Studies,7.72,7.85,6.29,8.75,6.41,7.63,7.22,4.97,3,1
21.0,Female,CIVIL,6.93,1.0,76.28,"Robotics, Entrepreneurship Cell","Machine Learning, Python, Web Development, Data Science, SQL",0,Unknown,0.0,Unknown,0.0,Unknown,7.58,8.2,6.19,7.39,7.73,6.33,6.79,5.25,5,2
22.0,Male,MECH,6.74,1.0,89.77,"Cultural Club, Entrepreneurship Cell, Literary Society","SQL, Python, Machine Learning, C++",0,Unknown,1.0,Core Engineering,16.01,Startup,6.78,9.52,7.62,6.25,6.23,5.54,5.65,6.34,4,3
18.0,Male,EEE,6.92,0.0,79.98,"Robotics, Literary Society","SQL, Data Science, Machine Learning",1,Consulting,1.0,Core Engineering,16.0,Job,5.77,6.84,7.93,5.5,7.6,6.7,6.03,9.02,3,2
23.0,Female,EEE,6.87,1.0,66.94,"Cultural Club, Coding Club","Python, C++, Java, Web Development, SQL",0,Unknown,1.0,Core Engineering,9.46,Startup,4.92,8.72,6.71,7.29,6.95,6.58,6.43,7.33,5,2
23.0,Female,CSE,6.74,1.0,98.22,"Literary Society, Robotics","Python, SQL, Java",0,Unknown,1.0,Higher Studies,7.2,Startup,6.08,6.51,6.62,7.29,6.11,7.32,7.49,6.53,3,2
18.0,Male,IT,7.12,1.0,61.13,"Coding Club, Cultural Club, Sports Club","Machine Learning, Java",1,Research,0.0,Unknown,0.0,Unknown,6.68,6.2,7.57,8.39,7.47,7.1,6.01,7.52,2,3
22.0,Female,IT,6.4,1.0,85.66,Coding Club,"SQL, Web Development, Data Science, Java, Machine Learning",0,Unknown,0.0,Unknown,0.0,Unknown,6.54,6.31,5.85,5.25,6.61,7.16,6.9,6.58,5,1
23.0,Female,CSE,7.09,2.0,69.36,"Cultural Club, Robotics","Python, SQL, Java, Web Development, Data Science",0,Unknown,1.0,Hardware,3.85,Research,8.89,6.84,7.7,6.16,7.31,5.7,7.45,6.64,5,2
20.0,Male,CSE,6.24,1.0,86.03,"Literary Society, Entrepreneurship Cell","Python, Java, SQL",0,Unknown,0.0,Unknown,0.0,Unknown,5.61,6.52,6.86,5.31,7.71,6.77,5.61,5.55,3,2
18.0,Female,CIVIL,6.55,2.0,79.62,"Coding Club, Entrepreneurship Cell","SQL, Java, Data Science, C++, Python",1,Higher Studies,0.0,Unknown,0.0,Unknown,9.16,5.14,6.5,7.56,5.39,6.07,5.91,6.69,5,2
22.0,Female,ECE,7.12,0.0,90.01,Cultural Club,"C++, Python",1,Software,0.0,Unknown,0.0,Unknown,5.87,7.58,9.46,6.89,7.95,6.01,5.31,7.91,2,1
21.0,Male,MECH,6.78,2.0,91.97,Entrepreneurship Cell,"SQL, Java",1,Higher Studies,0.0,Unknown,0.0,Unknown,6.82,6.64,8.18,6.37,7.05,7.05,6.5,5.63,2,1
23.0,Female,CIVIL,7.15,0.0,92.66,Cultural Club,"Data Science, Python, Web Development, SQL",0,Unknown,1.0,Software,14.14,Job,7.15,7.49,7.48,6.25,7.92,8.23,6.74,5.97,4,1
19.0,Male,MECH,6.84,2.0,85.51,"Entrepreneurship Cell, Robotics","Java, Web Development, Machine Learning, C++",0,Unknown,1.0,Software,11.6,Research,5.88,4.67,8.25,5.53,7.62,8.18,7.38,7.23,4,2
18.0,Male,IT,7.43,2.0,83.41,"Cultural Club, Sports Club","Machine Learning, Java, Web Development, SQL",0,Unknown,1.0,Research,15.34,Startup,6.89,8.53,6.38,8.44,7.26,8.23,7.22,6.52,4,2
22.0,Female,CIVIL,6.85,3.0,97.31,"Coding Club, Literary Society","Web Development, Machine Learning, C++, Data Science",1,Software,1.0,Consulting,7.5,Research,6.93,6.74,6.7,7.53,6.06,5.92,5.88,9.05,4,2
23.0,Female,EEE,7.6,0.0,76.52,Literary Society,"Python, Machine Learning",1,Consulting,0.0,Unknown,0.0,Unknown,7.7,9.7,7.38,9.12,6.31,6.38,6.75,7.43,2,1
20.0,Male,ECE,6.9,1.0,67.27,Robotics,"Web Development, Machine Learning",1,Core Engineering,0.0,Unknown,0.0,Unknown,7.66,5.89,5.54,8.87,5.38,6.65,6.94,8.31,2,1
21.0,Male,CSE,6.9,3.0,76.78,"Sports Club, Literary Society, Robotics","Machine Learning, Python",1,Software,1.0,Higher Studies,7.21,Higher Studies,5.8,6.67,6.53,6.35,8.77,7.4,5.74,7.92,2,3
18.0,Male,MECH,6.86,0.0,61.46,Literary Society,"Java, Web Development, SQL",0,Unknown,1.0,Consulting,3.9,Startup,6.24,6.87,6.28,6.39,8.58,7.03,7.12,6.33,3,1
23.0,Male,ECE,7.2,2.0,84.17,"Coding Club, Entrepreneurship Cell","C++, Data Science, SQL",1,Higher Studies,0.0,Unknown,0.0,Unknown,6.8,6.39,7.14,7.01,8.35,6.89,8.37,6.68,3,2
22.0,Male,CIVIL,7.16,3.0,80.73,"Robotics, Coding Club, Sports Club","C++, Java",1,Consulting,1.0,Higher Studies,3.64,Startup,6.02,6.17,8.34,8.29,6.69,8.23,6.83,6.67,2,3
18.0,Female,IT,7.05,1.0,71.47,"Robotics, Cultural Club","Java, Python",1,Software,0.0,Unknown,0.0,Unknown,7.57,6.62,8.32,6.71,6.05,6.99,6.18,7.94,2,2
21.0,Female,IT,7.33,2.0,67.73,Entrepreneurship Cell,"Machine Learning, Data Science, C++",1,Consulting,0.0,Unknown,0.0,Unknown,5.43,7.32,7.46,6.93,7.78,8.92,7.14,7.69,3,1
18.0,Female,IT,6.98,0.0,60.72,"Sports Club, Coding Club, Robotics","Machine Learning, SQL, Data Science",0,Unknown,1.0,Research,4.74,Research,7.05,8.49,6.19,6.54,6.17,5.55,7.25,8.6,3,3
20.0,Female,MECH,7.14,2.0,95.54,Cultural Club,"Machine Learning, Web Development, Java, Python",1,Higher Studies,0.0,Unknown,0.0,Unknown,8.4,7.37,7.04,6.66,6.92,8.15,5.86,6.72,4,1
23.0,Male,MECH,6.9,2.0,60.62,"Sports Club, Literary Society, Entrepreneurship Cell","Machine Learning, Python, C++, Web Development, SQL",1,Higher Studies,0.0,Unknown,0.0,Unknown,5.88,6.08,8.02,7.27,7.55,7.34,7.39,5.67,5,3
18.0,Female,IT,7.38,0.0,61.6,Robotics,"Web Development, Python, Java, Machine Learning",0,Unknown,0.0,Unknown,0.0,Unknown,8.0,7.4,4.66,8.09,7.06,7.35,7.54,8.94,4,1
19.0,Female,ECE,6.96,0.0,64.05,"Entrepreneurship Cell, Robotics","Java, Machine Learning, Python, C++, Web Development",1,Research,1.0,Core Engineering,3.19,Research,6.92,5.12,8.54,6.64,7.63,6.89,6.73,7.19,5,2
22.0,Female,CIVIL,6.36,2.0,94.85,"Cultural Club, Literary Society","Data Science, Python, C++",0,Unknown,0.0,Unknown,0.0,Unknown,6.31,6.32,6.45,6.41,5.72,5.88,6.17,7.59,3,2
21.0,Male,MECH,6.78,2.0,91.97,Entrepreneurship Cell,"SQL, Java",1,Higher Studies,0.0,Unknown,0.0,Unknown,6.82,6.64,8.18,6.37,7.05,7.05,6.5,5.63,2,1
22.0,Male,EEE,6.77,0.0,68.27,"Coding Club, Sports Club, Entrepreneurship Cell","C++, SQL, Machine Learning",0,Unknown,1.0,Research,14.12,Startup,6.24,6.61,7.38,5.69,6.6,6.96,5.9,8.8,3,3
23.0,Male,CSE,7.53,0.0,83.69,"Coding Club, Robotics","Python, C++",1,Hardware,1.0,Software,18.51,Higher Studies,7.22,8.05,8.68,6.54,8.08,6.96,6.83,7.88,2,2
23.0,Male,MECH,6.9,2.0,60.62,"Sports Club, Literary Society, Entrepreneurship Cell","Machine Learning, Python, C++, Web Development, SQL",1,Higher Studies,0.0,Unknown,0.0,Unknown,5.88,6.08,8.02,7.27,7.55,7.34,7.39,5.67,5,3
20.0,Male,IT,6.9,1.0,85.87,"Sports Club, Coding Club, Entrepreneurship Cell","C++, Web Development, SQL, Data Science, Python",1,Software,1.0,Software,19.2,Research,6.35,6.6,5.93,5.46,8.47,7.8,7.81,6.78,5,3
22.0,Male,MECH,6.86,0.0,72.22,Literary Society,"SQL, Python, C++",1,Core Engineering,1.0,Research,5.68,Higher Studies,7.62,5.32,7.66,6.86,8.51,5.87,6.44,6.63,3,1
20.0,Male,CSE,6.3,2.0,79.84,Entrepreneurship Cell,"Web Development, SQL, Python, Machine Learning, Java",1,Consulting,0.0,Unknown,0.0,Unknown,5.12,7.32,6.22,5.48,8.13,6.96,4.92,6.22,5,1
19.0,Female,MECH,7.36,0.0,62.56,Sports Club,"SQL, Python",1,Research,1.0,Higher Studies,6.05,Startup,5.44,9.08,8.13,8.46,7.03,6.64,6.33,7.81,2,1
22.0,Male,IT,6.76,2.0,98.54,"Cultural Club, Entrepreneurship Cell, Sports Club","Web Development, Machine Learning, SQL, Java, Python",1,Software,1.0,Hardware,18.47,Startup,7.63,7.77,5.57,7.37,7.41,7.61,6.23,4.49,5,3
22.0,Male,CIVIL,7.66,1.0,64.73,Coding Club,"Machine Learning, SQL",0,Unknown,1.0,Core Engineering,15.93,Startup,6.46,8.24,6.41,7.08,7.83,7.45,8.35,9.49,2,1
19.0,Female,MECH,6.84,0.0,71.56,"Robotics, Literary Society","Machine Learning, Java, Python",0,Unknown,1.0,Research,16.59,Job,6.03,7.53,4.29,7.48,6.83,7.95,7.6,7.04,3,2
21.0,Male,EEE,7.1,0.0,92.3,"Literary Society, Coding Club, Cultural Club","SQL, Python, C++",0,Unknown,1.0,Hardware,4.0,Job,6.66,7.43,6.41,6.81,6.5,8.44,7.34,7.22,3,3
23.0,Female,IT,7.13,2.0,99.85,"Entrepreneurship Cell, Literary Society, Sports Club","SQL, Web Development, Python",0,Unknown,0.0,Unknown,0.0,Unknown,6.35,6.52,6.68,7.42,7.52,6.43,6.98,9.14,3,3
22.0,Female,ECE,6.55,1.0,63.36,Entrepreneurship Cell,"SQL, Web Development, Java, Machine Learning",1,Software,1.0,Higher Studies,16.09,Startup,6.61,5.15,6.83,7.19,7.1,6.44,6.85,6.25,4,1
23.0,Male,CSE,6.33,1.0,95.82,Cultural Club,"Java, Python, Web Development, SQL",0,Unknown,1.0,Core Engineering,17.73,Job,8.75,4.94,5.29,7.44,4.52,4.96,8.18,6.59,4,1
23.0,Female,CSE,6.72,2.0,71.18,"Robotics, Coding Club, Cultural Club","Machine Learning, Python",0,Unknown,1.0,Consulting,6.93,Job,6.57,5.34,7.47,8.27,7.28,6.15,7.04,5.63,2,3
18.0,Male,EEE,7.01,0.0,62.79,Cultural Club,"Machine Learning, SQL, Python",1,Core Engineering,0.0,Unknown,0.0,Unknown,7.05,7.21,7.57,6.3,8.31,5.42,5.96,8.29,3,1
20.0,Male,EEE,7.32,1.0,82.41,"Robotics, Entrepreneurship Cell, Literary Society","Java, C++",1,Software,1.0,Core Engineering,10.3,Job,6.81,7.46,6.83,7.56,7.77,8.61,6.49,6.99,2,3
18.0,Male,ECE,6.67,1.0,98.74,Robotics,"Web Development, Data Science, Python",0,Unknown,1.0,Higher Studies,18.08,Higher Studies,7.27,6.46,5.61,6.95,6.96,6.74,7.78,5.62,3,1
23.0,Female,IT,6.98,0.0,99.52,"Robotics, Entrepreneurship Cell, Cultural Club","Data Science, Java, C++, Machine Learning, Web Development",0,Unknown,1.0,Higher Studies,14.29,Research,8.15,5.43,7.41,7.58,4.94,7.8,7.88,6.69,5,3
19.0,Female,CIVIL,7.08,0.0,84.79,Literary Society,"Data Science, SQL, Machine Learning",1,Research,0.0,Unknown,0.0,Unknown,5.79,8.82,7.03,6.92,7.67,6.01,7.75,6.62,3,1
19.0,Male,ECE,6.83,1.0,80.5,"Robotics, Coding Club, Cultural Club","Web Development, SQL, Data Science",0,Unknown,0.0,Unknown,0.0,Unknown,9.0,6.69,7.36,7.54,6.0,6.14,5.79,6.11,3,3
22.0,Male,MECH,7.24,1.0,83.72,"Entrepreneurship Cell, Sports Club","Java, Data Science, Web Development, C++, Machine Learning",0,Unknown,1.0,Higher Studies,12.14,Startup,7.69,7.42,7.16,9.16,6.38,6.93,5.04,8.16,5,2
19.0,Male,ECE,7.3,0.0,78.74,"Sports Club, Entrepreneurship Cell, Literary Society","Java, Web Development, SQL, Machine Learning",1,Research,1.0,Hardware,13.17,Higher Studies,6.4,7.14,7.07,7.97,7.97,7.49,6.64,7.74,4,3
21.0,Male,ECE,7.14,0.0,60.16,Literary Society,"Machine Learning, Web Development, Java",0,Unknown,1.0,Higher Studies,19.99,Startup,7.68,6.8,5.29,7.33,8.01,8.28,6.62,7.15,3,1
19.0,Male,IT,7.43,2.0,66.37,Robotics,"Web Development, C++, Java, Data Science, Machine Learning",1,Research,0.0,Unknown,0.0,Unknown,6.1,9.7,7.24,6.15,7.86,7.77,6.81,7.84,5,1
18.0,Male,CSE,7.38,1.0,92.91,"Sports Club, Robotics","Machine Learning, Data Science",1,Core Engineering,1.0,Core Engineering,14.48,Job,6.93,7.43,7.38,8.02,8.0,6.97,6.52,7.81,2,2
20.0,Female,ECE,7.12,0.0,85.71,"Cultural Club, Entrepreneurship Cell, Robotics","Python, Machine Learning",1,Software,1.0,Research,12.99,Job,7.07,8.03,7.28,7.26,5.03,7.68,7.06,7.54,2,3
23.0,Female,EEE,7.53,0.0,81.34,"Coding Club, Literary Society, Entrepreneurship Cell","Web Development, Data Science",0,Unknown,1.0,Hardware,4.72,Research,9.04,6.47,7.58,8.34,5.41,7.76,8.02,7.64,2,3
20.0,Female,EEE,7.23,0.0,67.37,"Entrepreneurship Cell, Coding Club, Robotics","Data Science, C++, Python, SQL, Web Development",0,Unknown,0.0,Unknown,0.0,Unknown,6.82,7.49,6.99,7.31,8.81,6.66,7.28,6.49,5,3
18.0,Female,CIVIL,6.63,3.0,92.64,Entrepreneurship Cell,"Web Development, Python",1,Higher Studies,1.0,Core Engineering,3.32,Research,5.41,8.48,6.59,7.79,5.97,6.09,7.66,5.07,2,1
20.0,Female,CSE,6.35,1.0,84.65,Sports Club,"C++, Java, Machine Learning, Web Development, Data Science",0,Unknown,0.0,Unknown,0.0,Unknown,5.91,7.53,6.88,6.32,5.62,5.53,6.39,6.61,5,1
19.0,Male,MECH,7.15,1.0,84.74,Robotics,"Java, C++, SQL",0,Unknown,1.0,Consulting,12.67,Higher Studies,6.4,7.83,6.23,8.4,6.24,7.04,7.31,7.78,3,1
22.0,Female,EEE,6.54,3.0,60.04,"Robotics, Entrepreneurship Cell","Python, Data Science, SQL, Java",0,Unknown,1.0,Software,18.31,Higher Studies,5.24,7.99,5.86,7.7,7.13,6.95,5.7,5.71,4,2
18.0,Female,CSE,7.19,0.0,76.12,"Coding Club, Literary Society, Sports Club","Machine Learning, Data Science, Python, SQL, C++",1,Consulting,0.0,Unknown,0.0,Unknown,7.08,6.9,7.92,6.71,7.27,7.32,6.33,7.99,5,3
21.0,Male,CIVIL,7.21,0.0,60.13,Coding Club,"C++, SQL, Data Science",1,Hardware,0.0,Unknown,0.0,Unknown,7.69,7.4,7.09,6.45,6.69,8.06,7.97,6.35,3,1
18.0,Female,IT,6.87,2.0,79.01,Cultural Club,"Machine Learning, Web Development, SQL, Data Science, C++",1,Software,0.0,Unknown,0.0,Unknown,7.08,8.18,6.56,6.69,5.67,6.26,7.53,7.01,5,1
19.0,Male,ECE,7.12,0.0,88.33,Robotics,"Python, Java, C++, SQL, Machine Learning",1,Consulting,1.0,Higher Studies,11.19,Job,5.42,7.08,8.06,7.24,6.68,7.46,7.19,7.83,5,1
19.0,Male,CSE,7.32,0.0,91.69,"Entrepreneurship Cell, Cultural Club, Coding Club","Java, SQL, Machine Learning",0,Unknown,1.0,Consulting,15.89,Startup,7.93,7.22,6.43,7.97,7.38,8.55,7.09,5.96,3,3
23.0,Male,EEE,6.89,1.0,77.21,Literary Society,"C++, Data Science, Machine Learning, Java, SQL",1,Research,1.0,Consulting,5.9,Startup,5.34,8.26,8.14,4.98,6.44,6.4,8.64,6.9,5,1
20.0,Male,CIVIL,7.08,1.0,75.08,"Literary Society, Sports Club, Cultural Club","Data Science, Java, C++, Python, SQL",0,Unknown,0.0,Unknown,0.0,Unknown,5.72,6.26,6.98,9.42,6.98,7.27,6.66,7.36,5,3
20.0,Female,CIVIL,6.79,0.0,78.24,"Entrepreneurship Cell, Coding Club, Cultural Club","SQL, Machine Learning",1,Research,0.0,Unknown,0.0,Unknown,7.03,6.11,6.82,6.45,8.17,9.12,5.57,5.08,2,3
22.0,Male,ECE,6.4,2.0,64.46,Coding Club,"Data Science, Web Development, Python, SQL",1,Software,0.0,Unknown,0.0,Unknown,6.79,5.92,5.19,5.36,6.87,9.11,4.28,7.7,4,1
18.0,Female,CIVIL,6.98,0.0,98.87,"Coding Club, Literary Society, Cultural Club","Java, Machine Learning, SQL, C++, Data Science",0,Unknown,0.0,Unknown,0.0,Unknown,6.23,6.97,4.8,8.32,6.75,7.32,7.22,8.26,5,3
18.0,Male,CSE,7.0,2.0,71.03,"Coding Club, Robotics","Data Science, Web Development, SQL, Machine Learning, Python",0,Unknown,0.0,Unknown,0.0,Unknown,5.82,7.2,6.56,8.04,7.13,7.84,6.7,6.73,5,2
19.0,Female,MECH,7.03,1.0,91.43,"Entrepreneurship Cell, Literary Society, Cultural Club","C++, Python, Data Science, Java",0,Unknown,0.0,Unknown,0.0,Unknown,8.04,6.98,5.49,6.33,8.31,6.06,7.89,7.12,4,3
21.0,Female,CSE,6.56,1.0,84.85,"Sports Club, Coding Club, Cultural Club","Web Development, Data Science",0,Unknown,1.0,Consulting,5.79,Higher Studies,7.94,7.0,7.61,6.61,5.96,6.13,5.47,5.74,2,3
18.0,Male,EEE,7.0,0.0,60.75,Cultural Club,"Web Development, Java",1,Research,1.0,Software,19.56,Startup,7.84,5.71,7.06,5.88,6.39,7.49,7.81,7.79,2,1
19.0,Male,IT,6.63,1.0,90.23,"Literary Society, Entrepreneurship Cell, Robotics","Web Development, Data Science, C++, Python",1,Core Engineering,1.0,Core Engineering,10.67,Startup,7.15,6.7,7.93,7.06,7.7,5.23,4.0,7.28,4,3
21.0,Male,MECH,7.62,1.0,98.72,Coding Club,"SQL, C++, Java, Data Science",0,Unknown,0.0,Unknown,0.0,Unknown,7.8,7.15,8.8,6.93,7.57,7.83,5.25,9.62,4,1
18.0,Male,IT,7.13,0.0,79.47,"Sports Club, Cultural Club","Web Development, Machine Learning, Python, Java, Data Science",1,Core Engineering,1.0,Core Engineering,19.64,Higher Studies,8.3,6.1,6.54,8.45,7.03,6.86,5.66,8.07,5,2
19.0,Female,ECE,6.46,0.0,65.45,"Literary Society, Coding Club","C++, SQL, Web Development",0,Unknown,0.0,Unknown,0.0,Unknown,7.37,6.37,6.45,5.99,6.55,6.99,6.46,5.52,3,2
19.0,Male,IT,6.62,2.0,83.45,"Sports Club, Literary Society","C++, Java, Data Science",0,Unknown,0.0,Unknown,0.0,Unknown,4.0,6.55,7.76,6.61,6.53,5.96,8.0,7.55,3,2
18.0,Male,CIVIL,6.89,0.0,72.54,"Robotics, Literary Society","Data Science, Python, Machine Learning, SQL, Web Development",0,Unknown,1.0,Core Engineering,5.54,Startup,5.89,8.71,7.05,6.76,5.8,7.45,7.54,5.91,5,2
21.0,Male,IT,6.77,3.0,95.63,"Coding Club, Robotics, Sports Club","C++, Web Development, Java, Python, Data Science",0,Unknown,0.0,Unknown,0.0,Unknown,7.2,5.95,7.78,6.37,7.2,6.54,7.35,5.8,5,3
18.0,Female,ECE,7.22,1.0,93.88,"Cultural Club, Sports Club, Robotics","Java, Python",0,Unknown,1.0,Higher Studies,10.29,Research,6.18,6.84,7.47,8.91,8.01,4.72,7.24,8.43,2,3
23.0,Male,CIVIL,7.19,2.0,66.73,"Entrepreneurship Cell, Coding Club","Data Science, C++, Java, Python",0,Unknown,0.0,Unknown,0.0,Unknown,8.03,7.87,5.86,7.82,6.94,7.07,7.07,6.85,4,2
22.0,Female,CIVIL,6.81,2.0,74.34,Entrepreneurship Cell,"Python, Web Development",1,Consulting,1.0,Hardware,4.97,Job,7.77,6.46,5.65,6.12,5.87,7.13,7.58,7.89,2,1
23.0,Male,IT,6.87,1.0,99.46,"Sports Club, Entrepreneurship Cell, Literary Society","C++, Data Science",0,Unknown,1.0,Research,10.33,Research,6.19,5.48,7.88,9.09,7.92,5.11,6.48,6.8,2,3
23.0,Female,IT,7.62,1.0,94.0,"Robotics, Sports Club","Java, C++, Machine Learning, SQL, Data Science",0,Unknown,0.0,Unknown,0.0,Unknown,7.41,6.4,7.09,8.59,7.12,8.52,8.2,7.59,5,2
18.0,Male,MECH,7.14,0.0,87.29,"Cultural Club, Sports Club","Machine Learning, C++",1,Core Engineering,0.0,Unknown,0.0,Unknown,8.67,6.56,7.15,7.62,7.23,7.26,6.94,5.7,2,2
22.0,Female,CSE,7.06,2.0,63.61,"Sports Club, Robotics","Python, Web Development, C++, Java, Machine Learning",1,Higher Studies,0.0,Unknown,0.0,Unknown,7.34,6.99,7.77,5.85,6.22,7.77,6.2,8.38,5,2
23.0,Female,MECH,6.42,0.0,83.75,"Entrepreneurship Cell, Robotics","Web Development, Python, Data Science, SQL",0,Unknown,1.0,Hardware,12.79,Higher Studies,7.4,6.17,6.0,6.72,8.37,5.83,4.37,6.48,4,2
18.0,Female,EEE,6.9,1.0,74.51,Cultural Club,"Machine Learning, Web Development, Python, C++",1,Consulting,0.0,Unknown,0.0,Unknown,8.01,5.79,6.08,8.45,7.05,6.83,7.24,5.79,4,1
21.0,Male,CSE,6.64,1.0,79.1,Cultural Club,"Machine Learning, Java",0,Unknown,1.0,Higher Studies,11.41,Startup,6.54,7.19,5.89,6.0,6.37,6.81,7.14,7.15,2,1
19.0,Female,ECE,7.56,1.0,70.26,"Cultural Club, Entrepreneurship Cell","Web Development, Data Science, C++, Python, Machine Learning",0,Unknown,0.0,Unknown,0.0,Unknown,7.99,7.93,8.85,7.11,8.85,6.06,6.79,6.88,5,2
22.0,Male,CSE,6.9,3.0,84.75,"Robotics, Entrepreneurship Cell","C++, Data Science, SQL, Machine Learning, Java",0,Unknown,0.0,Unknown,0.0,Unknown,7.23,7.23,6.38,6.74,6.06,8.38,7.26,5.95,5,2
19.0,Male,ECE,7.3,0.0,78.74,"Sports Club, Entrepreneurship Cell, Literary Society","Java, Web Development, SQL, Machine Learning",1,Research,1.0,Hardware,13.17,Higher Studies,6.4,7.14,7.07,7.97,7.97,7.49,6.64,7.74,4,3
21.0,Female,CIVIL,6.23,1.0,79.13,Coding Club,"Machine Learning, Web Development, Data Science, C++",0,Unknown,1.0,Core Engineering,3.36,Job,6.36,6.18,6.23,7.01,4.57,5.49,6.89,7.12,4,1
18.0,Female,MECH,6.96,1.0,82.97,"Literary Society, Coding Club, Robotics","Web Development, Java, C++, Python",1,Higher Studies,1.0,Higher Studies,17.16,Research,8.05,5.16,7.25,7.89,5.55,6.08,8.21,7.53,4,3
19.0,Male,CSE,6.86,1.0,84.41,"Entrepreneurship Cell, Sports Club, Cultural Club","Python, Java, Machine Learning",0,Unknown,1.0,Hardware,5.3,Job,7.51,6.47,5.83,4.13,6.97,8.77,8.66,6.54,3,3
18.0,Female,CSE,6.47,0.0,89.79,Literary Society,"Web Development, SQL, Data Science, Machine Learning, Java",0,Unknown,1.0,Software,10.01,Higher Studies,5.89,7.57,5.94,6.29,6.82,5.33,7.05,6.89,5,1
21.0,Male,EEE,6.7,0.0,90.38,Entrepreneurship Cell,"Java, Web Development, C++, Python",1,Research,1.0,Hardware,19.8,Startup,6.14,7.36,6.4,7.28,6.48,5.74,7.48,6.76,4,1
18.0,Male,IT,7.03,1.0,92.22,"Entrepreneurship Cell, Cultural Club, Sports Club","Python, Web Development, C++, Java",1,Research,1.0,Research,8.09,Higher Studies,6.66,6.75,6.6,9.52,6.92,6.7,7.08,6.03,4,3
22.0,Male,CIVIL,6.71,3.0,86.48,"Literary Society, Entrepreneurship Cell","SQL, Web Development, Java",0,Unknown,1.0,Hardware,10.9,Job,6.4,8.17,5.33,5.51,7.14,7.03,6.28,7.81,3,2
20.0,Male,CIVIL,7.33,0.0,68.95,"Literary Society, Robotics, Coding Club","Data Science, Machine Learning",1,Research,1.0,Higher Studies,8.79,Higher Studies,8.53,8.21,6.37,6.28,7.67,7.26,6.6,7.72,2,3
22.0,Male,CSE,7.52,1.0,75.66,"Entrepreneurship Cell, Robotics, Coding Club","Data Science, Web Development, Machine Learning, Python",1,Consulting,0.0,Unknown,0.0,Unknown,8.71,7.82,8.77,6.6,7.25,7.81,4.67,8.51,4,3
22.0,Male,CIVIL,7.83,0.0,63.18,"Entrepreneurship Cell, Cultural Club, Coding Club","Data Science, Web Development, Python, SQL, Machine Learning",0,Unknown,1.0,Consulting,4.46,Research,6.91,9.58,6.2,8.64,8.68,6.45,7.57,8.63,5,3
23.0,Female,MECH,7.21,0.0,79.68,"Coding Club, Cultural Club, Entrepreneurship Cell","Machine Learning, C++",0,Unknown,0.0,Unknown,0.0,Unknown,6.28,7.94,8.5,6.39,6.95,7.49,6.67,7.45,2,3
18.0,Male,IT,6.84,1.0,92.72,"Entrepreneurship Cell, Coding Club","Java, Python, Data Science, Web Development, Machine Learning",0,Unknown,1.0,Research,14.76,Startup,6.93,7.55,8.16,8.68,6.25,5.0,6.76,5.41,5,2
20.0,Female,CIVIL,7.08,1.0,75.08,"Literary Society, Sports Club, Cultural Club","Data Science, Java, C++, Python, SQL",0,Unknown,0.0,Unknown,0.0,Unknown,5.72,6.26,6.98,9.42,6.98,7.27,6.66,7.36,5,3
23.0,Male,CIVIL,7.0,0.0,74.5,"Cultural Club, Coding Club, Literary Society","Java, Web Development",0,Unknown,1.0,Software,16.7,Startup,7.56,5.66,7.49,5.45,8.08,6.53,6.91,8.33,2,3
19.0,Male,ECE,7.14,2.0,73.61,"Sports Club, Literary Society, Robotics","Data Science, Python, Web Development",0,Unknown,0.0,Unknown,0.0,Unknown,6.04,7.94,6.13,6.79,7.56,6.38,7.69,8.6,3,3
20.0,Female,CIVIL,6.62,2.0,89.64,"Literary Society, Robotics","Machine Learning, Python, Web Development",1,Core Engineering,0.0,Unknown,0.0,Unknown,6.59,7.78,5.53,5.74,6.22,7.08,6.36,7.66,3,2
20.0,Male,MECH,7.45,1.0,97.24,"Coding Club, Robotics, Sports Club","Python, Java",0,Unknown,1.0,Research,12.4,Job,9.1,6.54,6.72,6.56,7.24,7.59,8.09,7.76,2,3
18.0,Female,MECH,7.61,1.0,91.81,"Literary Society, Cultural Club","SQL, Java",1,Higher Studies,1.0,Software,19.47,Startup,7.04,7.12,7.03,7.98,7.44,7.45,8.22,8.61,2,2
22.0,Male,CIVIL,7.29,0.0,60.77,"Sports Club, Robotics","Data Science, Web Development, Java",0,Unknown,1.0,Hardware,10.34,Research,8.09,6.3,7.21,6.45,7.57,8.02,7.65,7.0,3,2
19.0,Male,EEE,7.0,2.0,62.14,"Coding Club, Entrepreneurship Cell, Literary Society","SQL, Python",1,Higher Studies,0.0,Unknown,0.0,Unknown,7.14,6.95,6.86,7.04,8.02,6.81,6.43,6.72,2,3
21.0,Male,IT,6.84,0.0,67.3,"Cultural Club, Literary Society, Robotics","Data Science, Python, Machine Learning, Web Development, Java",1,Software,0.0,Unknown,0.0,Unknown,9.01,7.14,7.18,7.64,5.46,5.61,6.56,6.1,5,3
20.0,Male,CSE,6.67,1.0,73.13,"Literary Society, Coding Club","Web Development, Machine Learning",1,Software,1.0,Hardware,5.64,Research,7.66,5.56,5.82,7.49,6.83,6.31,7.07,6.59,2,2
22.0,Male,IT,7.2,2.0,87.45,Cultural Club,"Java, Python, Machine Learning, C++",1,Hardware,0.0,Unknown,0.0,Unknown,8.8,6.68,6.36,7.42,6.44,6.47,6.8,8.65,4,1
18.0,Female,IT,7.43,2.0,83.41,"Cultural Club, Sports Club","Machine Learning, Java, Web Development, SQL",0,Unknown,1.0,Research,15.34,Startup,6.89,8.53,6.38,8.44,7.26,8.23,7.22,6.52,4,2
19.0,Male,MECH,6.68,1.0,73.34,Cultural Club,"Data Science, Machine Learning, Web Development",0,Unknown,0.0,Unknown,0.0,Unknown,7.15,6.75,4.97,8.42,6.89,8.83,5.24,5.23,3,1
22.0,Female,ECE,6.87,0.0,65.77,"Literary Society, Entrepreneurship Cell, Cultural Club","C++, Data Science, Machine Learning, Python, Java",1,Higher Studies,1.0,Software,15.9,Higher Studies,7.08,6.54,7.52,6.18,6.47,6.35,7.86,6.99,5,3
21.0,Female,IT,6.56,3.0,89.04,Entrepreneurship Cell,"Python, C++, Java, Machine Learning",0,Unknown,1.0,Software,3.88,Higher Studies,8.08,6.91,6.87,5.46,6.72,6.0,6.54,5.9,4,1
21.0,Male,MECH,7.07,1.0,77.21,Sports Club,"Python, Web Development, Machine Learning, Java, C++",1,Research,1.0,Core Engineering,12.97,Research,8.04,6.19,8.75,5.03,6.45,7.62,8.18,6.32,5,1
22.0,Female,ECE,6.55,1.0,63.36,Entrepreneurship Cell,"SQL, Web Development, Java, Machine Learning",1,Software,1.0,Higher Studies,16.09,Startup,6.61,5.15,6.83,7.19,7.1,6.44,6.85,6.25,4,1
22.0,Female,CSE,7.16,0.0,61.81,"Coding Club, Sports Club","Java, C++",1,Software,0.0,Unknown,0.0,Unknown,6.23,6.78,7.33,6.43,7.14,7.58,7.96,7.79,2,2
22.0,Female,ECE,7.01,0.0,78.0,Sports Club,"SQL, Java, C++, Web Development, Data Science",1,Higher Studies,1.0,Research,8.66,Higher Studies,6.92,8.66,5.36,7.97,6.89,6.71,6.45,7.15,5,1
20.0,Female,IT,7.06,1.0,79.27,"Coding Club, Robotics, Entrepreneurship Cell","Python, SQL, Data Science, C++",1,Consulting,1.0,Research,8.4,Higher Studies,7.0,7.05,6.68,7.55,8.05,7.58,6.79,5.78,4,3
22.0,Male,MECH,7.62,1.0,71.68,"Cultural Club, Robotics, Literary Society","SQL, Machine Learning, Java",1,Research,1.0,Higher Studies,13.11,Job,6.82,8.32,7.56,8.14,9.39,6.88,7.17,6.64,3,3
21.0,Female,CSE,6.11,3.0,89.78,Sports Club,"Java, Web Development, C++",1,Core Engineering,0.0,Unknown,0.0,Unknown,5.47,6.5,6.18,6.6,7.61,5.27,5.03,6.25,3,1
22.0,Male,IT,7.92,3.0,62.14,Sports Club,"Java, Python, Machine Learning, Web Development, C++",0,Unknown,1.0,Hardware,18.94,Startup,7.75,7.39,8.18,6.31,8.0,7.16,8.77,9.79,5,1
22.0,Female,MECH,7.06,0.0,96.63,"Robotics, Entrepreneurship Cell","Web Development, Python, Java, C++",1,Higher Studies,0.0,Unknown,0.0,Unknown,7.44,8.04,7.17,6.7,7.19,6.16,6.62,7.18,4,2
21.0,Female,IT,7.1,0.0,92.29,"Sports Club, Coding Club","C++, Data Science, SQL, Web Development, Python",1,Hardware,1.0,Higher Studies,9.24,Startup,7.23,8.24,8.22,8.02,6.74,5.16,5.14,8.02,5,2
23.0,Female,CIVIL,7.15,0.0,92.66,Cultural Club,"Data Science, Python, Web Development, SQL",0,Unknown,1.0,Software,14.14,Job,7.15,7.49,7.48,6.25,7.92,8.23,6.74,5.97,4,1
21.0,Female,EEE,6.96,1.0,79.94,"Robotics, Sports Club, Coding Club","C++, Python, Machine Learning",0,Unknown,0.0,Unknown,0.0,Unknown,6.55,8.61,7.63,5.65,7.55,6.31,7.14,6.27,3,3
20.0,Female,EEE,7.32,1.0,82.41,"Robotics, Entrepreneurship Cell, Literary Society","Java, C++",1,Software,1.0,Core Engineering,10.3,Job,6.81,7.46,6.83,7.56,7.77,8.61,6.49,6.99,2,3
18.0,Male,CIVIL,6.81,1.0,67.96,Sports Club,"C++, Machine Learning",1,Consulting,0.0,Unknown,0.0,Unknown,4.62,7.75,7.13,7.43,6.29,6.62,6.59,8.02,2,1
19.0,Male,EEE,6.38,2.0,76.86,"Literary Society, Sports Club","Data Science, Java, C++",0,Unknown,1.0,Hardware,3.46,Research,7.86,7.35,5.44,5.57,6.43,5.68,6.76,5.99,3,2
19.0,Male,CSE,7.41,0.0,73.03,"Sports Club, Cultural Club, Entrepreneurship Cell","Machine Learning, Web Development, Data Science, C++, Python",0,Unknown,0.0,Unknown,0.0,Unknown,7.25,8.46,7.43,7.18,5.64,8.39,8.12,6.84,5,3
22.0,Male,ECE,7.31,1.0,96.95,"Literary Society, Coding Club, Robotics","Python, Data Science, Java, C++, SQL",1,Core Engineering,1.0,Core Engineering,13.87,Startup,5.11,5.68,8.38,7.06,8.18,7.18,9.46,7.44,5,3
18.0,Female,MECH,7.08,4.0,68.48,"Sports Club, Entrepreneurship Cell, Cultural Club","Data Science, Machine Learning, Python",0,Unknown,0.0,Unknown,0.0,Unknown,5.41,7.44,6.98,7.55,7.22,8.36,7.13,6.57,3,3
21.0,Female,CIVIL,8.07,0.0,63.35,"Coding Club, Cultural Club, Entrepreneurship Cell","C++, Web Development, Machine Learning, Java, Python",1,Higher Studies,0.0,Unknown,0.0,Unknown,7.59,8.42,8.46,8.34,7.87,9.09,7.44,7.33,5,3
22.0,Female,CSE,7.14,0.0,86.81,"Sports Club, Literary Society","Python, Java, SQL",1,Consulting,0.0,Unknown,0.0,Unknown,5.61,8.62,6.59,8.47,8.19,4.15,7.48,8.0,3,2
18.0,Female,MECH,7.14,0.0,87.29,"Cultural Club, Sports Club","Machine Learning, C++",1,Core Engineering,0.0,Unknown,0.0,Unknown,8.67,6.56,7.15,7.62,7.23,7.26,6.94,5.7,2,2
18.0,Male,CSE,7.08,1.0,91.46,Coding Club,"C++, Data Science, Web Development, Java, SQL",0,Unknown,1.0,Higher Studies,3.31,Startup,7.74,6.39,6.41,8.37,6.92,7.51,7.5,5.8,5,1
19.0,Female,CSE,6.72,3.0,76.73,"Coding Club, Cultural Club, Robotics","C++, Java, Web Development, Python, Data Science",1,Core Engineering,1.0,Higher Studies,12.51,Job,7.61,5.44,5.92,7.34,7.62,7.64,6.21,6.02,5,3
22.0,Male,CSE,7.4,0.0,79.41,Entrepreneurship Cell,"C++, SQL, Web Development, Machine Learning, Data Science",1,Higher Studies,1.0,Software,9.34,Research,7.33,7.51,6.87,7.34,9.12,8.55,6.05,6.4,5,1
19.0,Female,ECE,7.17,1.0,98.74,Cultural Club,"Data Science, Web Development",0,Unknown,1.0,Hardware,16.58,Job,7.61,8.31,5.75,6.5,7.28,6.07,7.64,8.22,2,1
22.0,Female,ECE,6.84,1.0,71.33,Cultural Club,"Web Development, Java, Data Science",0,Unknown,1.0,Research,11.48,Job,6.62,7.39,5.29,7.11,6.06,8.17,6.05,8.0,3,1
19.0,Female,IT,6.94,1.0,93.23,"Literary Society, Sports Club, Robotics","C++, Java, Python, Data Science, Machine Learning",0,Unknown,0.0,Unknown,0.0,Unknown,6.48,6.32,6.57,8.02,7.54,7.85,7.03,5.68,5,3
22.0,Female,CIVIL,6.95,1.0,78.93,"Entrepreneurship Cell, Coding Club, Sports Club","Data Science, Java, Machine Learning, C++",1,Higher Studies,1.0,Research,19.46,Startup,5.77,8.66,7.9,6.79,6.29,6.33,7.07,6.77,4,3
19.0,Male,CIVIL,6.86,1.0,73.54,"Cultural Club, Robotics, Entrepreneurship Cell","Data Science, SQL",1,Core Engineering,1.0,Core Engineering,9.78,Research,6.13,7.67,8.94,6.12,6.26,5.54,7.15,7.08,2,3
22.0,Female,MECH,6.9,0.0,68.67,"Sports Club, Robotics","Data Science, Python, Java, C++",0,Unknown,0.0,Unknown,0.0,Unknown,7.39,7.0,7.83,6.26,6.16,6.32,6.43,7.82,4,2
20.0,Male,IT,7.02,1.0,77.51,Entrepreneurship Cell,"Web Development, Data Science, Python, Java",1,Core Engineering,1.0,Software,8.28,Job,7.5,6.12,7.74,6.36,7.22,6.7,6.78,7.77,4,1
23.0,Female,CIVIL,7.43,2.0,99.04,"Robotics, Sports Club, Entrepreneurship Cell","Java, C++, Python, SQL",0,Unknown,1.0,Research,5.13,Higher Studies,9.41,7.78,6.98,6.74,7.02,7.55,5.82,8.11,4,3
18.0,Male,IT,6.58,3.0,60.53,"Sports Club, Robotics, Coding Club","Java, SQL",0,Unknown,0.0,Unknown,0.0,Unknown,7.94,6.03,7.14,6.58,5.99,6.27,4.95,7.75,2,3
18.0,Female,CIVIL,6.77,1.0,85.79,"Literary Society, Sports Club","Python, Java, Data Science, C++",0,Unknown,0.0,Unknown,0.0,Unknown,6.96,7.13,8.62,6.73,6.35,7.71,4.0,6.68,4,2
23.0,Female,ECE,6.8,3.0,93.37,"Robotics, Sports Club, Literary Society","Web Development, Machine Learning, Data Science",1,Higher Studies,1.0,Core Engineering,3.14,Research,6.74,6.88,6.21,7.18,6.75,7.11,6.84,6.65,3,3
23.0,Male,CSE,6.88,1.0,77.34,"Coding Club, Robotics","Data Science, Web Development, Machine Learning",0,Unknown,0.0,Unknown,0.0,Unknown,8.24,6.54,6.96,7.06,7.85,4.75,6.39,7.21,3,2
22.0,Male,MECH,6.61,1.0,98.13,"Cultural Club, Coding Club","C++, Java, Web Development",0,Unknown,0.0,Unknown,0.0,Unknown,7.15,7.72,8.74,5.94,5.99,7.0,6.04,4.29,3,2
19.0,Female,CIVIL,6.77,1.0,79.06,Literary Society,"Web Development, C++, Python, SQL, Java",1,Higher Studies,1.0,Research,6.84,Job,6.84,6.29,6.0,6.24,7.87,6.37,6.85,7.7,5,1
22.0,Male,EEE,7.54,2.0,97.64,"Entrepreneurship Cell, Coding Club, Cultural Club","SQL, Python",1,Research,1.0,Hardware,5.11,Higher Studies,6.93,6.92,8.97,5.61,7.51,8.49,9.27,6.6,2,3
19.0,Male,MECH,7.24,1.0,67.32,"Literary Society, Sports Club, Cultural Club","SQL, Data Science, Web Development, Java, C++",1,Core Engineering,1.0,Hardware,9.21,Research,7.4,6.75,9.02,7.23,6.55,7.34,6.57,7.09,5,3
19.0,Female,EEE,6.94,0.0,88.94,Literary Society,"Java, SQL, Machine Learning, Web Development",1,Research,1.0,Consulting,12.11,Startup,4.32,7.26,6.95,6.24,9.03,7.96,5.9,7.84,4,1
20.0,Male,MECH,6.96,1.0,76.71,Literary Society,"Data Science, C++, Java",0,Unknown,1.0,Core Engineering,15.52,Higher Studies,7.18,7.37,6.23,7.63,7.58,7.49,5.79,6.41,3,1
20.0,Female,CSE,6.84,1.0,61.3,"Entrepreneurship Cell, Sports Club, Robotics","Python, Machine Learning",1,Hardware,1.0,Research,3.98,Startup,6.16,6.18,7.88,6.78,6.99,7.62,4.1,9.0,2,3
23.0,Female,IT,7.13,2.0,99.85,"Entrepreneurship Cell, Literary Society, Sports Club","SQL, Web Development, Python",0,Unknown,0.0,Unknown,0.0,Unknown,6.35,6.52,6.68,7.42,7.52,6.43,6.98,9.14,3,3
20.0,Female,CSE,7.51,2.0,74.93,"Robotics, Coding Club","Web Development, SQL",0,Unknown,1.0,Higher Studies,11.39,Startup,10.0,6.74,7.51,6.35,7.3,6.76,6.59,8.82,2,2
22.0,Female,ECE,7.31,1.0,96.95,"Literary Society, Coding Club, Robotics","Python, Data Science, Java, C++, SQL",1,Core Engineering,1.0,Core Engineering,13.87,Startup,5.11,5.68,8.38,7.06,8.18,7.18,9.46,7.44,5,3
18.0,Male,IT,7.06,1.0,87.66,"Literary Society, Sports Club, Cultural Club","Java, Machine Learning, C++, Data Science",0,Unknown,1.0,Consulting,3.81,Higher Studies,6.86,6.52,6.26,5.53,8.8,7.17,6.56,8.82,4,3
22.0,Female,MECH,7.02,0.0,74.2,"Entrepreneurship Cell, Coding Club","Machine Learning, Web Development, C++, Python",1,Research,0.0,Unknown,0.0,Unknown,7.34,7.91,6.75,5.8,8.0,6.1,7.26,6.98,4,2
23.0,Female,EEE,6.7,2.0,94.74,Sports Club,"Machine Learning, Data Science",1,Consulting,0.0,Unknown,0.0,Unknown,5.37,6.5,7.35,8.39,5.77,7.79,6.94,5.48,2,1
23.0,Male,CSE,6.51,1.0,80.2,Entrepreneurship Cell,"SQL, Web Development, Data Science, Machine Learning, Java",0,Unknown,0.0,Unknown,0.0,Unknown,7.72,5.23,6.28,6.31,7.41,7.53,7.1,4.52,5,1
19.0,Male,EEE,7.21,2.0,60.58,Literary Society,"Web Development, SQL",1,Higher Studies,1.0,Consulting,4.38,Startup,6.06,4.91,8.32,6.77,7.05,8.0,8.88,7.72,2,1
22.0,Female,IT,7.16,0.0,97.62,"Robotics, Literary Society","Web Development, Machine Learning, Data Science",0,Unknown,1.0,Core Engineering,19.22,Research,9.73,7.09,5.59,6.97,6.04,7.98,7.04,6.86,3,2
21.0,Male,CIVIL,7.22,0.0,91.71,Literary Society,"Python, C++",0,Unknown,0.0,Unknown,0.0,Unknown,6.82,10.0,7.3,6.25,6.57,8.15,7.11,5.56,2,1
20.0,Female,ECE,7.02,0.0,89.66,"Sports Club, Coding Club","Python, SQL, Data Science, C++, Java",1,Core Engineering,1.0,Research,14.79,Job,6.86,7.65,8.4,7.33,6.03,6.1,7.73,6.04,5,2
22.0,Male,IT,6.7,2.0,65.67,Sports Club,"Machine Learning, SQL, Data Science, Web Development, C++",1,Core Engineering,1.0,Research,3.06,Research,6.63,7.23,6.01,5.43,5.94,7.38,6.84,8.11,5,1
22.0,Female,CIVIL,7.11,1.0,69.96,"Sports Club, Cultural Club, Coding Club","C++, Data Science",0,Unknown,0.0,Unknown,0.0,Unknown,8.53,6.22,8.17,8.5,6.18,5.54,7.3,6.45,2,3
22.0,Male,ECE,7.23,1.0,94.12,Coding Club,"C++, Java, Python, SQL",0,Unknown,1.0,Core Engineering,16.7,Higher Studies,7.72,10.0,7.46,7.02,5.9,5.11,8.17,6.45,4,1
20.0,Male,EEE,7.16,0.0,91.52,"Sports Club, Literary Society, Coding Club","Data Science, C++",0,Unknown,0.0,Unknown,0.0,Unknown,7.57,7.4,7.93,7.4,6.69,6.2,6.75,7.31,2,3
18.0,Male,CSE,7.0,2.0,71.03,"Coding Club, Robotics","Data Science, Web Development, SQL, Machine Learning, Python",0,Unknown,0.0,Unknown,0.0,Unknown,5.82,7.2,6.56,8.04,7.13,7.84,6.7,6.73,5,2
22.0,Female,IT,7.03,1.0,61.78,"Coding Club, Robotics","Python, Data Science, Web Development, SQL, C++",0,Unknown,0.0,Unknown,0.0,Unknown,5.94,7.31,7.41,7.35,8.5,6.91,6.97,5.83,5,2
18.0,Female,CIVIL,6.89,0.0,85.37,Sports Club,"Machine Learning, SQL, Data Science, C++, Web Development",1,Higher Studies,1.0,Higher Studies,14.57,Startup,6.34,6.85,6.15,6.18,8.09,8.0,6.56,6.92,5,1
18.0,Female,MECH,7.61,0.0,70.75,"Robotics, Cultural Club, Sports Club","Data Science, Java, Web Development, SQL",1,Hardware,1.0,Higher Studies,6.38,Higher Studies,7.94,7.18,8.25,7.39,8.56,6.56,7.14,7.83,4,3
23.0,Female,CSE,6.88,0.0,63.39,Robotics,"Java, Web Development, SQL, Python, C++",0,Unknown,1.0,Research,10.9,Startup,5.88,6.72,6.63,7.28,6.45,6.4,8.44,7.28,5,1
20.0,Male,EEE,7.12,2.0,64.88,Robotics,"Java, Web Development, SQL, Machine Learning",0,Unknown,1.0,Consulting,9.06,Higher Studies,8.62,7.82,7.29,7.9,6.39,6.68,5.52,6.77,4,1
22.0,Male,CSE,7.15,2.0,78.71,"Robotics, Sports Club","Web Development, Python, Machine Learning",1,Consulting,0.0,Unknown,0.0,Unknown,7.48,6.3,8.4,5.86,6.62,6.79,7.61,8.12,3,2
20.0,Female,IT,7.53,2.0,67.41,"Entrepreneurship Cell, Cultural Club, Robotics","Machine Learning, SQL",1,Higher Studies,1.0,Hardware,19.39,Job,8.52,7.56,8.81,7.08,6.97,8.43,6.84,6.01,2,3
23.0,Female,ECE,6.73,0.0,73.28,"Robotics, Cultural Club","Data Science, C++, Web Development, Machine Learning, SQL",0,Unknown,0.0,Unknown,0.0,Unknown,7.05,7.49,5.71,6.96,7.14,6.47,7.4,5.65,5,2
21.0,Male,MECH,6.61,2.0,78.47,Cultural Club,"Machine Learning, Web Development, C++, SQL, Data Science",0,Unknown,1.0,Consulting,10.05,Startup,5.61,8.45,6.1,6.23,7.64,6.71,7.31,4.84,5,1
22.0,Male,MECH,7.36,0.0,83.22,"Entrepreneurship Cell, Cultural Club, Coding Club","Web Development, Python, Java, C++",1,Software,1.0,Consulting,17.74,Startup,7.45,6.92,4.78,8.39,8.87,8.69,6.38,7.38,4,3
23.0,Male,CIVIL,7.05,1.0,88.84,"Robotics, Literary Society","Machine Learning, Java, SQL",0,Unknown,1.0,Consulting,9.0,Higher Studies,8.87,8.01,6.54,7.78,6.6,5.89,6.1,6.64,3,2
19.0,Female,CSE,6.64,0.0,85.13,"Literary Society, Sports Club, Coding Club","Data Science, C++",0,Unknown,0.0,Unknown,0.0,Unknown,6.61,5.98,5.97,6.63,7.64,7.93,6.5,5.85,2,3
18.0,Female,MECH,6.94,1.0,71.84,"Sports Club, Cultural Club","Web Development, Machine Learning",0,Unknown,1.0,Consulting,14.29,Research,6.15,8.25,7.78,6.96,6.58,4.97,5.93,8.91,2,2
20.0,Female,CSE,6.74,1.0,93.84,"Entrepreneurship Cell, Cultural Club","Machine Learning, Web Development, SQL, Data Science",0,Unknown,0.0,Unknown,0.0,Unknown,8.1,4.99,5.13,6.08,6.1,8.4,6.83,8.25,4,2
23.0,Male,MECH,7.15,1.0,90.59,"Literary Society, Sports Club, Entrepreneurship Cell","SQL, Web Development, Data Science, Machine Learning, Python",1,Research,1.0,Hardware,14.54,Startup,6.64,7.06,7.13,7.3,7.76,6.99,7.35,6.96,5,3
19.0,Female,IT,7.01,3.0,99.22,Literary Society,"Data Science, Web Development, Java, Python, Machine Learning",0,Unknown,1.0,Hardware,13.34,Startup,4.0,6.73,6.48,7.89,6.44,9.54,8.4,6.61,5,1
18.0,Female,MECH,7.13,1.0,82.59,"Sports Club, Cultural Club","SQL, C++, Machine Learning, Python, Java",1,Software,0.0,Unknown,0.0,Unknown,7.44,7.18,7.33,7.31,5.04,8.15,6.89,7.71,5,2
21.0,Male,MECH,6.82,1.0,73.72,"Entrepreneurship Cell, Cultural Club","C++, Data Science, Machine Learning, Web Development, SQL",0,Unknown,0.0,Unknown,0.0,Unknown,5.21,8.08,5.16,7.9,6.63,7.7,5.67,8.17,5,2
21.0,Male,IT,6.6,1.0,91.45,Robotics,"C++, Web Development, Machine Learning",0,Unknown,1.0,Higher Studies,7.25,Higher Studies,6.51,5.52,6.95,5.42,7.39,7.68,6.17,7.16,3,1
19.0,Male,CSE,7.72,0.0,70.44,"Cultural Club, Entrepreneurship Cell","Data Science, Python, SQL, Web Development, Java",0,Unknown,1.0,Software,17.89,Startup,6.33,7.89,7.87,7.34,8.94,8.29,8.07,7.07,5,2
21.0,Female,IT,7.03,1.0,72.15,"Cultural Club, Literary Society","SQL, Java",0,Unknown,1.0,Software,12.19,Higher Studies,7.44,8.94,6.4,7.38,8.3,5.2,7.27,5.32,2,2
19.0,Female,EEE,6.94,0.0,88.94,Literary Society,"Java, SQL, Machine Learning, Web Development",1,Research,1.0,Consulting,12.11,Startup,4.32,7.26,6.95,6.24,9.03,7.96,5.9,7.84,4,1
23.0,Male,CIVIL,7.28,1.0,61.4,"Cultural Club, Robotics, Coding Club","Web Development, Machine Learning, SQL, Python",0,Unknown,1.0,Consulting,9.97,Research,6.18,7.9,8.32,6.91,6.19,6.41,7.36,8.96,4,3
20.0,Female,ECE,6.96,0.0,87.58,"Entrepreneurship Cell, Cultural Club","Java, Data Science",1,Research,1.0,Consulting,9.95,Job,6.02,6.99,6.06,6.59,7.48,7.15,8.06,7.29,2,2
19.0,Female,ECE,7.26,1.0,71.65,"Sports Club, Coding Club","Java, Data Science",0,Unknown,0.0,Unknown,0.0,Unknown,7.12,8.9,6.61,7.69,8.19,5.11,6.36,8.06,2,2
19.0,Male,CIVIL,6.99,0.0,94.96,Cultural Club,"SQL, Data Science",0,Unknown,1.0,Core Engineering,7.24,Higher Studies,6.28,6.77,8.18,7.19,6.47,7.48,5.9,7.68,2,1
21.0,Female,MECH,7.05,3.0,60.09,"Coding Club, Sports Club, Cultural Club","C++, Data Science, Machine Learning, Web Development",0,Unknown,1.0,Core Engineering,19.73,Job,6.33,6.36,6.18,7.84,7.17,7.92,8.03,6.54,4,3
23.0,Male,ECE,6.59,1.0,74.06,"Literary Society, Sports Club","Java, Machine Learning, SQL, Web Development",1,Core Engineering,0.0,Unknown,0.0,Unknown,6.95,5.88,7.3,5.28,7.28,6.72,7.37,5.95,4,2
22.0,Female,EEE,6.7,0.0,66.39,Literary Society,"C++, Web Development, Python",0,Unknown,0.0,Unknown,0.0,Unknown,7.18,7.35,6.28,7.63,7.13,5.42,6.47,6.1,3,1
19.0,Male,EEE,7.06,2.0,65.6,"Coding Club, Cultural Club","SQL, Java, Data Science, Machine Learning, Web Development",0,Unknown,1.0,Core Engineering,8.92,Job,7.62,5.89,6.81,7.8,7.59,5.84,7.37,7.56,5,2
19.0,Male,IT,7.02,1.0,80.6,Literary Society,"Python, Java, Machine Learning, Data Science",0,Unknown,1.0,Core Engineering,14.66,Job,6.85,7.27,7.99,6.73,8.2,5.32,8.6,5.21,4,1
20.0,Female,CIVIL,7.13,1.0,73.39,Literary Society,"Data Science, Machine Learning",0,Unknown,0.0,Unknown,0.0,Unknown,6.3,6.94,6.11,8.2,5.71,7.9,8.47,7.38,2,1
23.0,Male,IT,6.91,1.0,96.08,Coding Club,"SQL, C++",0,Unknown,0.0,Unknown,0.0,Unknown,6.71,5.83,7.34,5.03,7.62,7.02,8.9,6.8,2,1
21.0,Female,EEE,6.96,1.0,77.94,"Cultural Club, Coding Club","C++, Web Development",1,Core Engineering,0.0,Unknown,0.0,Unknown,5.69,9.02,5.45,7.94,6.97,7.22,6.09,7.33,2,2
22.0,Male,EEE,6.41,2.0,86.0,"Sports Club, Robotics, Coding Club","Machine Learning, C++",0,Unknown,1.0,Research,14.11,Research,7.83,6.37,7.86,4.29,6.28,6.08,5.75,6.79,2,3
23.0,Female,ECE,6.34,1.0,68.28,"Literary Society, Robotics, Cultural Club","Java, SQL, Machine Learning, C++",0,Unknown,0.0,Unknown,0.0,Unknown,6.26,5.68,6.39,6.96,6.57,6.31,5.59,6.92,4,3
19.0,Female,IT,7.01,2.0,97.65,"Sports Club, Cultural Club, Coding Club","Java, Machine Learning, Data Science",0,Unknown,1.0,Software,17.44,Startup,6.85,8.03,7.57,6.69,6.84,7.17,4.95,7.95,3,3
20.0,Female,CSE,7.34,2.0,86.72,"Literary Society, Robotics, Entrepreneurship Cell","Machine Learning, Java, Web Development, SQL",0,Unknown,1.0,Software,4.59,Research,7.48,7.87,7.51,6.75,7.86,6.36,7.18,7.75,4,3
20.0,Female,ECE,6.96,0.0,87.58,"Entrepreneurship Cell, Cultural Club","Java, Data Science",1,Research,1.0,Consulting,9.95,Job,6.02,6.99,6.06,6.59,7.48,7.15,8.06,7.29,2,2
19.0,Female,EEE,6.66,4.0,86.28,Coding Club,"Data Science, Web Development, C++",1,Hardware,0.0,Unknown,0.0,Unknown,7.78,5.38,5.79,6.76,7.12,5.99,6.72,7.72,3,1
22.0,Male,MECH,7.05,1.0,78.8,Coding Club,"Machine Learning, Python, Data Science",0,Unknown,0.0,Unknown,0.0,Unknown,7.17,5.62,7.32,7.75,8.52,8.41,6.3,5.33,3,1
20.0,Female,CIVIL,7.16,2.0,99.95,Sports Club,"SQL, Python, Web Development",1,Research,0.0,Unknown,0.0,Unknown,7.43,7.13,6.74,8.18,5.93,7.48,7.34,7.04,3,1
22.0,Female,MECH,6.99,0.0,85.72,Cultural Club,"C++, Web Development, Data Science",0,Unknown,0.0,Unknown,0.0,Unknown,5.82,8.19,6.54,7.2,7.28,6.74,7.59,6.53,3,1
18.0,Male,IT,7.31,1.0,90.39,Entrepreneurship Cell,"SQL, Machine Learning, Web Development",1,Consulting,0.0,Unknown,0.0,Unknown,7.97,8.6,5.52,6.33,7.52,6.11,8.36,8.06,3,1
23.0,Male,CIVIL,7.51,0.0,63.39,Entrepreneurship Cell,"C++, Python",1,Consulting,0.0,Unknown,0.0,Unknown,8.3,8.56,7.03,6.25,7.46,6.32,9.01,7.14,2,1
21.0,Male,CIVIL,6.87,1.0,96.16,"Coding Club, Cultural Club","SQL, Web Development, C++, Python, Data Science",0,Unknown,0.0,Unknown,0.0,Unknown,5.2,7.27,7.13,6.65,6.87,7.14,7.36,7.32,5,2
22.0,Female,EEE,7.78,0.0,95.15,"Literary Society, Sports Club, Cultural Club","Data Science, Machine Learning, Python, Web Development, SQL",0,Unknown,1.0,Higher Studies,16.56,Job,6.98,8.19,9.53,6.47,6.51,8.04,7.68,8.85,5,3
22.0,Female,ECE,6.66,1.0,61.42,Sports Club,"Data Science, Machine Learning, SQL, Python, Java",0,Unknown,0.0,Unknown,0.0,Unknown,7.32,7.17,6.0,6.82,4.82,7.18,8.43,5.53,5,1
22.0,Male,MECH,7.14,3.0,61.68,"Robotics, Entrepreneurship Cell","Web Development, Machine Learning, Python, SQL",1,Consulting,1.0,Hardware,11.01,Startup,7.66,6.85,7.03,6.83,8.08,7.0,7.25,6.43,4,2
22.0,Female,CSE,6.14,0.0,62.93,"Literary Society, Robotics, Entrepreneurship Cell","Java, Python, C++, Machine Learning, Web Development",0,Unknown,1.0,Core Engineering,13.26,Job,5.9,5.56,8.59,6.15,6.01,4.85,6.36,5.68,5,3
19.0,Female,IT,7.01,2.0,97.65,"Sports Club, Cultural Club, Coding Club","Java, Machine Learning, Data Science",0,Unknown,1.0,Software,17.44,Startup,6.85,8.03,7.57,6.69,6.84,7.17,4.95,7.95,3,3
19.0,Male,CIVIL,7.09,1.0,79.11,"Sports Club, Literary Society","C++, SQL, Data Science",0,Unknown,0.0,Unknown,0.0,Unknown,6.32,6.18,7.8,7.45,7.35,6.35,8.29,7.01,3,2
22.0,Male,EEE,7.44,0.0,79.04,"Sports Club, Entrepreneurship Cell, Coding Club","Web Development, Machine Learning, Data Science, SQL, Java",1,Research,1.0,Core Engineering,14.72,Startup,9.17,4.69,8.46,7.9,7.25,7.08,6.84,8.1,5,3
21.0,Female,IT,7.14,0.0,67.17,"Robotics, Cultural Club","Data Science, Machine Learning",0,Unknown,0.0,Unknown,0.0,Unknown,8.23,7.46,7.25,7.81,6.74,6.23,6.4,7.0,2,2
21.0,Female,CIVIL,6.93,1.0,76.28,"Robotics, Entrepreneurship Cell","Machine Learning, Python, Web Development, Data Science, SQL",0,Unknown,0.0,Unknown,0.0,Unknown,7.58,8.2,6.19,7.39,7.73,6.33,6.79,5.25,5,2
22.0,Female,CSE,7.1,2.0,73.83,"Cultural Club, Robotics","Java, C++, Web Development, Machine Learning, Data Science",0,Unknown,1.0,Research,6.09,Higher Studies,6.73,6.02,6.56,7.38,7.76,6.08,7.87,8.36,5,2
21.0,Female,MECH,7.21,1.0,61.24,Entrepreneurship Cell,"C++, SQL, Python, Machine Learning, Web Development",0,Unknown,0.0,Unknown,0.0,Unknown,7.25,7.42,7.45,5.79,8.94,5.38,7.8,7.62,5,1
21.0,Female,IT,7.2,1.0,76.94,Robotics,"SQL, Web Development, Machine Learning, Data Science",1,Software,1.0,Consulting,10.69,Higher Studies,7.09,5.62,6.23,6.94,6.47,8.03,7.53,9.69,4,1
18.0,Female,IT,7.37,1.0,61.25,"Coding Club, Robotics, Sports Club","C++, Machine Learning, Data Science",0,Unknown,1.0,Software,5.03,Research,7.15,8.32,6.64,7.45,6.25,7.19,8.26,7.69,3,3
20.0,Female,ECE,6.48,0.0,82.4,"Literary Society, Sports Club, Coding Club","Data Science, Java, Python, Machine Learning",0,Unknown,1.0,Core Engineering,16.27,Higher Studies,7.13,5.25,7.78,5.6,4.76,6.71,7.14,7.49,4,3
23.0,Male,CIVIL,7.51,0.0,63.39,Entrepreneurship Cell,"C++, Python",1,Consulting,0.0,Unknown,0.0,Unknown,8.3,8.56,7.03,6.25,7.46,6.32,9.01,7.14,2,1
23.0,Female,CIVIL,7.11,1.0,86.15,"Robotics, Coding Club, Literary Society","Machine Learning, Data Science",0,Unknown,1.0,Consulting,8.95,Higher Studies,8.48,6.21,7.67,7.07,6.58,6.74,8.58,5.55,2,3
21.0,Female,CSE,7.49,0.0,94.13,"Coding Club, Entrepreneurship Cell, Cultural Club","SQL, C++, Web Development",0,Unknown,1.0,Software,8.58,Higher Studies,6.64,9.5,7.78,7.08,7.31,7.41,7.44,6.76,3,3
23.0,Male,IT,6.67,0.0,97.72,"Literary Society, Cultural Club, Sports Club","C++, Java, Web Development, SQL, Python",1,Software,1.0,Higher Studies,8.49,Higher Studies,6.74,6.63,8.27,6.71,4.34,7.35,6.6,6.71,5,3
22.0,Male,CIVIL,7.0,0.0,72.98,"Cultural Club, Coding Club, Literary Society","Web Development, C++, Python, SQL, Data Science",1,Hardware,0.0,Unknown,0.0,Unknown,7.86,7.15,7.09,5.95,6.77,7.97,6.22,6.97,5,3
18.0,Female,IT,7.02,1.0,60.53,"Literary Society, Robotics","Python, Web Development, Java, C++, Data Science",0,Unknown,0.0,Unknown,0.0,Unknown,8.06,6.9,6.65,6.73,7.27,5.19,8.33,7.04,5,2
20.0,Male,CIVIL,7.5,1.0,60.72,"Sports Club, Robotics, Literary Society","C++, Machine Learning, Data Science, SQL",0,Unknown,1.0,Research,18.86,Job,7.73,8.44,6.39,7.78,6.29,9.12,6.59,7.64,4,3
18.0,Female,EEE,7.45,2.0,62.54,"Cultural Club, Sports Club, Robotics","Web Development, Java, Machine Learning",1,Hardware,0.0,Unknown,0.0,Unknown,8.54,7.09,8.74,9.05,5.27,7.22,7.09,6.58,3,3
19.0,Female,CIVIL,6.99,0.0,94.96,Cultural Club,"SQL, Data Science",0,Unknown,1.0,Core Engineering,7.24,Higher Studies,6.28,6.77,8.18,7.19,6.47,7.48,5.9,7.68,2,1
21.0,Male,IT,6.69,1.0,61.47,"Robotics, Cultural Club","C++, Machine Learning, Python, Java",1,Hardware,0.0,Unknown,0.0,Unknown,7.61,7.76,6.47,6.42,6.72,4.7,5.48,8.37,4,2
23.0,Female,MECH,6.52,0.0,60.1,"Coding Club, Cultural Club, Entrepreneurship Cell","Java, Python",1,Hardware,1.0,Consulting,4.72,Research,6.47,7.66,6.79,4.98,5.41,7.72,5.36,7.75,2,3
21.0,Female,IT,6.76,0.0,82.13,Entrepreneurship Cell,"Web Development, SQL",0,Unknown,0.0,Unknown,0.0,Unknown,7.55,5.55,8.03,6.67,6.17,6.38,6.77,6.99,2,1
22.0,Female,IT,7.49,1.0,85.02,Cultural Club,"Java, Web Development",1,Higher Studies,1.0,Software,11.42,Research,8.07,6.63,8.43,8.04,9.03,7.41,6.94,5.41,2,1
22.0,Male,IT,7.39,1.0,91.45,"Entrepreneurship Cell, Cultural Club","Machine Learning, Data Science",0,Unknown,0.0,Unknown,0.0,Unknown,6.55,9.01,8.77,5.97,6.29,7.07,8.4,7.06,2,2
22.0,Male,MECH,7.25,1.0,71.29,"Sports Club, Literary Society, Entrepreneurship Cell","Java, C++",0,Unknown,1.0,Research,8.07,Research,7.68,8.1,6.25,8.05,8.44,6.96,6.26,6.28,2,3
21.0,Female,CSE,6.73,3.0,72.44,Sports Club,"C++, Python",0,Unknown,1.0,Core Engineering,4.69,Startup,6.72,6.33,5.75,6.44,5.6,9.09,6.98,6.94,2,1
20.0,Female,MECH,7.48,0.0,91.76,Entrepreneurship Cell,"Java, Data Science",1,Core Engineering,1.0,Core Engineering,19.0,Startup,7.7,6.75,8.51,7.4,6.46,8.07,8.15,6.78,2,1
21.0,Male,MECH,6.85,1.0,92.75,Robotics,"Machine Learning, Web Development, Java, Data Science, Python",1,Research,0.0,Unknown,0.0,Unknown,8.57,7.34,6.22,6.38,6.75,6.41,6.01,7.15,5,1
19.0,Female,EEE,6.95,2.0,90.3,"Entrepreneurship Cell, Cultural Club","SQL, C++, Java, Python",1,Hardware,1.0,Hardware,8.02,Job,5.69,7.85,6.44,6.13,6.8,8.48,6.61,7.58,4,2
20.0,Male,ECE,6.93,1.0,85.35,"Sports Club, Entrepreneurship Cell, Coding Club","Python, SQL",1,Core Engineering,1.0,Core Engineering,7.87,Job,6.5,7.13,7.17,7.2,5.77,8.26,7.13,6.28,2,3
20.0,Female,EEE,6.93,2.0,67.47,Literary Society,"C++, Web Development, Data Science, Machine Learning",0,Unknown,1.0,Software,14.13,Research,6.52,5.69,7.59,7.57,6.38,5.9,8.56,7.25,4,1
20.0,Female,MECH,7.14,2.0,95.54,Cultural Club,"Machine Learning, Web Development, Java, Python",1,Higher Studies,0.0,Unknown,0.0,Unknown,8.4,7.37,7.04,6.66,6.92,8.15,5.86,6.72,4,1
19.0,Male,CSE,6.88,1.0,69.59,Coding Club,"Web Development, Java, Machine Learning, SQL",1,Core Engineering,0.0,Unknown,0.0,Unknown,6.83,8.31,6.91,4.76,6.5,7.99,7.55,6.16,4,1
21.0,Male,CIVIL,6.68,0.0,90.89,Entrepreneurship Cell,"Java, Python, Web Development, Machine Learning",0,Unknown,1.0,Higher Studies,4.28,Higher Studies,7.76,6.02,7.28,7.26,6.18,6.83,5.5,6.65,4,1
18.0,Female,CSE,7.48,1.0,82.02,"Literary Society, Robotics","C++, Machine Learning, SQL",1,Consulting,1.0,Software,7.26,Research,6.69,8.36,5.26,6.95,7.93,7.63,8.02,9.02,3,2
18.0,Female,ECE,6.7,0.0,61.44,"Literary Society, Entrepreneurship Cell, Cultural Club","Web Development, Machine Learning, Java",0,Unknown,0.0,Unknown,0.0,Unknown,6.42,6.78,7.64,6.49,6.88,7.27,6.1,6.03,3,3
19.0,Male,ECE,6.99,1.0,89.39,"Sports Club, Robotics","Web Development, SQL",1,Core Engineering,1.0,Research,7.29,Higher Studies,6.35,7.84,7.93,5.24,7.29,6.49,8.3,6.48,2,2
19.0,Female,CIVIL,6.91,0.0,96.23,"Entrepreneurship Cell, Cultural Club","Machine Learning, Web Development, Data Science, SQL, Java",0,Unknown,1.0,Consulting,17.26,Higher Studies,8.14,7.18,4.97,5.81,6.02,6.75,9.08,7.36,5,2
18.0,Male,CIVIL,7.04,0.0,76.21,Cultural Club,"C++, Web Development, SQL",0,Unknown,1.0,Software,7.58,Research,7.53,8.62,7.02,5.54,6.31,5.22,8.29,7.76,3,1
22.0,Male,CSE,6.77,0.0,68.46,Cultural Club,"C++, Machine Learning",1,Consulting,0.0,Unknown,0.0,Unknown,5.82,8.25,7.3,5.79,8.76,6.87,5.06,6.29,2,1
21.0,Female,MECH,7.14,0.0,75.0,"Coding Club, Entrepreneurship Cell","Python, C++, SQL, Machine Learning, Data Science",0,Unknown,0.0,Unknown,0.0,Unknown,6.81,6.6,6.33,7.75,8.0,6.92,5.9,8.79,5,2
18.0,Male,IT,6.53,0.0,65.37,"Literary Society, Sports Club, Robotics","Python, Data Science, Java",0,Unknown,1.0,Core Engineering,13.96,Job,5.62,6.82,6.84,7.22,6.25,6.07,7.33,6.1,3,3
18.0,Female,EEE,6.94,1.0,78.56,"Literary Society, Sports Club, Robotics","Python, Java, Data Science, Machine Learning",1,Software,0.0,Unknown,0.0,Unknown,4.98,4.17,7.81,7.13,6.77,8.39,7.64,8.62,4,3
21.0,Female,CIVIL,7.22,0.0,91.71,Literary Society,"Python, C++",0,Unknown,0.0,Unknown,0.0,Unknown,6.82,10.0,7.3,6.25,6.57,8.15,7.11,5.56,2,1
20.0,Male,CSE,6.71,1.0,85.04,Entrepreneurship Cell,"Web Development, Java, C++",1,Research,0.0,Unknown,0.0,Unknown,5.59,7.5,5.96,8.28,6.74,7.13,7.41,5.07,3,1
22.0,Male,CIVIL,7.66,1.0,64.73,Coding Club,"Machine Learning, SQL",0,Unknown,1.0,Core Engineering,15.93,Startup,6.46,8.24,6.41,7.08,7.83,7.45,8.35,9.49,2,1
18.0,Female,IT,6.85,1.0,98.73,"Robotics, Literary Society, Entrepreneurship Cell","C++, Data Science, Machine Learning, SQL",0,Unknown,1.0,Core Engineering,10.7,Startup,7.87,5.04,7.31,6.81,7.5,6.71,7.29,6.26,4,3
22.0,Male,EEE,6.08,2.0,94.92,Literary Society,"SQL, Web Development, Python, Machine Learning, Data Science",0,Unknown,1.0,Core Engineering,7.83,Startup,6.89,6.05,4.61,6.85,6.49,5.9,6.99,4.88,5,1
21.0,Male,EEE,6.82,1.0,63.31,"Sports Club, Robotics, Entrepreneurship Cell","Java, Data Science",1,Hardware,1.0,Software,5.14,Research,7.67,8.12,5.89,5.98,7.61,7.64,5.66,6.01,2,3
21.0,Male,CSE,6.74,0.0,92.11,"Coding Club, Sports Club, Cultural Club","SQL, C++",1,Higher Studies,1.0,Consulting,16.75,Startup,5.76,7.33,6.2,7.6,7.12,6.01,6.84,7.07,2,3
19.0,Female,EEE,7.0,2.0,62.14,"Coding Club, Entrepreneurship Cell, Literary Society","SQL, Python",1,Higher Studies,0.0,Unknown,0.0,Unknown,7.14,6.95,6.86,7.04,8.02,6.81,6.43,6.72,2,3
22.0,Male,CIVIL,6.86,0.0,96.83,"Sports Club, Literary Society, Robotics","Machine Learning, SQL, Python, Java, Web Development",1,Hardware,1.0,Hardware,12.89,Job,6.77,8.44,6.11,5.48,7.44,7.62,6.41,6.65,5,3
18.0,Male,CSE,6.47,0.0,89.79,Literary Society,"Web Development, SQL, Data Science, Machine Learning, Java",0,Unknown,1.0,Software,10.01,Higher Studies,5.89,7.57,5.94,6.29,6.82,5.33,7.05,6.89,5,1
21.0,Female,MECH,6.99,1.0,78.31,Literary Society,"Data Science, Python, Java",0,Unknown,1.0,Higher Studies,6.55,Startup,5.94,8.06,7.2,6.72,6.56,7.14,7.41,6.88,3,1
18.0,Female,ECE,7.31,1.0,70.19,Robotics,"SQL, Python, Java, Data Science, Machine Learning",0,Unknown,1.0,Software,16.13,Startup,6.66,8.16,7.65,7.37,7.62,6.43,6.29,8.27,5,1
18.0,Female,MECH,6.99,0.0,82.63,"Literary Society, Robotics, Sports Club","Machine Learning, Web Development, Data Science, Python, Java",1,Research,1.0,Higher Studies,8.32,Job,6.85,7.35,6.01,6.85,6.8,7.18,7.33,7.56,5,3
21.0,Male,EEE,6.5,1.0,99.96,"Literary Society, Entrepreneurship Cell","SQL, Web Development, Python, Machine Learning",1,Higher Studies,0.0,Unknown,0.0,Unknown,7.07,5.47,6.49,7.05,7.0,5.71,5.91,7.29,4,2
18.0,Female,ECE,7.22,1.0,93.88,"Cultural Club, Sports Club, Robotics","Java, Python",0,Unknown,1.0,Higher Studies,10.29,Research,6.18,6.84,7.47,8.91,8.01,4.72,7.24,8.43,2,3
22.0,Male,ECE,7.38,0.0,93.87,"Coding Club, Cultural Club","Web Development, Data Science",1,Consulting,0.0,Unknown,0.0,Unknown,6.6,8.58,7.57,8.74,7.12,7.56,6.76,6.15,2,2
21.0,Female,EEE,7.18,1.0,65.02,"Entrepreneurship Cell, Cultural Club, Robotics","Data Science, Web Development, Machine Learning",0,Unknown,1.0,Consulting,10.11,Startup,5.56,6.56,7.31,6.79,7.2,8.23,6.48,9.34,3,3
21.0,Male,CIVIL,7.18,0.0,72.84,"Literary Society, Entrepreneurship Cell, Sports Club","C++, SQL, Data Science, Java",1,Software,1.0,Core Engineering,10.13,Startup,10.0,5.45,6.86,5.76,6.75,9.48,6.18,6.98,4,3
19.0,Male,CIVIL,6.9,1.0,91.7,"Coding Club, Literary Society, Entrepreneurship Cell","Data Science, Web Development",1,Software,0.0,Unknown,0.0,Unknown,6.57,7.59,5.4,7.46,9.02,5.64,7.19,6.34,2,3
20.0,Male,CIVIL,7.31,1.0,61.79,Literary Society,"Machine Learning, SQL",0,Unknown,1.0,Software,7.56,Startup,8.22,8.03,6.83,6.6,6.98,7.15,6.7,8.0,2,1
21.0,Female,IT,7.02,0.0,81.52,"Robotics, Entrepreneurship Cell","Python, Java, Machine Learning, Data Science",1,Consulting,0.0,Unknown,0.0,Unknown,5.93,6.22,7.69,6.77,8.59,7.5,6.51,6.99,4,2
23.0,Male,IT,6.48,0.0,71.19,"Coding Club, Sports Club, Robotics","Web Development, Python, Java, C++",0,Unknown,1.0,Higher Studies,8.64,Job,5.84,6.69,6.3,5.93,6.63,6.78,7.14,6.5,4,3
19.0,Male,CIVIL,7.38,3.0,89.21,"Literary Society, Coding Club, Entrepreneurship Cell","Data Science, C++",0,Unknown,0.0,Unknown,0.0,Unknown,8.21,8.14,6.21,6.6,6.08,7.33,8.73,7.7,2,3
21.0,Male,MECH,7.21,1.0,61.24,Entrepreneurship Cell,"C++, SQL, Python, Machine Learning, Web Development",0,Unknown,0.0,Unknown,0.0,Unknown,7.25,7.42,7.45,5.79,8.94,5.38,7.8,7.62,5,1
22.0,Female,ECE,6.87,0.0,65.77,"Literary Society, Entrepreneurship Cell, Cultural Club","C++, Data Science, Machine Learning, Python, Java",1,Higher Studies,1.0,Software,15.9,Higher Studies,7.08,6.54,7.52,6.18,6.47,6.35,7.86,6.99,5,3
23.0,Male,IT,7.29,0.0,62.58,"Literary Society, Robotics","Java, Data Science, Web Development, Machine Learning, C++",0,Unknown,1.0,Core Engineering,3.72,Startup,7.39,8.37,6.01,7.58,5.47,8.03,7.42,8.08,5,2
23.0,Female,CIVIL,6.94,2.0,92.0,"Cultural Club, Sports Club, Coding Club","SQL, Data Science, Python, Java",1,Higher Studies,0.0,Unknown,0.0,Unknown,5.48,6.64,7.89,7.58,7.5,7.05,7.01,6.34,4,3
21.0,Female,MECH,6.78,0.0,83.65,"Sports Club, Coding Club, Literary Society","Python, SQL, Web Development",0,Unknown,1.0,Research,6.16,Job,6.19,7.96,7.78,6.71,8.41,6.59,6.64,4.0,3,3
20.0,Male,MECH,7.62,0.0,80.9,"Entrepreneurship Cell, Cultural Club","Java, Web Development",1,Core Engineering,0.0,Unknown,0.0,Unknown,7.84,9.07,6.33,8.68,6.42,8.41,6.45,7.77,2,2
22.0,Male,IT,6.92,1.0,63.74,"Cultural Club, Literary Society, Entrepreneurship Cell","Python, C++, SQL, Web Development",0,Unknown,1.0,Software,11.23,Higher Studies,7.72,6.61,5.41,6.79,7.62,8.81,5.8,6.57,4,3
21.0,Male,CIVIL,7.08,3.0,73.41,"Literary Society, Robotics, Sports Club","Web Development, Python, Java, SQL",0,Unknown,1.0,Hardware,4.14,Research,5.87,7.62,7.63,6.2,7.9,6.37,7.25,7.82,4,3
20.0,Female,ECE,6.48,0.0,82.4,"Literary Society, Sports Club, Coding Club","Data Science, Java, Python, Machine Learning",0,Unknown,1.0,Core Engineering,16.27,Higher Studies,7.13,5.25,7.78,5.6,4.76,6.71,7.14,7.49,4,3
21.0,Male,CIVIL,6.97,1.0,89.22,Coding Club,"Web Development, Machine Learning, SQL, Java",1,Hardware,1.0,Hardware,5.3,Job,6.02,7.0,6.86,8.06,8.51,8.48,4.74,6.06,4,1
23.0,Male,ECE,7.6,1.0,75.16,Robotics,"Data Science, Web Development, C++, Python",0,Unknown,1.0,Research,18.56,Higher Studies,8.99,7.35,8.63,6.5,6.7,7.27,7.15,8.25,4,1
18.0,Male,MECH,7.13,1.0,82.59,"Sports Club, Cultural Club","SQL, C++, Machine Learning, Python, Java",1,Software,0.0,Unknown,0.0,Unknown,7.44,7.18,7.33,7.31,5.04,8.15,6.89,7.71,5,2
22.0,Female,MECH,7.36,0.0,83.22,"Entrepreneurship Cell, Cultural Club, Coding Club","Web Development, Python, Java, C++",1,Software,1.0,Consulting,17.74,Startup,7.45,6.92,4.78,8.39,8.87,8.69,6.38,7.38,4,3
22.0,Female,MECH,6.54,1.0,88.71,"Robotics, Coding Club, Literary Society","SQL, Java, Python, Machine Learning",0,Unknown,0.0,Unknown,0.0,Unknown,6.12,8.42,5.59,5.29,7.37,6.12,8.09,5.32,4,3
19.0,Male,CIVIL,7.09,2.0,70.38,"Entrepreneurship Cell, Literary Society","Java, Data Science, SQL",0,Unknown,0.0,Unknown,0.0,Unknown,7.92,6.52,8.01,5.72,7.41,6.2,7.2,7.77,3,2
22.0,Female,CIVIL,6.86,0.0,96.83,"Sports Club, Literary Society, Robotics","Machine Learning, SQL, Python, Java, Web Development",1,Hardware,1.0,Hardware,12.89,Job,6.77,8.44,6.11,5.48,7.44,7.62,6.41,6.65,5,3
18.0,Male,ECE,7.01,1.0,77.85,"Sports Club, Entrepreneurship Cell, Coding Club","Data Science, Web Development, Machine Learning",0,Unknown,1.0,Software,15.36,Higher Studies,7.15,6.66,6.98,6.89,8.22,5.92,6.24,8.04,3,3
18.0,Female,EEE,6.82,2.0,80.89,"Cultural Club, Sports Club, Literary Society","Python, Data Science, Java",0,Unknown,0.0,Unknown,0.0,Unknown,8.03,7.9,5.97,5.69,6.35,6.86,6.59,7.16,3,3
21.0,Male,EEE,7.02,0.0,84.85,Coding Club,"Machine Learning, C++, Web Development, Python",1,Hardware,0.0,Unknown,0.0,Unknown,6.4,6.24,6.93,8.2,5.68,7.01,7.73,7.93,4,1
20.0,Female,MECH,7.74,3.0,86.8,Cultural Club,"C++, Python, SQL, Web Development",0,Unknown,0.0,Unknown,0.0,Unknown,7.22,8.95,7.69,8.29,7.8,7.93,7.04,7.01,4,1
18.0,Female,EEE,7.24,0.0,88.56,"Sports Club, Literary Society","C++, Python, SQL",1,Consulting,0.0,Unknown,0.0,Unknown,5.39,6.56,8.68,6.51,7.02,6.91,8.57,8.29,3,2
22.0,Female,MECH,7.63,1.0,89.85,"Literary Society, Entrepreneurship Cell, Cultural Club","SQL, Data Science",0,Unknown,0.0,Unknown,0.0,Unknown,9.09,6.57,6.77,7.86,6.91,7.49,8.57,7.76,2,3
20.0,Male,CSE,6.99,1.0,60.53,Robotics,"Machine Learning, Data Science, Python",1,Higher Studies,0.0,Unknown,0.0,Unknown,6.47,6.88,7.22,6.23,7.14,6.97,8.13,6.9,3,1
19.0,Male,MECH,6.35,1.0,98.47,"Sports Club, Literary Society, Coding Club","Data Science, C++, Web Development, Java, SQL",1,Software,1.0,Research,13.79,Higher Studies,5.9,7.73,5.64,6.81,6.86,6.47,5.05,6.37,5,3
22.0,Female,CSE,7.34,0.0,72.14,"Literary Society, Robotics, Coding Club","Machine Learning, Data Science, Python",0,Unknown,0.0,Unknown,0.0,Unknown,7.28,7.99,7.65,9.31,6.88,6.13,6.78,6.68,3,3
20.0,Male,CIVIL,6.73,0.0,60.62,Sports Club,"C++, SQL, Python",1,Higher Studies,0.0,Unknown,0.0,Unknown,5.4,5.68,6.08,8.55,8.0,6.54,7.3,6.32,3,1
21.0,Male,ECE,6.17,0.0,97.57,"Literary Society, Sports Club, Coding Club","Python, SQL, Web Development, Java, Machine Learning",0,Unknown,1.0,Software,6.17,Research,7.64,6.29,6.56,5.52,4.71,5.89,5.43,7.34,5,3
18.0,Male,IT,6.54,2.0,98.06,"Cultural Club, Entrepreneurship Cell","Machine Learning, Data Science",0,Unknown,1.0,Software,9.14,Higher Studies,6.33,6.25,7.4,6.32,6.8,6.48,7.44,5.26,2,2
22.0,Female,CSE,7.07,0.0,87.41,"Literary Society, Entrepreneurship Cell","Web Development, Machine Learning",1,Higher Studies,1.0,Consulting,4.56,Research,5.71,7.23,6.85,6.64,6.17,7.91,8.73,7.3,2,2
20.0,Female,CSE,6.5,2.0,74.98,"Robotics, Literary Society, Coding Club","SQL, Web Development",0,Unknown,0.0,Unknown,0.0,Unknown,6.76,8.87,6.98,6.07,5.71,6.89,5.01,5.7,2,3
18.0,Female,CIVIL,7.08,0.0,96.55,"Sports Club, Coding Club","Java, C++, Python",1,Research,1.0,Consulting,19.2,Startup,5.91,6.17,9.95,8.24,5.65,5.68,7.48,7.55,3,2
23.0,Female,CIVIL,6.96,1.0,79.86,"Cultural Club, Entrepreneurship Cell","Machine Learning, Java",0,Unknown,0.0,Unknown,0.0,Unknown,7.24,8.34,7.01,7.67,6.7,7.82,5.76,5.16,2,2
20.0,Male,CSE,6.9,0.0,81.67,"Entrepreneurship Cell, Robotics, Sports Club","Java, Data Science, Web Development, C++",1,Research,1.0,Higher Studies,9.59,Research,8.32,6.46,6.81,7.1,5.97,7.23,5.28,8.05,4,3
23.0,Female,MECH,6.89,1.0,94.94,"Robotics, Entrepreneurship Cell, Coding Club","Machine Learning, Web Development",0,Unknown,0.0,Unknown,0.0,Unknown,6.05,7.52,6.49,6.82,7.89,6.23,6.74,7.37,2,3
20.0,Male,EEE,6.89,1.0,82.96,Coding Club,"Web Development, Java, SQL, Data Science, C++",0,Unknown,1.0,Consulting,3.46,Research,7.56,7.26,4.73,7.03,7.18,6.84,7.71,6.82,5,1
22.0,Male,MECH,7.66,2.0,62.5,"Sports Club, Robotics, Literary Society","Machine Learning, Java, SQL, Data Science, C++",1,Research,1.0,Hardware,9.53,Job,7.17,7.44,6.43,8.99,7.58,8.3,8.07,7.33,5,3
18.0,Male,MECH,7.15,1.0,65.18,"Entrepreneurship Cell, Robotics, Sports Club","Java, Machine Learning",0,Unknown,1.0,Core Engineering,18.11,Job,7.34,6.62,6.29,6.3,9.36,7.94,6.16,7.16,2,3
19.0,Female,ECE,7.18,0.0,98.92,Literary Society,"Java, C++",1,Research,0.0,Unknown,0.0,Unknown,7.04,8.69,7.04,9.21,5.7,6.97,6.24,6.51,2,1
21.0,Male,IT,7.03,1.0,72.15,"Cultural Club, Literary Society","SQL, Java",0,Unknown,1.0,Software,12.19,Higher Studies,7.44,8.94,6.4,7.38,8.3,5.2,7.27,5.32,2,2
22.0,Female,EEE,7.16,1.0,69.23,"Cultural Club, Coding Club, Entrepreneurship Cell","Data Science, Machine Learning, Web Development, SQL",1,Core Engineering,0.0,Unknown,0.0,Unknown,7.98,6.79,6.95,7.67,5.88,7.38,7.17,7.49,4,3
22.0,Male,CIVIL,6.89,2.0,64.68,"Entrepreneurship Cell, Coding Club, Cultural Club","Web Development, Java, Python, Data Science, Machine Learning",0,Unknown,1.0,Core Engineering,16.6,Job,7.63,4.96,7.17,5.96,7.02,6.65,9.11,6.61,5,3
19.0,Female,MECH,7.11,0.0,95.62,"Sports Club, Robotics, Entrepreneurship Cell","C++, Python, SQL, Java, Web Development",0,Unknown,0.0,Unknown,0.0,Unknown,5.81,6.4,7.7,8.29,6.95,5.96,8.05,7.7,5,3
21.0,Female,MECH,7.05,3.0,60.09,"Coding Club, Sports Club, Cultural Club","C++, Data Science, Machine Learning, Web Development",0,Unknown,1.0,Core Engineering,19.73,Job,6.33,6.36,6.18,7.84,7.17,7.92,8.03,6.54,4,3
22.0,Male,CIVIL,6.16,2.0,60.33,Robotics,"Data Science, Python, Machine Learning",0,Unknown,0.0,Unknown,0.0,Unknown,5.12,7.62,6.36,5.81,6.38,6.82,6.4,4.79,3,1
23.0,Male,ECE,6.8,3.0,93.37,"Robotics, Sports Club, Literary Society","Web Development, Machine Learning, Data Science",1,Higher Studies,1.0,Core Engineering,3.14,Research,6.74,6.88,6.21,7.18,6.75,7.11,6.84,6.65,3,3
19.0,Female,ECE,6.96,1.0,62.45,"Robotics, Sports Club, Coding Club","Java, Machine Learning, Data Science, SQL",0,Unknown,0.0,Unknown,0.0,Unknown,7.06,8.31,6.4,6.95,7.37,6.82,7.95,4.79,4,3
18.0,Male,CSE,6.8,1.0,87.1,"Cultural Club, Coding Club, Sports Club","SQL, Python, Java",0,Unknown,1.0,Higher Studies,9.34,Job,7.5,5.6,7.37,4.9,7.63,7.89,6.41,7.12,3,3
19.0,Female,CIVIL,7.71,0.0,72.0,"Coding Club, Cultural Club, Sports Club","SQL, C++, Data Science",1,Consulting,1.0,Higher Studies,6.64,Higher Studies,7.71,6.92,6.7,8.69,8.78,7.64,7.97,7.24,3,3
18.0,Male,MECH,6.94,1.0,71.84,"Sports Club, Cultural Club","Web Development, Machine Learning",0,Unknown,1.0,Consulting,14.29,Research,6.15,8.25,7.78,6.96,6.58,4.97,5.93,8.91,2,2
19.0,Male,IT,6.63,0.0,76.01,Literary Society,"Python, C++, Data Science",0,Unknown,0.0,Unknown,0.0,Unknown,7.52,5.17,5.44,8.86,6.27,7.2,5.51,7.09,3,1
23.0,Male,CIVIL,6.97,0.0,91.6,Coding Club,"SQL, C++, Web Development",0,Unknown,1.0,Research,13.79,Startup,6.81,7.66,7.33,5.44,8.25,8.71,6.49,5.09,3,1
21.0,Female,IT,6.76,0.0,82.13,Entrepreneurship Cell,"Web Development, SQL",0,Unknown,0.0,Unknown,0.0,Unknown,7.55,5.55,8.03,6.67,6.17,6.38,6.77,6.99,2,1
18.0,Female,IT,7.02,1.0,75.09,"Sports Club, Cultural Club","Data Science, Web Development, C++",0,Unknown,1.0,Consulting,3.04,Research,7.79,6.71,6.63,6.18,6.37,6.73,8.96,6.8,3,2
21.0,Female,MECH,6.99,0.0,70.45,"Literary Society, Robotics","C++, Machine Learning, Python, Java",1,Consulting,0.0,Unknown,0.0,Unknown,8.34,5.24,6.06,7.81,7.18,7.04,8.26,5.99,4,2
20.0,Female,MECH,7.08,0.0,73.64,"Coding Club, Entrepreneurship Cell, Literary Society","Data Science, Python, Machine Learning, Web Development",1,Hardware,1.0,Core Engineering,9.94,Startup,6.57,7.23,6.07,8.29,6.37,8.13,6.77,7.2,4,3
20.0,Male,MECH,7.62,1.0,72.19,"Literary Society, Coding Club","Web Development, C++, Python, Java, Data Science",1,Research,0.0,Unknown,0.0,Unknown,8.87,8.6,9.28,6.3,7.04,7.38,6.34,7.13,5,2
18.0,Female,IT,7.06,1.0,87.66,"Literary Society, Sports Club, Cultural Club","Java, Machine Learning, C++, Data Science",0,Unknown,1.0,Consulting,3.81,Higher Studies,6.86,6.52,6.26,5.53,8.8,7.17,6.56,8.82,4,3
23.0,Male,CSE,7.16,1.0,72.53,Robotics,"Data Science, SQL, C++, Java, Python",0,Unknown,0.0,Unknown,0.0,Unknown,6.94,7.25,6.39,6.49,8.05,8.6,6.3,7.24,5,1
22.0,Male,CIVIL,7.66,1.0,64.73,Coding Club,"Machine Learning, SQL",0,Unknown,1.0,Core Engineering,15.93,Startup,6.46,8.24,6.41,7.08,7.83,7.45,8.35,9.49,2,1
23.0,Female,CSE,6.72,2.0,71.18,"Robotics, Coding Club, Cultural Club","Machine Learning, Python",0,Unknown,1.0,Consulting,6.93,Job,6.57,5.34,7.47,8.27,7.28,6.15,7.04,5.63,2,3
22.0,Female,CSE,7.07,0.0,87.41,"Literary Society, Entrepreneurship Cell","Web Development, Machine Learning",1,Higher Studies,1.0,Consulting,4.56,Research,5.71,7.23,6.85,6.64,6.17,7.91,8.73,7.3,2,2
23.0,Male,ECE,6.59,1.0,74.06,"Literary Society, Sports Club","Java, Machine Learning, SQL, Web Development",1,Core Engineering,0.0,Unknown,0.0,Unknown,6.95,5.88,7.3,5.28,7.28,6.72,7.37,5.95,4,2
19.0,Male,ECE,7.74,0.0,92.89,Sports Club,"Java, C++, Web Development, Python",1,Research,0.0,Unknown,0.0,Unknown,6.16,8.1,6.53,7.68,6.2,9.65,7.7,9.88,4,1
18.0,Male,CIVIL,6.9,2.0,69.61,"Cultural Club, Entrepreneurship Cell","Data Science, Web Development, Machine Learning, Python",1,Consulting,0.0,Unknown,0.0,Unknown,6.66,6.01,7.71,6.57,6.53,6.99,6.18,8.53,4,2
21.0,Female,MECH,7.14,0.0,61.52,Cultural Club,"Java, Python, Web Development",1,Hardware,0.0,Unknown,0.0,Unknown,7.64,6.41,7.19,8.02,6.0,4.68,7.67,9.5,3,1
21.0,Male,CIVIL,6.97,1.0,89.22,Coding Club,"Web Development, Machine Learning, SQL, Java",1,Hardware,1.0,Hardware,5.3,Job,6.02,7.0,6.86,8.06,8.51,8.48,4.74,6.06,4,1
23.0,Female,MECH,7.24,2.0,71.52,"Coding Club, Entrepreneurship Cell, Literary Society","Data Science, SQL, Python, Java, Machine Learning",1,Higher Studies,1.0,Core Engineering,5.04,Job,6.63,7.5,7.52,8.34,6.92,7.31,6.56,7.18,5,3
19.0,Male,CIVIL,7.07,1.0,77.98,"Robotics, Sports Club, Literary Society","C++, Python",0,Unknown,0.0,Unknown,0.0,Unknown,8.48,7.1,6.94,5.44,8.06,6.54,7.03,6.97,2,3
18.0,Male,CIVIL,7.04,5.0,70.1,"Cultural Club, Robotics","SQL, Python, Java, Machine Learning",1,Research,1.0,Hardware,4.94,Research,7.52,7.33,5.48,7.48,7.69,6.66,8.04,6.15,4,2
21.0,Female,MECH,6.61,0.0,87.45,"Literary Society, Sports Club","C++, SQL, Machine Learning",0,Unknown,1.0,Software,6.61,Job,5.26,6.31,6.82,6.89,5.52,8.15,6.9,7.04,3,2
19.0,Female,CIVIL,6.83,1.0,86.84,"Robotics, Sports Club","Python, Data Science",1,Research,1.0,Software,16.69,Research,6.94,8.22,5.05,7.14,5.18,7.76,6.91,7.42,2,2
19.0,Female,ECE,7.56,1.0,70.26,"Cultural Club, Entrepreneurship Cell","Web Development, Data Science, C++, Python, Machine Learning",0,Unknown,0.0,Unknown,0.0,Unknown,7.99,7.93,8.85,7.11,8.85,6.06,6.79,6.88,5,2
23.0,Female,MECH,7.02,0.0,83.29,"Cultural Club, Sports Club","C++, SQL, Data Science",0,Unknown,0.0,Unknown,0.0,Unknown,7.42,6.83,7.4,6.96,7.11,6.06,7.04,7.38,3,2
23.0,Male,MECH,6.93,4.0,83.07,Sports Club,"Web Development, Java, C++",1,Consulting,1.0,Higher Studies,4.14,Startup,7.35,5.44,7.1,6.74,7.68,6.7,6.67,7.73,3,1
19.0,Male,IT,7.3,0.0,87.38,Coding Club,"Machine Learning, Python, Web Development",0,Unknown,0.0,Unknown,0.0,Unknown,7.17,6.82,7.87,8.23,7.34,6.09,7.51,7.38,3,1
21.0,Male,CIVIL,6.84,1.0,64.56,Cultural Club,"Web Development, SQL",1,Hardware,1.0,Hardware,14.49,Research,7.69,6.56,6.15,6.36,7.7,6.37,6.88,7.02,2,1
19.0,Male,CSE,6.68,1.0,91.35,"Cultural Club, Robotics","Machine Learning, Data Science, Java, SQL, Python",1,Consulting,1.0,Core Engineering,7.86,Startup,7.07,6.36,6.0,5.9,8.25,5.48,8.22,6.13,5,2
19.0,Male,MECH,7.38,0.0,72.69,"Cultural Club, Sports Club","SQL, Python, Web Development, Java, C++",0,Unknown,1.0,Core Engineering,7.79,Research,7.22,8.29,6.87,5.68,9.14,6.53,7.16,8.16,5,2
21.0,Female,CIVIL,7.01,1.0,63.18,Sports Club,"Python, C++, Data Science, Java",1,Consulting,1.0,Software,18.99,Job,8.04,6.98,8.02,4.63,7.79,5.88,8.77,5.94,4,1
22.0,Female,ECE,6.79,0.0,96.01,"Literary Society, Cultural Club","Web Development, Java",1,Research,0.0,Unknown,0.0,Unknown,6.96,7.55,5.47,6.45,7.31,6.24,8.1,6.26,2,2
21.0,Female,EEE,7.02,0.0,73.67,"Cultural Club, Literary Society, Coding Club","C++, SQL",1,Core Engineering,0.0,Unknown,0.0,Unknown,7.29,7.5,6.19,6.73,7.31,7.16,6.54,7.42,2,3
19.0,Male,MECH,7.09,0.0,93.14,"Cultural Club, Robotics","Machine Learning, Python, Web Development",0,Unknown,0.0,Unknown,0.0,Unknown,7.23,6.98,6.27,5.95,9.52,5.6,6.93,8.22,3,2
22.0,Male,MECH,6.74,1.0,89.77,"Cultural Club, Entrepreneurship Cell, Literary Society","SQL, Python, Machine Learning, C++",0,Unknown,1.0,Core Engineering,16.01,Startup,6.78,9.52,7.62,6.25,6.23,5.54,5.65,6.34,4,3
23.0,Male,CIVIL,7.51,0.0,63.39,Entrepreneurship Cell,"C++, Python",1,Consulting,0.0,Unknown,0.0,Unknown,8.3,8.56,7.03,6.25,7.46,6.32,9.01,7.14,2,1
23.0,Male,IT,6.98,0.0,99.52,"Robotics, Entrepreneurship Cell, Cultural Club","Data Science, Java, C++, Machine Learning, Web Development",0,Unknown,1.0,Higher Studies,14.29,Research,8.15,5.43,7.41,7.58,4.94,7.8,7.88,6.69,5,3
23.0,Male,IT,7.22,1.0,63.76,"Robotics, Coding Club, Entrepreneurship Cell","C++, Python",0,Unknown,1.0,Research,7.94,Job,7.57,7.46,6.35,7.51,6.57,7.47,6.9,7.97,2,3
21.0,Female,CIVIL,6.87,1.0,96.16,"Coding Club, Cultural Club","SQL, Web Development, C++, Python, Data Science",0,Unknown,0.0,Unknown,0.0,Unknown,5.2,7.27,7.13,6.65,6.87,7.14,7.36,7.32,5,2
22.0,Female,IT,7.92,3.0,62.14,Sports Club,"Java, Python, Machine Learning, Web Development, C++",0,Unknown,1.0,Hardware,18.94,Startup,7.75,7.39,8.18,6.31,8.0,7.16,8.77,9.79,5,1
20.0,Female,MECH,6.62,1.0,63.29,"Sports Club, Robotics","Machine Learning, SQL",1,Consulting,0.0,Unknown,0.0,Unknown,6.55,4.1,6.34,7.3,6.45,6.78,8.5,6.92,2,2
21.0,Male,MECH,7.22,1.0,87.92,"Sports Club, Literary Society, Entrepreneurship Cell","Python, Web Development, SQL, Data Science",0,Unknown,0.0,Unknown,0.0,Unknown,6.08,6.5,6.31,8.39,9.25,6.54,6.83,7.84,4,3
23.0,Female,EEE,7.26,1.0,76.78,"Cultural Club, Sports Club","Python, C++, Java, SQL, Data Science",1,Hardware,1.0,Software,11.25,Startup,5.62,8.7,8.08,5.84,7.47,7.84,7.16,7.33,5,2
20.0,Female,EEE,7.16,1.0,77.43,"Literary Society, Sports Club, Robotics","Python, SQL, Machine Learning, Java, Data Science",1,Hardware,1.0,Software,12.45,Research,7.57,5.84,6.9,8.2,6.13,7.83,6.67,8.16,5,3
18.0,Male,MECH,6.95,2.0,77.59,"Literary Society, Coding Club","Web Development, Machine Learning, Java, SQL, Python",1,Higher Studies,1.0,Core Engineering,10.59,Higher Studies,8.05,6.85,6.6,6.97,6.86,5.45,8.08,6.77,5,2
19.0,Female,EEE,7.06,0.0,92.06,Entrepreneurship Cell,"Machine Learning, Java, Web Development, Python",0,Unknown,0.0,Unknown,0.0,Unknown,9.12,6.77,4.0,8.46,7.5,7.66,6.0,6.96,4,1
23.0,Male,MECH,6.74,0.0,94.48,"Literary Society, Robotics, Cultural Club","C++, Data Science",1,Higher Studies,1.0,Software,10.21,Startup,6.77,6.82,6.52,7.69,6.37,6.64,5.74,7.38,2,3
23.0,Male,CSE,6.55,2.0,86.27,"Coding Club, Robotics, Entrepreneurship Cell","Data Science, Java, Machine Learning, C++",1,Hardware,0.0,Unknown,0.0,Unknown,5.35,6.95,6.84,8.06,4.77,7.24,5.84,7.32,4,3
18.0,Male,IT,6.88,2.0,69.71,Literary Society,"Java, C++, SQL, Python",0,Unknown,1.0,Research,8.5,Higher Studies,6.4,7.68,7.7,5.33,7.44,6.93,7.13,6.39,4,1
19.0,Female,CSE,6.89,1.0,60.43,"Entrepreneurship Cell, Cultural Club, Sports Club","SQL, Web Development, Java",1,Software,0.0,Unknown,0.0,Unknown,6.37,7.84,6.12,7.67,6.21,5.8,5.85,9.26,3,3
19.0,Female,CIVIL,6.91,1.0,72.08,"Cultural Club, Coding Club, Sports Club","C++, Data Science, Web Development",0,Unknown,1.0,Hardware,10.34,Higher Studies,5.75,7.47,7.89,6.14,7.06,7.32,7.1,6.54,3,3
23.0,Female,CSE,7.13,1.0,98.33,Entrepreneurship Cell,"C++, Java, Web Development, Python",1,Higher Studies,1.0,Research,4.55,Research,8.44,5.13,8.52,7.51,6.03,7.02,6.57,7.81,4,1
19.0,Female,IT,7.31,0.0,60.23,Coding Club,"Python, C++, SQL",1,Consulting,0.0,Unknown,0.0,Unknown,7.91,7.52,8.67,6.21,7.98,6.58,7.19,6.44,3,1
20.0,Male,CSE,7.03,0.0,64.16,"Entrepreneurship Cell, Coding Club, Robotics","Data Science, Machine Learning, C++",1,Hardware,1.0,Research,16.6,Research,5.59,6.22,5.89,8.75,7.94,8.27,7.72,5.87,3,3
19.0,Female,EEE,6.52,0.0,79.57,Literary Society,"Python, Java",0,Unknown,1.0,Core Engineering,7.86,Job,5.8,6.07,6.99,5.64,7.95,6.08,7.22,6.42,2,1
20.0,Female,MECH,6.82,0.0,72.53,Coding Club,"Machine Learning, SQL, Python, Web Development, Data Science",1,Research,0.0,Unknown,0.0,Unknown,7.31,5.76,6.72,7.64,5.97,7.56,5.5,8.14,5,1
20.0,Male,MECH,7.63,1.0,72.86,"Cultural Club, Robotics, Coding Club","C++, Machine Learning, Java, Web Development, Python",0,Unknown,1.0,Research,3.33,Research,8.85,7.6,8.62,7.49,8.52,7.37,7.73,4.87,5,3
21.0,Female,CIVIL,6.56,0.0,66.7,Cultural Club,"Java, SQL, Machine Learning, Web Development",0,Unknown,1.0,Core Engineering,5.5,Job,7.34,7.31,6.33,6.82,6.34,6.3,5.27,6.77,4,1
22.0,Female,IT,7.03,1.0,61.78,"Coding Club, Robotics","Python, Data Science, Web Development, SQL, C++",0,Unknown,0.0,Unknown,0.0,Unknown,5.94,7.31,7.41,7.35,8.5,6.91,6.97,5.83,5,2
18.0,Female,EEE,6.5,1.0,90.15,Entrepreneurship Cell,"Data Science, SQL, Web Development, Java",0,Unknown,0.0,Unknown,0.0,Unknown,6.15,6.08,6.64,6.18,7.71,6.25,5.83,7.14,4,1
19.0,Male,IT,7.04,0.0,62.57,Cultural Club,"Java, Data Science, Web Development",0,Unknown,1.0,Software,13.08,Job,7.04,8.05,5.35,7.26,7.76,7.81,5.64,7.42,3,1
18.0,Female,MECH,6.54,0.0,64.33,"Entrepreneurship Cell, Robotics, Cultural Club","C++, SQL",0,Unknown,1.0,Higher Studies,11.65,Job,7.38,6.15,6.67,5.58,7.22,5.62,7.44,6.25,2,3
20.0,Female,CSE,6.35,1.0,84.65,Sports Club,"C++, Java, Machine Learning, Web Development, Data Science",0,Unknown,0.0,Unknown,0.0,Unknown,5.91,7.53,6.88,6.32,5.62,5.53,6.39,6.61,5,1
23.0,Female,ECE,6.6,3.0,93.54,"Cultural Club, Robotics, Entrepreneurship Cell","Machine Learning, C++, Web Development, Java, SQL",0,Unknown,1.0,Core Engineering,15.17,Startup,7.57,6.87,6.03,6.73,6.01,7.06,5.22,7.34,5,3
23.0,Male,ECE,7.33,0.0,62.65,"Sports Club, Cultural Club","Web Development, C++, SQL",1,Higher Studies,1.0,Research,6.67,Research,7.34,9.51,6.68,7.14,7.85,6.43,8.27,5.42,3,2
18.0,Male,ECE,6.67,0.0,67.07,Entrepreneurship Cell,"Data Science, SQL, Web Development, C++",1,Higher Studies,1.0,Core Engineering,7.85,Startup,4.64,7.65,7.35,7.09,6.78,6.19,8.51,5.16,4,1
19.0,Male,ECE,6.99,1.0,89.39,"Sports Club, Robotics","Web Development, SQL",1,Core Engineering,1.0,Research,7.29,Higher Studies,6.35,7.84,7.93,5.24,7.29,6.49,8.3,6.48,2,2
19.0,Female,IT,6.38,1.0,76.74,"Coding Club, Literary Society","C++, Python, Data Science",1,Research,1.0,Hardware,10.79,Startup,5.83,7.02,5.57,7.78,6.15,6.98,5.11,6.61,3,2
23.0,Female,CIVIL,7.0,4.0,83.39,"Cultural Club, Entrepreneurship Cell, Sports Club","C++, Machine Learning, Python, Web Development, Data Science",0,Unknown,0.0,Unknown,0.0,Unknown,6.21,8.06,8.64,6.34,8.37,5.24,7.39,5.77,5,3
23.0,Male,IT,7.11,0.0,98.47,Literary Society,"SQL, Machine Learning",0,Unknown,1.0,Consulting,11.69,Research,7.88,6.27,8.98,7.64,6.79,4.98,5.62,8.7,2,1
20.0,Female,CIVIL,6.7,2.0,85.83,"Coding Club, Sports Club, Cultural Club","Python, Data Science",1,Research,0.0,Unknown,0.0,Unknown,7.03,5.84,6.53,8.03,5.97,6.79,7.29,6.08,2,3
21.0,Male,EEE,7.24,2.0,79.23,"Robotics, Coding Club, Sports Club","Machine Learning, C++, Java, Python, Data Science",1,Research,1.0,Software,10.62,Research,7.41,8.1,5.89,7.64,6.11,8.85,7.37,6.58,5,3
20.0,Male,CSE,6.69,2.0,65.62,Sports Club,"Web Development, SQL, Python, Java",1,Research,1.0,Core Engineering,11.26,Research,6.44,6.79,5.32,6.19,7.96,8.62,5.77,6.41,4,1
22.0,Male,CIVIL,6.36,2.0,94.85,"Cultural Club, Literary Society","Data Science, Python, C++",0,Unknown,0.0,Unknown,0.0,Unknown,6.31,6.32,6.45,6.41,5.72,5.88,6.17,7.59,3,2
19.0,Female,IT,6.79,0.0,95.55,"Cultural Club, Coding Club","Data Science, Java, SQL, Machine Learning",1,Core Engineering,0.0,Unknown,0.0,Unknown,5.45,5.6,6.92,9.25,6.8,6.82,5.56,7.95,4,2
21.0,Female,IT,6.6,1.0,91.45,Robotics,"C++, Web Development, Machine Learning",0,Unknown,1.0,Higher Studies,7.25,Higher Studies,6.51,5.52,6.95,5.42,7.39,7.68,6.17,7.16,3,1
19.0,Female,MECH,6.57,1.0,85.16,Entrepreneurship Cell,"Python, SQL",0,Unknown,1.0,Core Engineering,16.48,Job,5.85,7.0,7.62,5.81,5.89,6.75,6.63,6.98,2,1
19.0,Male,MECH,7.03,1.0,87.44,"Sports Club, Coding Club, Literary Society","Machine Learning, Java, Python, Web Development",0,Unknown,0.0,Unknown,0.0,Unknown,6.68,6.55,7.15,6.52,6.38,6.46,8.72,7.77,4,3
20.0,Male,MECH,7.62,0.0,80.9,"Entrepreneurship Cell, Cultural Club","Java, Web Development",1,Core Engineering,0.0,Unknown,0.0,Unknown,7.84,9.07,6.33,8.68,6.42,8.41,6.45,7.77,2,2
18.0,Male,IT,7.21,1.0,72.13,"Sports Club, Literary Society","Web Development, Machine Learning, Data Science, C++, SQL",0,Unknown,1.0,Core Engineering,7.47,Job,7.08,8.23,6.25,7.23,6.47,7.36,7.5,7.58,5,2
23.0,Male,IT,6.49,0.0,86.2,Robotics,"Data Science, Web Development, Java",1,Consulting,1.0,Hardware,7.82,Higher Studies,5.41,6.34,6.1,7.81,7.12,5.71,7.88,5.57,3,1
18.0,Female,CIVIL,6.73,0.0,91.65,Coding Club,"Machine Learning, Python, Web Development, C++, SQL",1,Software,0.0,Unknown,0.0,Unknown,6.88,6.09,7.64,5.66,8.06,6.93,6.55,6.0,5,1
23.0,Male,EEE,6.84,1.0,89.24,"Coding Club, Sports Club, Literary Society","Machine Learning, Web Development, C++, SQL, Java",0,Unknown,0.0,Unknown,0.0,Unknown,6.18,7.01,8.05,5.7,6.2,6.05,7.33,8.24,5,3
20.0,Male,CIVIL,6.56,1.0,73.45,"Entrepreneurship Cell, Robotics","Java, Data Science, C++, Machine Learning",0,Unknown,0.0,Unknown,0.0,Unknown,6.43,7.67,7.64,6.1,5.86,5.91,6.53,6.31,4,2
21.0,Male,CSE,6.77,1.0,63.96,"Entrepreneurship Cell, Literary Society","Java, SQL",1,Higher Studies,1.0,Consulting,15.89,Research,7.92,5.9,6.25,5.71,7.37,6.68,6.64,7.67,2,2
21.0,Female,CSE,6.53,2.0,85.67,Entrepreneurship Cell,"Web Development, Java",1,Research,0.0,Unknown,0.0,Unknown,6.92,6.54,6.48,6.5,6.01,6.17,6.03,7.57,2,1
20.0,Male,IT,6.9,1.0,85.87,"Sports Club, Coding Club, Entrepreneurship Cell","C++, Web Development, SQL, Data Science, Python",1,Software,1.0,Software,19.2,Research,6.35,6.6,5.93,5.46,8.47,7.8,7.81,6.78,5,3
20.0,Female,CSE,6.84,1.0,61.3,"Entrepreneurship Cell, Sports Club, Robotics","Python, Machine Learning",1,Hardware,1.0,Research,3.98,Startup,6.16,6.18,7.88,6.78,6.99,7.62,4.1,9.0,2,3
21.0,Female,CSE,7.28,0.0,83.53,"Robotics, Coding Club","Python, C++, Web Development",0,Unknown,0.0,Unknown,0.0,Unknown,7.59,7.34,5.3,8.46,8.68,6.25,8.17,6.43,3,2
21.0,Male,MECH,6.85,0.0,69.47,Literary Society,"Machine Learning, C++, SQL",0,Unknown,0.0,Unknown,0.0,Unknown,7.17,6.83,7.13,6.51,5.05,7.78,8.07,6.27,3,1
21.0,Male,CIVIL,6.99,0.0,64.83,Coding Club,"Java, SQL, Machine Learning, C++, Data Science",0,Unknown,0.0,Unknown,0.0,Unknown,7.75,6.71,9.06,6.68,6.55,6.52,6.18,6.44,5,1
20.0,Female,EEE,7.37,1.0,68.19,"Robotics, Coding Club, Cultural Club","Web Development, Machine Learning",1,Core Engineering,1.0,Core Engineering,9.31,Research,5.16,7.29,8.25,8.38,8.86,5.23,8.63,7.18,2,3
19.0,Male,EEE,6.94,0.0,88.94,Literary Society,"Java, SQL, Machine Learning, Web Development",1,Research,1.0,Consulting,12.11,Startup,4.32,7.26,6.95,6.24,9.03,7.96,5.9,7.84,4,1
20.0,Female,CSE,6.35,1.0,84.65,Sports Club,"C++, Java, Machine Learning, Web Development, Data Science",0,Unknown,0.0,Unknown,0.0,Unknown,5.91,7.53,6.88,6.32,5.62,5.53,6.39,6.61,5,1
20.0,Male,MECH,6.47,2.0,85.47,Robotics,"C++, Python, Java, Machine Learning",1,Consulting,1.0,Core Engineering,18.05,Research,5.85,6.54,8.89,7.33,5.99,6.81,5.22,5.14,4,1
21.0,Male,CSE,7.05,2.0,65.26,"Literary Society, Entrepreneurship Cell","C++, Java, Python, Machine Learning, Data Science",1,Research,1.0,Core Engineering,7.46,Higher Studies,8.22,7.05,7.23,6.54,7.86,7.36,6.69,5.42,5,2
23.0,Female,ECE,7.14,0.0,92.01,"Coding Club, Cultural Club","SQL, C++, Java, Web Development, Data Science",1,Hardware,1.0,Software,17.67,Startup,8.26,6.58,5.83,7.32,6.94,6.8,8.22,7.17,5,2
20.0,Male,IT,6.52,0.0,60.28,Robotics,"Web Development, Python, Machine Learning, Java, SQL",0,Unknown,0.0,Unknown,0.0,Unknown,5.96,7.67,6.2,6.05,5.56,6.52,6.92,7.24,5,1
23.0,Female,CSE,7.16,2.0,61.73,"Coding Club, Cultural Club, Robotics","SQL, Data Science, Python, Java, C++",0,Unknown,0.0,Unknown,0.0,Unknown,7.69,6.74,6.56,6.97,7.04,7.89,7.59,6.84,5,3
22.0,Male,CIVIL,7.09,0.0,60.87,Sports Club,"C++, Java, Machine Learning, Data Science",1,Higher Studies,1.0,Core Engineering,4.56,Higher Studies,6.76,5.76,8.46,6.82,8.66,8.11,6.54,5.61,4,1
18.0,Female,MECH,6.94,3.0,93.73,Sports Club,"Data Science, Machine Learning",1,Consulting,0.0,Unknown,0.0,Unknown,7.56,5.46,5.93,6.21,7.54,6.7,8.36,7.8,2,1
20.0,Female,ECE,6.96,0.0,62.68,Robotics,"Data Science, SQL, Machine Learning, Web Development, C++",1,Core Engineering,0.0,Unknown,0.0,Unknown,6.25,7.38,8.12,5.26,7.41,6.72,7.11,7.46,5,1
20.0,Female,EEE,6.96,1.0,93.92,Entrepreneurship Cell,"Data Science, Web Development, C++, Python, SQL",1,Core Engineering,0.0,Unknown,0.0,Unknown,8.53,7.14,6.3,5.8,7.51,7.2,7.7,5.54,5,1
20.0,Female,IT,6.69,1.0,88.78,"Cultural Club, Robotics","Data Science, Machine Learning, SQL",1,Hardware,0.0,Unknown,0.0,Unknown,8.02,8.44,5.95,6.03,6.55,6.24,7.22,5.05,3,2
19.0,Male,ECE,6.99,1.0,89.39,"Sports Club, Robotics","Web Development, SQL",1,Core Engineering,1.0,Research,7.29,Higher Studies,6.35,7.84,7.93,5.24,7.29,6.49,8.3,6.48,2,2
23.0,Female,IT,7.33,0.0,80.04,Robotics,"Data Science, Python",0,Unknown,0.0,Unknown,0.0,Unknown,7.08,7.22,7.63,7.1,9.11,5.79,7.75,6.96,2,1
23.0,Male,IT,7.39,0.0,76.12,"Literary Society, Sports Club, Cultural Club","C++, Java, Machine Learning, Python",0,Unknown,1.0,Software,14.04,Research,6.58,5.87,7.22,7.77,7.68,6.86,9.0,8.14,4,3
21.0,Male,CIVIL,7.08,3.0,73.41,"Literary Society, Robotics, Sports Club","Web Development, Python, Java, SQL",0,Unknown,1.0,Hardware,4.14,Research,5.87,7.62,7.63,6.2,7.9,6.37,7.25,7.82,4,3
22.0,Male,ECE,7.07,0.0,78.76,"Coding Club, Sports Club, Robotics","Web Development, SQL, Python, C++",0,Unknown,1.0,Higher Studies,11.58,Research,7.35,5.76,8.63,7.41,6.74,7.22,7.93,5.53,4,3
18.0,Male,CIVIL,6.99,1.0,71.87,Literary Society,"Web Development, Python, SQL, C++",0,Unknown,1.0,Consulting,14.03,Startup,6.74,6.49,7.3,6.21,7.9,6.86,6.64,7.75,4,1
23.0,Female,IT,6.62,2.0,60.44,"Entrepreneurship Cell, Robotics, Sports Club","Machine Learning, Java",1,Consulting,1.0,Software,5.33,Job,7.02,7.35,6.46,6.22,7.2,6.02,7.41,5.3,2,3
18.0,Female,IT,6.98,0.0,85.61,"Sports Club, Cultural Club, Coding Club","Python, C++, Java, SQL, Web Development",0,Unknown,1.0,Core Engineering,7.61,Job,5.37,8.58,5.56,5.78,5.98,9.08,7.49,7.97,5,3
23.0,Female,IT,7.14,0.0,60.72,"Cultural Club, Sports Club, Literary Society","Java, Data Science",1,Consulting,1.0,Research,11.4,Higher Studies,7.85,8.79,7.57,6.84,6.86,5.07,7.15,6.98,2,3
20.0,Male,CIVIL,7.15,2.0,78.34,"Coding Club, Sports Club, Literary Society","C++, SQL, Python, Web Development",1,Research,1.0,Higher Studies,14.85,Higher Studies,5.85,7.81,7.65,7.11,7.95,8.12,6.62,6.1,4,3
19.0,Female,CIVIL,6.9,1.0,91.7,"Coding Club, Literary Society, Entrepreneurship Cell","Data Science, Web Development",1,Software,0.0,Unknown,0.0,Unknown,6.57,7.59,5.4,7.46,9.02,5.64,7.19,6.34,2,3
20.0,Female,CIVIL,6.73,0.0,60.62,Sports Club,"C++, SQL, Python",1,Higher Studies,0.0,Unknown,0.0,Unknown,5.4,5.68,6.08,8.55,8.0,6.54,7.3,6.32,3,1
18.0,Female,MECH,6.74,0.0,89.46,"Coding Club, Robotics","Web Development, Machine Learning, C++, Data Science, SQL",0,Unknown,0.0,Unknown,0.0,Unknown,6.62,7.55,6.25,5.75,5.11,6.4,8.95,7.27,5,2
23.0,Female,ECE,7.1,3.0,75.79,"Robotics, Literary Society","SQL, C++, Web Development",1,Research,1.0,Higher Studies,18.82,Research,6.71,7.33,4.84,8.34,6.17,8.42,7.39,7.63,3,2
19.0,Male,IT,8.04,0.0,77.97,"Coding Club, Cultural Club","Java, Machine Learning, SQL, Web Development, C++",1,Consulting,0.0,Unknown,0.0,Unknown,8.29,6.58,9.71,8.23,8.17,8.19,8.16,6.98,5,2
20.0,Male,MECH,7.44,1.0,86.88,"Sports Club, Robotics, Cultural Club","C++, Web Development, Java",0,Unknown,0.0,Unknown,0.0,Unknown,8.77,6.37,6.11,6.91,9.05,7.77,6.1,8.46,3,3
22.0,Female,CIVIL,6.85,3.0,97.31,"Coding Club, Literary Society","Web Development, Machine Learning, C++, Data Science",1,Software,1.0,Consulting,7.5,Research,6.93,6.74,6.7,7.53,6.06,5.92,5.88,9.05,4,2
22.0,Female,ECE,7.12,0.0,90.01,Cultural Club,"C++, Python",1,Software,0.0,Unknown,0.0,Unknown,5.87,7.58,9.46,6.89,7.95,6.01,5.31,7.91,2,1
21.0,Male,EEE,7.41,1.0,76.45,Coding Club,"Python, SQL",1,Higher Studies,1.0,Software,14.44,Job,6.44,8.58,5.99,7.07,8.11,8.84,6.31,7.96,2,1
19.0,Male,CIVIL,6.77,1.0,61.59,"Literary Society, Sports Club","Web Development, Machine Learning, Java",1,Software,0.0,Unknown,0.0,Unknown,7.03,5.03,7.65,7.81,6.01,7.42,6.14,7.1,3,2
20.0,Male,CSE,6.79,0.0,83.26,"Literary Society, Coding Club","C++, Machine Learning, Java, Web Development",0,Unknown,0.0,Unknown,0.0,Unknown,7.56,7.14,5.44,7.73,6.65,7.77,5.99,6.07,4,2
23.0,Female,CSE,6.35,1.0,93.56,Coding Club,"Python, Web Development, Machine Learning",0,Unknown,1.0,Hardware,18.83,Higher Studies,6.04,5.18,7.05,5.22,8.24,6.11,5.9,7.03,3,1
19.0,Female,CSE,6.96,2.0,71.74,Robotics,"Machine Learning, SQL, Java",0,Unknown,1.0,Consulting,16.76,Research,7.17,7.39,6.12,7.15,7.06,5.86,7.36,7.56,3,1
22.0,Male,MECH,7.51,0.0,72.31,"Entrepreneurship Cell, Robotics","Web Development, SQL",0,Unknown,0.0,Unknown,0.0,Unknown,6.15,7.09,8.18,9.28,7.66,5.73,8.97,6.98,2,2
22.0,Male,EEE,6.7,0.0,66.39,Literary Society,"C++, Web Development, Python",0,Unknown,0.0,Unknown,0.0,Unknown,7.18,7.35,6.28,7.63,7.13,5.42,6.47,6.1,3,1
23.0,Female,ECE,6.59,1.0,74.06,"Literary Society, Sports Club","Java, Machine Learning, SQL, Web Development",1,Core Engineering,0.0,Unknown,0.0,Unknown,6.95,5.88,7.3,5.28,7.28,6.72,7.37,5.95,4,2
20.0,Female,CSE,6.35,1.0,84.65,Sports Club,"C++, Java, Machine Learning, Web Development, Data Science",0,Unknown,0.0,Unknown,0.0,Unknown,5.91,7.53,6.88,6.32,5.62,5.53,6.39,6.61,5,1
22.0,Female,MECH,6.92,3.0,83.69,Entrepreneurship Cell,"Data Science, SQL",0,Unknown,1.0,Core Engineering,14.92,Job,6.82,5.9,5.52,6.91,6.66,7.0,7.09,9.49,2,1
22.0,Male,MECH,6.56,0.0,60.84,"Sports Club, Entrepreneurship Cell, Cultural Club","Web Development, Java, Data Science, Python, SQL",1,Research,0.0,Unknown,0.0,Unknown,5.56,7.26,7.5,6.74,5.24,7.02,5.71,7.43,5,3
20.0,Female,CIVIL,7.07,0.0,71.08,"Literary Society, Robotics, Entrepreneurship Cell","Web Development, Python, C++",1,Higher Studies,0.0,Unknown,0.0,Unknown,5.56,8.33,7.4,6.92,6.67,6.45,8.26,6.97,3,3
22.0,Female,MECH,7.06,0.0,96.63,"Robotics, Entrepreneurship Cell","Web Development, Python, Java, C++",1,Higher Studies,0.0,Unknown,0.0,Unknown,7.44,8.04,7.17,6.7,7.19,6.16,6.62,7.18,4,2
22.0,Female,IT,6.93,1.0,68.26,"Literary Society, Entrepreneurship Cell, Cultural Club","Web Development, C++, Java",0,Unknown,1.0,Software,19.49,Higher Studies,8.1,6.62,8.26,6.47,5.97,6.54,6.9,6.61,3,3
21.0,Female,ECE,7.3,2.0,95.12,Entrepreneurship Cell,"Data Science, SQL, Java, C++, Python",0,Unknown,1.0,Research,7.58,Startup,7.94,8.24,7.33,7.14,6.03,8.99,5.58,7.12,5,1
20.0,Male,EEE,7.09,0.0,97.12,Robotics,"C++, SQL, Java, Python",1,Higher Studies,0.0,Unknown,0.0,Unknown,6.86,6.24,7.64,7.15,5.91,6.18,8.19,8.54,4,1
18.0,Female,IT,6.82,3.0,90.35,"Sports Club, Entrepreneurship Cell","SQL, Data Science, C++, Python, Java",0,Unknown,1.0,Consulting,4.66,Job,7.3,6.41,7.19,6.86,6.91,7.18,5.69,7.04,5,2
20.0,Female,EEE,6.84,1.0,82.53,"Coding Club, Cultural Club","SQL, Machine Learning, Java, Web Development, Data Science",1,Higher Studies,1.0,Software,10.27,Research,7.78,5.56,5.16,8.61,6.2,7.75,5.91,7.71,5,2
22.0,Female,MECH,6.49,0.0,71.11,Cultural Club,"Web Development, Python, SQL, C++",1,Research,0.0,Unknown,0.0,Unknown,8.16,7.12,6.52,7.78,4.62,5.56,6.51,5.66,4,1
19.0,Female,CIVIL,7.09,1.0,79.11,"Sports Club, Literary Society","C++, SQL, Data Science",0,Unknown,0.0,Unknown,0.0,Unknown,6.32,6.18,7.8,7.45,7.35,6.35,8.29,7.01,3,2
19.0,Female,MECH,6.53,2.0,97.96,Coding Club,"Web Development, SQL, Java",0,Unknown,0.0,Unknown,0.0,Unknown,7.41,7.92,5.07,6.18,6.57,6.19,5.45,7.42,3,1
21.0,Female,MECH,7.05,3.0,60.09,"Coding Club, Sports Club, Cultural Club","C++, Data Science, Machine Learning, Web Development",0,Unknown,1.0,Core Engineering,19.73,Job,6.33,6.36,6.18,7.84,7.17,7.92,8.03,6.54,4,3
20.0,Male,EEE,6.34,1.0,67.05,"Robotics, Literary Society","Python, Data Science, Java, Machine Learning",0,Unknown,1.0,Hardware,13.32,Startup,5.81,5.99,5.06,6.45,8.33,6.88,5.66,6.51,4,2
18.0,Male,CSE,7.15,1.0,75.19,Entrepreneurship Cell,"SQL, Data Science",1,Core Engineering,0.0,Unknown,0.0,Unknown,7.44,8.18,7.16,7.49,7.7,6.12,7.46,5.66,2,1
20.0,Female,CSE,6.54,1.0,70.55,"Robotics, Cultural Club","Machine Learning, Python, Web Development, Java",1,Research,1.0,Research,3.21,Research,7.39,5.82,7.93,5.23,6.42,6.74,6.36,6.43,4,2
21.0,Male,IT,7.62,1.0,95.6,"Coding Club, Literary Society, Sports Club","Data Science, SQL, Python, Machine Learning",1,Consulting,1.0,Research,4.43,Higher Studies,7.07,7.72,7.76,8.46,6.17,7.7,6.97,9.11,4,3
22.0,Male,ECE,7.38,0.0,93.87,"Coding Club, Cultural Club","Web Development, Data Science",1,Consulting,0.0,Unknown,0.0,Unknown,6.6,8.58,7.57,8.74,7.12,7.56,6.76,6.15,2,2
21.0,Male,EEE,7.11,1.0,88.24,"Entrepreneurship Cell, Robotics","Java, Python, C++, Machine Learning",0,Unknown,0.0,Unknown,0.0,Unknown,6.94,6.35,7.27,6.55,6.38,7.83,8.83,6.75,4,2
19.0,Female,IT,7.02,1.0,80.6,Literary Society,"Python, Java, Machine Learning, Data Science",0,Unknown,1.0,Core Engineering,14.66,Job,6.85,7.27,7.99,6.73,8.2,5.32,8.6,5.21,4,1
18.0,Female,EEE,6.82,2.0,80.89,"Cultural Club, Sports Club, Literary Society","Python, Data Science, Java",0,Unknown,0.0,Unknown,0.0,Unknown,8.03,7.9,5.97,5.69,6.35,6.86,6.59,7.16,3,3
20.0,Female,IT,6.69,1.0,88.78,"Cultural Club, Robotics","Data Science, Machine Learning, SQL",1,Hardware,0.0,Unknown,0.0,Unknown,8.02,8.44,5.95,6.03,6.55,6.24,7.22,5.05,3,2
18.0,Male,EEE,7.59,0.0,61.91,"Coding Club, Robotics, Sports Club","C++, Python, Data Science, Web Development, Java",0,Unknown,1.0,Core Engineering,7.19,Research,7.94,7.2,8.67,6.82,7.62,7.8,6.9,7.78,5,3
18.0,Male,CSE,6.82,1.0,67.63,"Literary Society, Robotics, Cultural Club","Python, Machine Learning",0,Unknown,1.0,Higher Studies,3.62,Research,6.2,6.84,7.0,7.16,6.32,7.15,6.22,7.67,2,3
19.0,Female,CSE,7.72,0.0,70.44,"Cultural Club, Entrepreneurship Cell","Data Science, Python, SQL, Web Development, Java",0,Unknown,1.0,Software,17.89,Startup,6.33,7.89,7.87,7.34,8.94,8.29,8.07,7.07,5,2
20.0,Female,CSE,6.68,3.0,94.54,"Robotics, Cultural Club, Sports Club","Web Development, C++",0,Unknown,1.0,Software,6.79,Research,8.39,4.95,7.81,6.28,6.27,6.75,5.58,7.44,2,3
23.0,Male,IT,6.92,0.0,73.01,"Coding Club, Literary Society, Cultural Club","Python, SQL",1,Software,0.0,Unknown,0.0,Unknown,6.27,5.98,5.97,6.25,8.22,7.82,6.75,8.13,2,3
20.0,Male,CIVIL,7.34,2.0,61.05,"Entrepreneurship Cell, Robotics, Cultural Club","Python, Web Development, C++, Machine Learning, SQL",1,Higher Studies,0.0,Unknown,0.0,Unknown,7.34,8.88,7.95,6.42,6.1,7.49,5.68,8.83,5,3
19.0,Male,ECE,7.1,0.0,93.7,"Literary Society, Coding Club","SQL, Web Development, Java, Machine Learning",0,Unknown,0.0,Unknown,0.0,Unknown,7.07,8.14,7.11,6.92,7.14,6.61,7.19,6.6,4,2
18.0,Female,MECH,7.11,1.0,96.22,"Sports Club, Literary Society","SQL, Web Development, Data Science",0,Unknown,0.0,Unknown,0.0,Unknown,6.41,6.93,4.98,7.55,9.35,6.45,7.37,7.85,3,2
18.0,Male,MECH,7.17,1.0,60.05,"Cultural Club, Literary Society","Python, Data Science, Web Development, Java, Machine Learning",1,Core Engineering,1.0,Software,5.04,Higher Studies,7.69,4.85,7.45,6.36,8.65,7.62,7.24,7.49,5,2
19.0,Male,EEE,7.09,1.0,69.07,"Sports Club, Literary Society, Coding Club","SQL, Java",1,Research,1.0,Hardware,12.64,Startup,8.54,5.42,6.86,8.41,7.4,6.51,5.45,8.15,2,3
18.0,Male,IT,7.37,1.0,61.25,"Coding Club, Robotics, Sports Club","C++, Machine Learning, Data Science",0,Unknown,1.0,Software,5.03,Research,7.15,8.32,6.64,7.45,6.25,7.19,8.26,7.69,3,3
19.0,Male,ECE,6.94,3.0,69.49,"Sports Club, Literary Society, Cultural Club","Machine Learning, Data Science, Java, Python",0,Unknown,0.0,Unknown,0.0,Unknown,6.54,6.97,7.27,6.4,8.07,6.79,6.21,7.23,4,3
23.0,Female,IT,7.13,2.0,99.85,"Entrepreneurship Cell, Literary Society, Sports Club","SQL, Web Development, Python",0,Unknown,0.0,Unknown,0.0,Unknown,6.35,6.52,6.68,7.42,7.52,6.43,6.98,9.14,3,3
22.0,Male,ECE,7.2,4.0,90.22,"Cultural Club, Literary Society","Java, Web Development",0,Unknown,1.0,Software,17.96,Higher Studies,8.56,5.96,5.6,7.45,6.97,8.21,6.65,8.21,2,2
22.0,Male,ECE,6.74,1.0,65.95,Robotics,"Data Science, Machine Learning, Python, Web Development",0,Unknown,1.0,Software,16.48,Job,6.97,7.12,6.62,5.68,5.71,7.51,7.76,6.55,4,1
22.0,Female,CSE,7.09,0.0,94.2,"Entrepreneurship Cell, Cultural Club, Sports Club","Data Science, C++, SQL, Python, Java",1,Consulting,1.0,Research,8.89,Job,8.39,7.11,8.32,5.64,6.56,6.71,6.89,7.08,5,3
21.0,Male,EEE,6.61,0.0,73.57,"Sports Club, Literary Society, Coding Club","SQL, Java, Data Science",0,Unknown,0.0,Unknown,0.0,Unknown,8.43,6.42,4.74,5.82,7.22,6.02,6.91,7.34,3,3
18.0,Female,ECE,6.67,1.0,98.74,Robotics,"Web Development, Data Science, Python",0,Unknown,1.0,Higher Studies,18.08,Higher Studies,7.27,6.46,5.61,6.95,6.96,6.74,7.78,5.62,3,1
23.0,Male,CSE,6.36,2.0,65.54,Sports Club,"Java, Machine Learning",1,Research,0.0,Unknown,0.0,Unknown,5.97,8.11,7.04,5.89,5.25,5.47,6.33,6.83,2,1
22.0,Male,IT,6.99,1.0,66.47,"Literary Society, Robotics","Machine Learning, Data Science, SQL, Java",1,Higher Studies,0.0,Unknown,0.0,Unknown,7.26,7.78,5.76,5.68,7.52,7.3,7.25,7.35,4,2
23.0,Female,ECE,6.68,0.0,85.68,Sports Club,"Java, Python, Web Development, C++",0,Unknown,0.0,Unknown,0.0,Unknown,6.8,7.32,6.73,6.39,6.33,7.11,6.11,6.67,4,1
22.0,Male,IT,6.68,0.0,71.23,Entrepreneurship Cell,"Data Science, Python, Web Development, Machine Learning, Java",0,Unknown,1.0,Core Engineering,19.99,Startup,8.03,7.65,6.55,6.78,5.01,6.87,5.73,6.78,5,1
18.0,Female,EEE,6.92,0.0,79.98,"Robotics, Literary Society","SQL, Data Science, Machine Learning",1,Consulting,1.0,Core Engineering,16.0,Job,5.77,6.84,7.93,5.5,7.6,6.7,6.03,9.02,3,2
21.0,Female,EEE,7.02,0.0,73.67,"Cultural Club, Literary Society, Coding Club","C++, SQL",1,Core Engineering,0.0,Unknown,0.0,Unknown,7.29,7.5,6.19,6.73,7.31,7.16,6.54,7.42,2,3
22.0,Female,EEE,7.13,1.0,63.1,"Entrepreneurship Cell, Cultural Club, Literary Society","Machine Learning, Web Development",0,Unknown,0.0,Unknown,0.0,Unknown,7.8,6.8,6.43,7.62,8.34,6.86,6.83,6.35,2,3
19.0,Female,EEE,7.09,2.0,99.17,Cultural Club,"Java, Machine Learning, SQL, Data Science, Python",1,Software,1.0,Software,19.32,Higher Studies,6.83,7.42,6.37,7.23,7.78,6.27,7.78,7.05,5,1
23.0,Female,MECH,6.83,1.0,62.07,Sports Club,"Java, SQL",1,Core Engineering,0.0,Unknown,0.0,Unknown,7.69,5.39,6.53,8.09,7.06,5.92,6.28,7.68,2,1
19.0,Male,MECH,7.09,0.0,93.14,"Cultural Club, Robotics","Machine Learning, Python, Web Development",0,Unknown,0.0,Unknown,0.0,Unknown,7.23,6.98,6.27,5.95,9.52,5.6,6.93,8.22,3,2
23.0,Male,ECE,6.62,4.0,66.61,"Sports Club, Entrepreneurship Cell","Machine Learning, Web Development, Java, SQL, Data Science",0,Unknown,1.0,Research,18.9,Higher Studies,5.43,6.57,6.44,6.77,5.81,6.99,6.67,8.29,5,2
23.0,Male,CIVIL,6.94,2.0,92.0,"Cultural Club, Sports Club, Coding Club","SQL, Data Science, Python, Java",1,Higher Studies,0.0,Unknown,0.0,Unknown,5.48,6.64,7.89,7.58,7.5,7.05,7.01,6.34,4,3
21.0,Female,IT,7.33,2.0,67.73,Entrepreneurship Cell,"Machine Learning, Data Science, C++",1,Consulting,0.0,Unknown,0.0,Unknown,5.43,7.32,7.46,6.93,7.78,8.92,7.14,7.69,3,1
21.0,Female,IT,6.62,1.0,91.07,"Cultural Club, Sports Club","Machine Learning, Java",0,Unknown,0.0,Unknown,0.0,Unknown,7.35,7.12,6.02,6.11,7.36,6.78,6.16,6.08,2,2
22.0,Female,ECE,7.63,2.0,78.97,Coding Club,"Web Development, Machine Learning, Python, Data Science",1,Software,0.0,Unknown,0.0,Unknown,7.54,7.85,9.57,6.38,7.02,7.08,7.7,7.88,4,1
19.0,Female,EEE,6.38,2.0,76.86,"Literary Society, Sports Club","Data Science, Java, C++",0,Unknown,1.0,Hardware,3.46,Research,7.86,7.35,5.44,5.57,6.43,5.68,6.76,5.99,3,2
18.0,Female,IT,7.21,1.0,72.13,"Sports Club, Literary Society","Web Development, Machine Learning, Data Science, C++, SQL",0,Unknown,1.0,Core Engineering,7.47,Job,7.08,8.23,6.25,7.23,6.47,7.36,7.5,7.58,5,2
22.0,Female,CSE,7.22,0.0,60.26,"Literary Society, Robotics","Web Development, Python",1,Hardware,0.0,Unknown,0.0,Unknown,7.69,8.47,5.89,6.96,6.47,5.43,7.35,9.51,2,2
18.0,Male,EEE,6.82,2.0,80.89,"Cultural Club, Sports Club, Literary Society","Python, Data Science, Java",0,Unknown,0.0,Unknown,0.0,Unknown,8.03,7.9,5.97,5.69,6.35,6.86,6.59,7.16,3,3
19.0,Female,ECE,8.04,1.0,66.56,Coding Club,"SQL, Python, Web Development, Java",1,Core Engineering,0.0,Unknown,0.0,Unknown,8.27,7.56,6.66,9.41,7.65,8.98,8.35,7.46,4,1
22.0,Male,CIVIL,7.57,0.0,92.82,Entrepreneurship Cell,"Python, Machine Learning, Java",1,Hardware,0.0,Unknown,0.0,Unknown,5.66,8.25,7.38,8.43,7.54,7.17,8.26,7.85,3,1
20.0,Male,CSE,6.3,2.0,79.84,Entrepreneurship Cell,"Web Development, SQL, Python, Machine Learning, Java",1,Consulting,0.0,Unknown,0.0,Unknown,5.12,7.32,6.22,5.48,8.13,6.96,4.92,6.22,5,1
23.0,Male,CIVIL,7.35,1.0,89.45,"Robotics, Entrepreneurship Cell","Data Science, Web Development, Java, SQL",1,Research,0.0,Unknown,0.0,Unknown,7.23,8.48,7.3,6.37,7.29,6.82,7.5,7.81,4,2
21.0,Male,EEE,6.86,0.0,65.43,Robotics,"C++, Machine Learning, Java, Web Development",0,Unknown,0.0,Unknown,0.0,Unknown,6.55,6.51,7.87,5.32,6.68,6.76,7.58,7.61,4,1
21.0,Female,EEE,6.95,0.0,77.1,"Coding Club, Entrepreneurship Cell","SQL, Machine Learning, Java, Data Science, C++",1,Hardware,0.0,Unknown,0.0,Unknown,8.08,6.79,6.53,6.26,6.94,6.92,7.21,6.87,5,2
19.0,Male,ECE,6.83,1.0,80.5,"Robotics, Coding Club, Cultural Club","Web Development, SQL, Data Science",0,Unknown,0.0,Unknown,0.0,Unknown,9.0,6.69,7.36,7.54,6.0,6.14,5.79,6.11,3,3
22.0,Female,EEE,7.13,1.0,63.1,"Entrepreneurship Cell, Cultural Club, Literary Society","Machine Learning, Web Development",0,Unknown,0.0,Unknown,0.0,Unknown,7.8,6.8,6.43,7.62,8.34,6.86,6.83,6.35,2,3
22.0,Female,MECH,7.45,0.0,96.43,Cultural Club,"Java, Web Development, Python",0,Unknown,0.0,Unknown,0.0,Unknown,7.36,7.52,6.88,8.77,7.5,8.84,6.35,6.37,3,1
19.0,Female,EEE,6.46,0.0,77.92,"Cultural Club, Coding Club","Web Development, Machine Learning, SQL, Data Science",1,Higher Studies,1.0,Research,10.58,Startup,5.55,6.38,8.0,6.45,5.29,6.1,6.71,7.17,4,2
22.0,Female,CIVIL,6.43,0.0,63.39,"Sports Club, Cultural Club, Robotics","SQL, Data Science, Java, Machine Learning, Python",1,Software,0.0,Unknown,0.0,Unknown,6.27,5.34,6.67,6.06,6.35,7.61,6.95,6.17,5,3
19.0,Female,CSE,7.45,3.0,80.73,"Cultural Club, Literary Society","Data Science, Python, Web Development, C++",0,Unknown,0.0,Unknown,0.0,Unknown,7.41,6.45,7.58,8.2,7.45,7.67,6.83,7.99,4,2
18.0,Female,CIVIL,6.66,0.0,86.52,"Literary Society, Cultural Club","C++, Python, Web Development, Machine Learning",1,Consulting,0.0,Unknown,0.0,Unknown,7.51,8.55,5.86,6.61,7.4,5.55,7.52,4.32,4,2
18.0,Female,MECH,6.8,1.0,90.49,"Entrepreneurship Cell, Robotics, Sports Club","Machine Learning, Data Science, C++, Web Development",1,Higher Studies,0.0,Unknown,0.0,Unknown,6.6,7.97,6.37,6.47,6.52,6.8,7.09,6.59,4,3
20.0,Female,MECH,6.86,1.0,79.55,Cultural Club,"Machine Learning, Web Development, Java",0,Unknown,0.0,Unknown,0.0,Unknown,6.57,8.27,7.0,7.76,6.62,7.06,5.4,6.16,3,1
21.0,Female,CIVIL,7.23,1.0,70.11,"Entrepreneurship Cell, Cultural Club, Robotics","Java, Web Development, C++, Python",1,Consulting,0.0,Unknown,0.0,Unknown,7.23,6.78,4.43,6.75,7.21,7.83,8.56,9.04,4,3
21.0,Female,EEE,7.02,0.0,77.13,"Entrepreneurship Cell, Literary Society","Java, Data Science, C++, Web Development, Python",1,Higher Studies,0.0,Unknown,0.0,Unknown,8.66,6.26,6.89,6.51,8.59,6.57,6.27,6.42,5,2
20.0,Female,ECE,7.04,2.0,98.41,"Sports Club, Cultural Club, Coding Club","Data Science, C++, Machine Learning",1,Core Engineering,1.0,Software,3.76,Job,7.49,7.55,7.57,6.44,6.54,7.77,7.13,5.82,3,3
23.0,Male,ECE,6.74,0.0,82.37,"Literary Society, Sports Club, Coding Club","Machine Learning, Web Development, Python, Java, SQL",0,Unknown,0.0,Unknown,0.0,Unknown,7.8,5.82,6.9,7.99,5.78,7.42,6.96,5.25,5,3
20.0,Male,MECH,7.62,1.0,72.19,"Literary Society, Coding Club","Web Development, C++, Python, Java, Data Science",1,Research,0.0,Unknown,0.0,Unknown,8.87,8.6,9.28,6.3,7.04,7.38,6.34,7.13,5,2
22.0,Male,EEE,6.53,0.0,75.72,"Entrepreneurship Cell, Sports Club, Coding Club","C++, Data Science, Java, Machine Learning",0,Unknown,0.0,Unknown,0.0,Unknown,7.45,5.13,5.84,6.72,6.7,5.79,7.39,7.25,4,3
18.0,Male,MECH,7.48,0.0,68.42,"Cultural Club, Entrepreneurship Cell, Literary Society","Machine Learning, C++, Web Development",1,Software,0.0,Unknown,0.0,Unknown,9.14,8.76,6.23,8.46,7.86,6.56,6.39,6.47,3,3
20.0,Female,IT,7.61,2.0,78.01,Robotics,"Java, Web Development, C++, SQL",0,Unknown,1.0,Hardware,6.39,Startup,6.23,8.37,8.97,6.96,8.25,5.94,8.08,8.05,4,1
21.0,Male,IT,6.22,1.0,81.88,Cultural Club,"Web Development, Python, Java",1,Consulting,0.0,Unknown,0.0,Unknown,7.16,6.08,4.6,8.8,5.69,5.04,7.13,5.29,3,1
21.0,Male,MECH,6.61,0.0,87.45,"Literary Society, Sports Club","C++, SQL, Machine Learning",0,Unknown,1.0,Software,6.61,Job,5.26,6.31,6.82,6.89,5.52,8.15,6.9,7.04,3,2
18.0,Female,MECH,6.74,1.0,75.04,"Cultural Club, Sports Club, Robotics","C++, SQL, Java",0,Unknown,0.0,Unknown,0.0,Unknown,7.12,6.03,8.2,6.84,6.97,6.07,6.56,6.12,3,3
20.0,Male,EEE,7.55,0.0,66.09,Robotics,"Web Development, Python, SQL",1,Higher Studies,1.0,Core Engineering,18.29,Higher Studies,7.59,8.99,7.36,7.77,8.26,7.18,5.45,7.79,3,1
22.0,Male,CIVIL,7.51,0.0,98.08,"Entrepreneurship Cell, Literary Society, Robotics","Java, Machine Learning, C++, Python, Data Science",0,Unknown,0.0,Unknown,0.0,Unknown,8.55,9.41,6.53,6.57,6.75,7.6,8.33,6.35,5,3
18.0,Male,IT,6.88,2.0,69.71,Literary Society,"Java, C++, SQL, Python",0,Unknown,1.0,Research,8.5,Higher Studies,6.4,7.68,7.7,5.33,7.44,6.93,7.13,6.39,4,1
22.0,Male,IT,7.92,3.0,62.14,Sports Club,"Java, Python, Machine Learning, Web Development, C++",0,Unknown,1.0,Hardware,18.94,Startup,7.75,7.39,8.18,6.31,8.0,7.16,8.77,9.79,5,1
22.0,Male,MECH,6.94,1.0,89.83,"Coding Club, Robotics, Literary Society","C++, Java, Python, Data Science, Web Development",1,Core Engineering,0.0,Unknown,0.0,Unknown,7.08,6.92,7.52,7.27,7.26,5.98,5.31,8.14,5,3
22.0,Male,CSE,7.07,0.0,87.41,"Literary Society, Entrepreneurship Cell","Web Development, Machine Learning",1,Higher Studies,1.0,Consulting,4.56,Research,5.71,7.23,6.85,6.64,6.17,7.91,8.73,7.3,2,2
23.0,Male,EEE,6.87,1.0,66.94,"Cultural Club, Coding Club","Python, C++, Java, Web Development, SQL",0,Unknown,1.0,Core Engineering,9.46,Startup,4.92,8.72,6.71,7.29,6.95,6.58,6.43,7.33,5,2
18.0,Female,IT,6.94,1.0,71.56,"Entrepreneurship Cell, Sports Club, Cultural Club","Python, Data Science",1,Higher Studies,1.0,Research,5.93,Research,7.0,6.78,7.73,6.63,6.43,7.91,6.58,6.46,2,3
19.0,Female,CIVIL,7.12,1.0,89.12,"Sports Club, Coding Club, Cultural Club","Java, Web Development, C++",0,Unknown,0.0,Unknown,0.0,Unknown,8.86,7.22,6.65,5.39,6.74,6.66,7.96,7.46,3,3
20.0,Male,CIVIL,7.05,0.0,93.92,"Entrepreneurship Cell, Literary Society, Sports Club","Python, Data Science, Machine Learning, SQL, Web Development",1,Research,0.0,Unknown,0.0,Unknown,6.04,7.47,8.48,7.36,6.69,7.0,5.75,7.6,5,3
22.0,Male,EEE,7.24,0.0,79.22,"Cultural Club, Entrepreneurship Cell","SQL, Python",1,Hardware,0.0,Unknown,0.0,Unknown,6.83,6.31,9.47,6.5,8.02,5.91,7.37,7.48,2,2
19.0,Male,CSE,6.79,1.0,95.93,"Coding Club, Cultural Club","Machine Learning, Web Development",1,Software,1.0,Higher Studies,17.1,Research,6.57,6.46,7.09,7.55,7.12,7.71,5.03,6.78,2,2
19.0,Female,ECE,7.74,0.0,92.89,Sports Club,"Java, C++, Web Development, Python",1,Research,0.0,Unknown,0.0,Unknown,6.16,8.1,6.53,7.68,6.2,9.65,7.7,9.88,4,1
19.0,Male,IT,6.79,0.0,95.55,"Cultural Club, Coding Club","Data Science, Java, SQL, Machine Learning",1,Core Engineering,0.0,Unknown,0.0,Unknown,5.45,5.6,6.92,9.25,6.8,6.82,5.56,7.95,4,2
20.0,Female,MECH,7.46,0.0,76.28,"Coding Club, Literary Society","Java, Machine Learning",0,Unknown,1.0,Software,14.52,Higher Studies,8.25,6.2,8.29,6.75,7.76,7.09,9.23,6.11,2,2
22.0,Male,EEE,7.21,0.0,76.65,"Robotics, Entrepreneurship Cell","Data Science, SQL, Java, Machine Learning",1,Hardware,1.0,Consulting,11.18,Job,6.87,7.99,6.49,5.83,8.21,6.68,7.88,7.76,4,2
23.0,Female,CSE,7.33,2.0,91.85,Literary Society,"C++, SQL, Web Development, Java",1,Consulting,0.0,Unknown,0.0,Unknown,8.31,7.86,6.03,7.36,8.96,5.18,6.81,8.16,4,1
21.0,Female,CSE,6.11,3.0,89.78,Sports Club,"Java, Web Development, C++",1,Core Engineering,0.0,Unknown,0.0,Unknown,5.47,6.5,6.18,6.6,7.61,5.27,5.03,6.25,3,1
21.0,Male,EEE,6.96,1.0,79.94,"Robotics, Sports Club, Coding Club","C++, Python, Machine Learning",0,Unknown,0.0,Unknown,0.0,Unknown,6.55,8.61,7.63,5.65,7.55,6.31,7.14,6.27,3,3
23.0,Female,MECH,6.79,1.0,93.35,"Sports Club, Coding Club, Literary Society","SQL, Java, Data Science, Web Development",1,Higher Studies,1.0,Core Engineering,16.85,Startup,6.87,6.29,7.27,6.09,7.18,7.49,6.78,6.37,4,3
19.0,Male,IT,7.69,2.0,92.45,"Cultural Club, Robotics, Entrepreneurship Cell","Java, Web Development, C++, SQL, Data Science",1,Software,0.0,Unknown,0.0,Unknown,7.0,7.76,8.93,7.41,7.57,7.15,8.17,7.53,5,3
23.0,Female,CIVIL,7.25,0.0,96.35,"Entrepreneurship Cell, Literary Society","SQL, Machine Learning, Data Science, Java",0,Unknown,0.0,Unknown,0.0,Unknown,7.36,7.55,6.75,6.36,7.07,5.91,8.1,8.87,4,2
18.0,Male,EEE,6.92,0.0,75.32,"Literary Society, Sports Club","Web Development, Data Science, SQL",1,Consulting,0.0,Unknown,0.0,Unknown,5.12,5.48,6.98,7.29,7.48,6.7,9.53,6.77,3,2
22.0,Male,CSE,7.09,0.0,94.2,"Entrepreneurship Cell, Cultural Club, Sports Club","Data Science, C++, SQL, Python, Java",1,Consulting,1.0,Research,8.89,Job,8.39,7.11,8.32,5.64,6.56,6.71,6.89,7.08,5,3
20.0,Male,IT,6.52,0.0,60.28,Robotics,"Web Development, Python, Machine Learning, Java, SQL",0,Unknown,0.0,Unknown,0.0,Unknown,5.96,7.67,6.2,6.05,5.56,6.52,6.92,7.24,5,1
